rocket_launches,x_elevator_mt,x_rocket_mt,time_year,cost_trillion_usd,emission_billion_tco2
0,100.0,0.0,186.21973929236498,10.0,0.40800000000000003
80,99.99,0.010000000000005116,186.20111731843573,10.01324,0.4080592
160,99.98,0.01999999999999602,186.18249534450652,10.026480000000001,0.40811840000000005
240,99.97,0.030000000000001137,186.16387337057728,10.039719999999999,0.40817760000000003
320,99.96,0.04000000000000625,186.14525139664804,10.05296,0.4082368
400,99.95,0.04999999999999716,186.1266294227188,10.0662,0.40829600000000005
480,99.94,0.060000000000002274,186.10800744878955,10.07944,0.40835520000000003
560,99.93,0.06999999999999318,186.08938547486034,10.092680000000001,0.4084144
640,99.92,0.0799999999999983,186.0707635009311,10.105920000000001,0.40847360000000005
720,99.91,0.09000000000000341,186.05214152700185,10.119159999999999,0.40853280000000003
800,99.9,0.09999999999999432,186.03351955307264,10.132400000000002,0.40859200000000007
880,99.89,0.10999999999999943,186.01489757914337,10.14564,0.40865120000000005
960,99.88,0.12000000000000455,185.99627560521412,10.15888,0.4087104
1040,99.87,0.12999999999999545,185.9776536312849,10.172120000000001,0.40876960000000007
1120,99.86,0.14000000000000057,185.95903165735567,10.185360000000001,0.40882880000000005
1200,99.85,0.15000000000000568,185.94040968342642,10.198599999999999,0.40888800000000003
1280,99.84,0.1599999999999966,185.9217877094972,10.211840000000002,0.4089472
1360,99.83,0.1700000000000017,185.90316573556797,10.22508,0.4090064
1440,99.82,0.18000000000000682,185.8845437616387,10.23832,0.40906560000000003
1520,99.81,0.18999999999999773,185.86592178770948,10.251560000000001,0.40912480000000007
1600,99.8,0.20000000000000284,185.84729981378024,10.264800000000001,0.409184
1680,99.79,0.20999999999999375,185.82867783985103,10.27804,0.40924320000000003
1760,99.78,0.21999999999999886,185.81005586592178,10.291280000000002,0.4093024
1840,99.77,0.23000000000000398,185.79143389199254,10.30452,0.40936160000000005
1920,99.76,0.23999999999999488,185.77281191806333,10.317760000000002,0.4094208000000001
2000,99.75,0.25,185.75418994413405,10.331000000000001,0.40948
2080,99.74,0.2600000000000051,185.7355679702048,10.344240000000001,0.4095392
2160,99.73,0.269999999999996,185.7169459962756,10.35748,0.40959840000000003
2240,99.72,0.28000000000000114,185.69832402234636,10.370720000000002,0.40965760000000007
2320,99.71,0.29000000000000625,185.6797020484171,10.38396,0.4097168
2400,99.7,0.29999999999999716,185.6610800744879,10.3972,0.40977600000000003
2480,99.69,0.3100000000000023,185.64245810055866,10.410440000000001,0.4098352
2560,99.68,0.3199999999999932,185.6238361266294,10.423680000000001,0.40989440000000005
2640,99.67,0.3299999999999983,185.60521415270017,10.43692,0.4099536000000001
2720,99.66,0.3400000000000034,185.58659217877093,10.45016,0.4100128
2800,99.65,0.3499999999999943,185.5679702048417,10.463400000000002,0.41007200000000005
2880,99.64,0.35999999999999943,185.54934823091247,10.47664,0.41013120000000003
2960,99.63,0.37000000000000455,185.53072625698323,10.489880000000001,0.4101904
3040,99.62,0.37999999999999545,185.51210428305401,10.503120000000001,0.41024960000000005
3120,99.61,0.39000000000000057,185.49348230912474,10.51636,0.41030880000000003
3200,99.6,0.4000000000000057,185.4748603351955,10.5296,0.410368
3280,99.59,0.4099999999999966,185.4562383612663,10.542840000000002,0.41042720000000005
3360,99.58,0.4200000000000017,185.43761638733704,10.55608,0.41048640000000003
3440,99.57,0.4300000000000068,185.4189944134078,10.569320000000001,0.4105456
3520,99.56,0.4399999999999977,185.4003724394786,10.58256,0.41060480000000005
3600,99.55,0.45000000000000284,185.38175046554935,10.5958,0.41066400000000003
3680,99.54,0.45999999999999375,185.3631284916201,10.60904,0.41072320000000007
3760,99.53,0.46999999999999886,185.34450651769086,10.622280000000002,0.4107824
3840,99.52,0.480000000000004,185.32588454376162,10.63552,0.41084160000000003
3920,99.51,0.4899999999999949,185.3072625698324,10.648760000000001,0.41090080000000007
4000,99.5,0.5,185.28864059590316,10.662,0.41096000000000005
4080,99.49,0.5100000000000051,185.27001862197392,10.67524,0.41101920000000003
4160,99.48,0.519999999999996,185.25139664804468,10.68848,0.4110784
4240,99.47,0.5300000000000011,185.23277467411543,10.701720000000002,0.41113760000000005
4320,99.46,0.5400000000000063,185.2141527001862,10.71496,0.41119680000000003
4400,99.45,0.5499999999999972,185.19553072625698,10.728200000000001,0.41125600000000007
4480,99.44,0.5600000000000023,185.17690875232773,10.74144,0.4113152
4560,99.43,0.5699999999999932,185.15828677839852,10.75468,0.41137440000000003
4640,99.42,0.5799999999999983,185.13966480446928,10.76792,0.41143360000000007
4720,99.41,0.5900000000000034,185.12104283054,10.78116,0.41149280000000005
4800,99.4,0.5999999999999943,185.1024208566108,10.794400000000001,0.4115520000000001
4880,99.39,0.6099999999999994,185.08379888268155,10.80764,0.4116112
4960,99.38,0.6200000000000045,185.0651769087523,10.82088,0.4116704
5040,99.37,0.6299999999999955,185.0465549348231,10.83412,0.4117296000000001
5120,99.36,0.6400000000000006,185.02793296089385,10.84736,0.41178880000000007
5200,99.35,0.6500000000000057,185.0093109869646,10.8606,0.411848
5280,99.34,0.6599999999999966,184.99068901303536,10.873840000000001,0.41190720000000003
5360,99.33,0.6700000000000017,184.97206703910612,10.88708,0.4119664
5440,99.32,0.6800000000000068,184.95344506517688,10.90032,0.4120256
5520,99.31,0.6899999999999977,184.93482309124767,10.91356,0.41208480000000003
5600,99.3,0.7000000000000028,184.91620111731842,10.9268,0.412144
5680,99.29,0.7099999999999937,184.8975791433892,10.940040000000002,0.41220320000000005
5760,99.28,0.7199999999999989,184.87895716945997,10.953280000000001,0.41226240000000003
5840,99.27,0.730000000000004,184.8603351955307,10.96652,0.41232160000000007
5920,99.26,0.7399999999999949,184.84171322160148,10.979760000000002,0.41238080000000005
6000,99.25,0.75,184.82309124767224,10.993,0.41244000000000003
6080,99.24,0.7600000000000051,184.804469273743,11.00624,0.4124992
6160,99.23,0.769999999999996,184.78584729981378,11.019480000000001,0.41255840000000005
6240,99.22,0.7800000000000011,184.76722532588454,11.032720000000001,0.4126176
6320,99.21,0.7900000000000063,184.7486033519553,11.04596,0.4126768
6400,99.2,0.7999999999999972,184.72998137802605,11.059200000000002,0.41273600000000005
6480,99.19,0.8100000000000023,184.7113594040968,11.07244,0.41279520000000003
6560,99.18,0.8199999999999932,184.6927374301676,11.08568,0.41285440000000007
6640,99.17,0.8299999999999983,184.67411545623835,11.098920000000001,0.4129136
6720,99.16,0.8400000000000034,184.6554934823091,11.11216,0.41297280000000003
6800,99.15,0.8499999999999943,184.6368715083799,11.1254,0.41303200000000007
6880,99.14,0.8599999999999994,184.61824953445065,11.138640000000002,0.41309120000000005
6960,99.13,0.8700000000000045,184.59962756052138,11.15188,0.4131504
7040,99.12,0.8799999999999955,184.58100558659217,11.165120000000002,0.4132096
7120,99.11,0.8900000000000006,184.56238361266293,11.178360000000001,0.41326880000000005
7200,99.1,0.9000000000000057,184.54376163873368,11.1916,0.41332800000000003
7280,99.09,0.9099999999999966,184.52513966480447,11.20484,0.41338720000000007
7360,99.08,0.9200000000000017,184.50651769087523,11.21808,0.4134464
7440,99.07,0.9300000000000068,184.48789571694599,11.23132,0.4135056
7520,99.06,0.9399999999999977,184.46927374301674,11.24456,0.41356480000000007
7600,99.05,0.9500000000000028,184.4506517690875,11.257800000000001,0.41362400000000005
7680,99.04,0.9599999999999937,184.4320297951583,11.271040000000001,0.41368320000000003
7760,99.03,0.9699999999999989,184.41340782122904,11.28428,0.4137424
7840,99.02,0.980000000000004,184.3947858472998,11.29752,0.4138016
7920,99.01,0.9899999999999949,184.3761638733706,11.310760000000002,0.4138608000000001
8000,99.0,1.0,184.35754189944132,11.324,0.41392000000000007
8080,98.99,1.0100000000000051,184.33891992551207,11.337240000000001,0.4139792
8160,98.98,1.019999999999996,184.32029795158286,11.350480000000001,0.41403840000000003
8240,98.97,1.0300000000000011,184.30167597765362,11.36372,0.4140976
8320,98.96,1.0400000000000063,184.28305400372437,11.37696,0.41415680000000005
8400,98.95,1.0499999999999972,184.26443202979516,11.390200000000002,0.41421600000000003
8480,98.94,1.0600000000000023,184.24581005586592,11.40344,0.4142752
8560,98.93,1.0699999999999932,184.22718808193667,11.416680000000001,0.41433440000000005
8640,98.92,1.0799999999999983,184.20856610800743,11.429920000000001,0.41439360000000003
8720,98.91,1.0900000000000034,184.1899441340782,11.44316,0.4144528
8800,98.9,1.0999999999999943,184.17132216014897,11.4564,0.41451200000000005
8880,98.89,1.1099999999999994,184.15270018621973,11.469640000000002,0.41457120000000003
8960,98.88,1.1200000000000045,184.1340782122905,11.48288,0.4146304
9040,98.87,1.1299999999999955,184.11545623836128,11.496120000000001,0.41468960000000005
9120,98.86,1.1400000000000006,184.096834264432,11.509360000000001,0.41474880000000003
9200,98.85,1.1500000000000057,184.07821229050276,11.5226,0.414808
9280,98.84,1.1599999999999966,184.05959031657355,11.53584,0.41486720000000005
9360,98.83,1.1700000000000017,184.0409683426443,11.54908,0.41492640000000003
9440,98.82,1.1800000000000068,184.02234636871506,11.56232,0.41498559999999995
9520,98.81,1.1899999999999977,184.00372439478585,11.57556,0.41504480000000005
9600,98.8,1.2000000000000028,183.9851024208566,11.5888,0.41510400000000003
9680,98.79,1.2099999999999937,183.96648044692736,11.60204,0.41516320000000007
9760,98.78,1.2199999999999989,183.94785847299812,11.61528,0.41522240000000005
9840,98.77,1.230000000000004,183.92923649906888,11.62852,0.4152816
9920,98.76,1.2399999999999949,183.91061452513966,11.641760000000001,0.41534080000000007
10000,98.75,1.25,183.89199255121042,11.655,0.41540000000000005
10080,98.74,1.2600000000000051,183.87337057728118,11.66824,0.41545920000000003
10160,98.73,1.269999999999996,183.85474860335196,11.68148,0.4155184
10240,98.72,1.2800000000000011,183.8361266294227,11.69472,0.4155776
10320,98.71,1.2900000000000063,183.81750465549345,11.70796,0.41563680000000003
10400,98.7,1.2999999999999972,183.79888268156424,11.721200000000001,0.41569600000000007
10480,98.69,1.3100000000000023,183.780260707635,11.73444,0.41575520000000005
10560,98.68,1.3199999999999932,183.76163873370578,11.747680000000003,0.41581440000000003
10640,98.67,1.3299999999999983,183.74301675977654,11.76092,0.4158736
10720,98.66,1.3400000000000034,183.7243947858473,11.77416,0.41593280000000005
10800,98.65,1.3499999999999943,183.70577281191805,11.787400000000002,0.4159920000000001
10880,98.64,1.3599999999999994,183.6871508379888,11.800640000000001,0.4160512
10960,98.63,1.3700000000000045,183.66852886405957,11.81388,0.4161104
11040,98.62,1.3799999999999955,183.64990689013035,11.827120000000003,0.41616960000000003
11120,98.61,1.3900000000000006,183.6312849162011,11.84036,0.41622880000000007
11200,98.6,1.4000000000000057,183.61266294227187,11.8536,0.416288
11280,98.59,1.4099999999999966,183.59404096834263,11.866840000000002,0.41634720000000003
11360,98.58,1.4200000000000017,183.57541899441338,11.88008,0.4164064
11440,98.57,1.4300000000000068,183.55679702048414,11.89332,0.4164656
11520,98.56,1.4399999999999977,183.53817504655493,11.906560000000002,0.4165248000000001
11600,98.55,1.4500000000000028,183.51955307262568,11.9198,0.416584
11680,98.54,1.4599999999999937,183.50093109869647,11.933040000000002,0.41664320000000005
11760,98.53,1.4699999999999989,183.48230912476723,11.946280000000002,0.41670240000000003
11840,98.52,1.480000000000004,183.46368715083798,11.959520000000001,0.4167616
11920,98.51,1.4899999999999949,183.44506517690874,11.972760000000001,0.41682080000000005
12000,98.5,1.5,183.4264432029795,11.986,0.41688000000000003
12080,98.49,1.5100000000000051,183.40782122905026,11.99924,0.4169392
12160,98.48,1.519999999999996,183.38919925512104,12.01248,0.41699840000000005
12240,98.47,1.5300000000000011,183.3705772811918,12.025720000000002,0.41705760000000003
12320,98.46,1.5400000000000063,183.35195530726256,12.03896,0.4171168
12400,98.45,1.5499999999999972,183.33333333333331,12.052200000000001,0.41717600000000005
12480,98.44,1.5600000000000023,183.31471135940407,12.06544,0.41723520000000003
12560,98.43,1.5699999999999932,183.29608938547486,12.078680000000002,0.41729440000000007
12640,98.42,1.5799999999999983,183.27746741154562,12.09192,0.4173536
12720,98.41,1.5900000000000034,183.25884543761637,12.105160000000001,0.41741280000000003
12800,98.4,1.5999999999999943,183.24022346368716,12.118400000000001,0.41747200000000007
12880,98.39,1.6099999999999994,183.22160148975792,12.13164,0.41753120000000005
12960,98.38,1.6200000000000045,183.20297951582864,12.14488,0.41759040000000003
13040,98.37,1.6299999999999955,183.18435754189943,12.158120000000002,0.4176496
13120,98.36,1.6400000000000006,183.1657355679702,12.17136,0.41770880000000005
13200,98.35,1.6500000000000057,183.14711359404095,12.1846,0.41776800000000003
13280,98.34,1.6599999999999966,183.12849162011173,12.197840000000001,0.41782720000000007
13360,98.33,1.6700000000000017,183.1098696461825,12.211079999999999,0.4178864
13440,98.32,1.6800000000000068,183.09124767225325,12.22432,0.4179456
13520,98.31,1.6899999999999977,183.072625698324,12.237560000000002,0.41800480000000007
13600,98.3,1.7000000000000028,183.05400372439476,12.2508,0.41806400000000005
13680,98.29,1.7099999999999937,183.03538175046555,12.264040000000001,0.4181232000000001
13760,98.28,1.7199999999999989,183.0167597765363,12.277280000000001,0.4181824
13840,98.27,1.730000000000004,182.99813780260706,12.29052,0.4182416
13920,98.26,1.7399999999999949,182.97951582867785,12.30376,0.4183008000000001
14000,98.25,1.75,182.9608938547486,12.317,0.41836000000000007
14080,98.24,1.7600000000000051,182.94227188081933,12.33024,0.4184192
14160,98.23,1.769999999999996,182.92364990689012,12.34348,0.41847840000000003
14240,98.22,1.7800000000000011,182.90502793296088,12.356720000000001,0.4185376
14320,98.21,1.7900000000000063,182.88640595903163,12.369959999999999,0.41859680000000005
14400,98.2,1.7999999999999972,182.86778398510242,12.3832,0.4186560000000001
14480,98.19,1.8100000000000023,182.84916201117318,12.39644,0.4187152
14560,98.18,1.8199999999999932,182.83054003724396,12.409680000000002,0.41877440000000005
14640,98.17,1.8299999999999983,182.8119180633147,12.42292,0.41883360000000003
14720,98.16,1.8400000000000034,182.79329608938545,12.436160000000001,0.41889280000000007
14800,98.15,1.8499999999999943,182.77467411545624,12.4494,0.41895200000000005
14880,98.14,1.8599999999999994,182.756052141527,12.46264,0.41901120000000003
14960,98.13,1.8700000000000045,182.73743016759775,12.47588,0.4190704
15040,98.12,1.8799999999999955,182.71880819366854,12.489120000000002,0.41912960000000005
15120,98.11,1.8900000000000006,182.7001862197393,12.50236,0.41918880000000003
15200,98.1,1.9000000000000057,182.68156424581002,12.515600000000001,0.419248
15280,98.09,1.9099999999999966,182.6629422718808,12.52884,0.41930720000000005
15360,98.08,1.9200000000000017,182.64432029795157,12.542079999999999,0.41936640000000003
15440,98.07,1.9300000000000068,182.62569832402232,12.55532,0.4194256
15520,98.06,1.9399999999999977,182.6070763500931,12.568560000000002,0.4194848
15600,98.05,1.9500000000000028,182.58845437616387,12.5818,0.41954400000000003
15680,98.04,1.9599999999999937,182.56983240223462,12.595040000000001,0.41960320000000007
15760,98.03,1.9699999999999989,182.55121042830538,12.60828,0.41966240000000005
15840,98.02,1.980000000000004,182.53258845437614,12.62152,0.4197216
15920,98.01,1.9899999999999949,182.51396648044692,12.634760000000002,0.41978080000000006
16000,98.0,2.0,182.49534450651768,12.648,0.41984000000000005
16080,97.99,2.010000000000005,182.47672253258844,12.66124,0.41989920000000003
16160,97.98,2.019999999999996,182.45810055865923,12.674480000000003,0.41995840000000006
16240,97.97,2.030000000000001,182.43947858472995,12.68772,0.4200176
16320,97.96,2.0400000000000063,182.4208566108007,12.700959999999998,0.42007680000000003
16400,97.95,2.049999999999997,182.4022346368715,12.714200000000002,0.42013600000000006
16480,97.94,2.0600000000000023,182.38361266294226,12.727440000000001,0.42019520000000005
16560,97.93,2.069999999999993,182.36499068901304,12.740680000000001,0.42025440000000003
16640,97.92,2.0799999999999983,182.3463687150838,12.75392,0.4203136
16720,97.91,2.0900000000000034,182.32774674115456,12.76716,0.4203728
16800,97.9,2.0999999999999943,182.3091247672253,12.7804,0.4204320000000001
16880,97.89,2.1099999999999994,182.29050279329607,12.793640000000002,0.42049120000000006
16960,97.88,2.1200000000000045,182.27188081936683,12.80688,0.4205504
17040,97.87,2.1299999999999955,182.2532588454376,12.820120000000001,0.42060960000000003
17120,97.86,2.1400000000000006,182.23463687150837,12.83336,0.42066880000000006
17200,97.85,2.1500000000000057,182.21601489757913,12.8466,0.42072800000000005
17280,97.84,2.1599999999999966,182.19739292364991,12.85984,0.42078720000000003
17360,97.83,2.1700000000000017,182.17877094972064,12.873080000000002,0.4208464
17440,97.82,2.180000000000007,182.1601489757914,12.88632,0.4209056
17520,97.81,2.1899999999999977,182.1415270018622,12.899560000000001,0.42096480000000003
17600,97.8,2.200000000000003,182.12290502793294,12.9128,0.421024
17680,97.79,2.2099999999999937,182.10428305400373,12.92604,0.42108320000000005
17760,97.78,2.219999999999999,182.0856610800745,12.93928,0.42114240000000003
17840,97.77,2.230000000000004,182.06703910614524,12.95252,0.4212016
17920,97.76,2.239999999999995,182.048417132216,12.965760000000001,0.4212608000000001
18000,97.75,2.25,182.02979515828676,12.979,0.42132000000000003
18080,97.74,2.260000000000005,182.01117318435752,12.99224,0.4213792
18160,97.73,2.269999999999996,181.9925512104283,13.005480000000002,0.42143840000000005
18240,97.72,2.280000000000001,181.97392923649906,13.01872,0.42149760000000003
18320,97.71,2.2900000000000063,181.95530726256982,13.031960000000002,0.42155679999999995
18400,97.7,2.299999999999997,181.9366852886406,13.045200000000001,0.42161600000000005
18480,97.69,2.3100000000000023,181.91806331471133,13.058440000000001,0.42167520000000003
18560,97.68,2.319999999999993,181.89944134078212,13.07168,0.42173440000000006
18640,97.67,2.3299999999999983,181.88081936685288,13.08492,0.42179360000000005
18720,97.66,2.3400000000000034,181.86219739292363,13.09816,0.4218528
18800,97.65,2.3499999999999943,181.84357541899442,13.1114,0.42191200000000006
18880,97.64,2.3599999999999994,181.82495344506518,13.124640000000001,0.42197120000000005
18960,97.63,2.3700000000000045,181.80633147113593,13.13788,0.4220304
19040,97.62,2.3799999999999955,181.7877094972067,13.15112,0.4220896
19120,97.61,2.3900000000000006,181.76908752327745,13.16436,0.4221488
19200,97.6,2.4000000000000057,181.7504655493482,13.1776,0.422208
19280,97.59,2.4099999999999966,181.731843575419,13.19084,0.42226720000000006
19360,97.58,2.4200000000000017,181.71322160148975,13.204080000000001,0.42232640000000005
19440,97.57,2.430000000000007,181.6945996275605,13.217319999999999,0.42238559999999997
19520,97.56,2.4399999999999977,181.67597765363126,13.23056,0.4224448
19600,97.55,2.450000000000003,181.65735567970202,13.2438,0.42250400000000005
19680,97.54,2.4599999999999937,181.6387337057728,13.257040000000002,0.4225632000000001
19760,97.53,2.469999999999999,181.62011173184356,13.27028,0.4226224
19840,97.52,2.480000000000004,181.60148975791432,13.283520000000001,0.4226816
19920,97.51,2.489999999999995,181.5828677839851,13.29676,0.4227408
20000,97.5,2.5,181.56424581005587,13.309999999999999,0.42280000000000006
20080,97.49,2.510000000000005,181.5456238361266,13.32324,0.42285920000000005
20160,97.48,2.519999999999996,181.52700186219738,13.336480000000002,0.4229184
20240,97.47,2.530000000000001,181.50837988826814,13.34972,0.4229776
20320,97.46,2.5400000000000063,181.4897579143389,13.362960000000001,0.4230368
20400,97.45,2.549999999999997,181.47113594040968,13.3762,0.4230960000000001
20480,97.44,2.5600000000000023,181.45251396648044,13.38944,0.4231552
20560,97.43,2.569999999999993,181.43389199255122,13.402680000000002,0.42321440000000005
20640,97.42,2.5799999999999983,181.41527001862195,13.41592,0.4232736
20720,97.41,2.5900000000000034,181.3966480446927,13.42916,0.4233328
20800,97.4,2.5999999999999943,181.3780260707635,13.442400000000003,0.4233920000000001
20880,97.39,2.6099999999999994,181.35940409683425,13.45564,0.4234512
20960,97.38,2.6200000000000045,181.340782122905,13.468879999999999,0.4235104
21040,97.37,2.6299999999999955,181.3221601489758,13.482120000000002,0.42356960000000005
21120,97.36,2.6400000000000006,181.30353817504655,13.49536,0.4236288
21200,97.35,2.6500000000000057,181.28491620111728,13.5086,0.423688
21280,97.34,2.6599999999999966,181.26629422718807,13.521840000000001,0.42374720000000005
21360,97.33,2.6700000000000017,181.24767225325883,13.53508,0.4238064
21440,97.32,2.680000000000007,181.22905027932958,13.548319999999999,0.4238656
21520,97.31,2.6899999999999977,181.21042830540037,13.561560000000002,0.4239248
21600,97.3,2.700000000000003,181.19180633147113,13.5748,0.423984
21680,97.29,2.7099999999999937,181.1731843575419,13.588040000000001,0.42404320000000006
21760,97.28,2.719999999999999,181.15456238361264,13.601280000000001,0.42410240000000005
21840,97.27,2.730000000000004,181.1359404096834,13.61452,0.4241616
21920,97.26,2.739999999999995,181.11731843575419,13.62776,0.4242208
22000,97.25,2.75,181.09869646182494,13.641000000000002,0.42428000000000005
22080,97.24,2.760000000000005,181.0800744878957,13.65424,0.4243392
22160,97.23,2.769999999999996,181.0614525139665,13.667480000000001,0.42439840000000006
22240,97.22,2.780000000000001,181.04283054003724,13.68072,0.4244576
22320,97.21,2.7900000000000063,181.02420856610797,13.69396,0.42451679999999997
22400,97.2,2.799999999999997,181.00558659217876,13.7072,0.42457600000000006
22480,97.19,2.8100000000000023,180.98696461824952,13.72044,0.42463520000000005
22560,97.18,2.819999999999993,180.9683426443203,13.733680000000001,0.4246944000000001
22640,97.17,2.8299999999999983,180.94972067039106,13.74692,0.4247536
22720,97.16,2.8400000000000034,180.93109869646182,13.76016,0.4248128
22800,97.15,2.8499999999999943,180.91247672253257,13.773400000000002,0.4248720000000001
22880,97.14,2.8599999999999994,180.89385474860333,13.78664,0.42493120000000006
22960,97.13,2.8700000000000045,180.8752327746741,13.799880000000002,0.4249904
23040,97.12,2.8799999999999955,180.85661080074487,13.813120000000001,0.4250496
23120,97.11,2.8900000000000006,180.83798882681563,13.826360000000001,0.4251088
23200,97.1,2.9000000000000057,180.8193668528864,13.8396,0.42516800000000005
23280,97.09,2.9099999999999966,180.80074487895718,13.85284,0.4252272000000001
23360,97.08,2.9200000000000017,180.78212290502793,13.86608,0.4252864
23440,97.07,2.930000000000007,180.76350093109866,13.87932,0.4253456
23520,97.06,2.9399999999999977,180.74487895716945,13.892560000000001,0.4254048
23600,97.05,2.950000000000003,180.7262569832402,13.9058,0.42546400000000006
23680,97.04,2.9599999999999937,180.707635009311,13.91904,0.42552320000000005
23760,97.03,2.969999999999999,180.68901303538175,13.932280000000002,0.4255824
23840,97.02,2.980000000000004,180.6703910614525,13.94552,0.4256416
23920,97.01,2.989999999999995,180.65176908752326,13.95876,0.42570080000000005
24000,97.0,3.0,180.63314711359402,13.972000000000001,0.42576
24080,96.99,3.010000000000005,180.61452513966478,13.98524,0.4258192
24160,96.98,3.019999999999996,180.59590316573556,13.99848,0.42587840000000005
24240,96.97,3.030000000000001,180.57728119180632,14.01172,0.4259376
24320,96.96,3.0400000000000063,180.55865921787708,14.02496,0.4259968
24400,96.95,3.049999999999997,180.54003724394786,14.0382,0.42605600000000005
24480,96.94,3.0600000000000023,180.5214152700186,14.05144,0.4261152
24560,96.93,3.069999999999993,180.50279329608938,14.064680000000001,0.42617440000000006
24640,96.92,3.0799999999999983,180.48417132216014,14.077919999999999,0.42623360000000005
24720,96.91,3.0900000000000034,180.4655493482309,14.09116,0.42629279999999997
24800,96.9,3.0999999999999943,180.44692737430168,14.104400000000002,0.42635200000000006
24880,96.89,3.1099999999999994,180.42830540037244,14.11764,0.42641120000000005
24960,96.88,3.1200000000000045,180.4096834264432,14.130880000000001,0.4264704
25040,96.87,3.1299999999999955,180.39106145251395,14.144120000000001,0.42652960000000006
25120,96.86,3.1400000000000006,180.3724394785847,14.15736,0.4265888
25200,96.85,3.1500000000000057,180.35381750465547,14.1706,0.426648
25280,96.84,3.1599999999999966,180.33519553072625,14.18384,0.42670720000000006
25360,96.83,3.1700000000000017,180.316573556797,14.19708,0.42676640000000005
25440,96.82,3.180000000000007,180.29795158286777,14.21032,0.42682559999999997
25520,96.81,3.1899999999999977,180.27932960893855,14.22356,0.4268848
25600,96.8,3.200000000000003,180.26070763500928,14.236799999999999,0.426944
25680,96.79,3.2099999999999937,180.24208566108007,14.250040000000002,0.4270032000000001
25760,96.78,3.219999999999999,180.22346368715083,14.263280000000002,0.42706240000000006
25840,96.77,3.230000000000004,180.20484171322158,14.27652,0.4271216
25920,96.76,3.239999999999995,180.18621973929237,14.289760000000001,0.4271808
26000,96.75,3.25,180.16759776536313,14.303,0.42724000000000006
26080,96.74,3.260000000000005,180.14897579143388,14.31624,0.42729920000000005
26160,96.73,3.269999999999996,180.13035381750464,14.329480000000002,0.4273584
26240,96.72,3.280000000000001,180.1117318435754,14.34272,0.4274176
26320,96.71,3.2900000000000063,180.09310986964616,14.35596,0.4274768
26400,96.7,3.299999999999997,180.07448789571694,14.369200000000001,0.427536
26480,96.69,3.3100000000000023,180.0558659217877,14.382439999999999,0.42759520000000006
26560,96.68,3.319999999999993,180.03724394785849,14.39568,0.42765440000000005
26640,96.67,3.3299999999999983,180.01862197392924,14.408920000000002,0.4277136
26720,96.66,3.3400000000000034,179.99999999999997,14.42216,0.4277728
26800,96.65,3.3499999999999943,179.98137802607076,14.435400000000001,0.4278320000000001
26880,96.64,3.3599999999999994,179.96275605214151,14.448640000000001,0.4278912
26960,96.63,3.3700000000000045,179.94413407821227,14.46188,0.4279504
27040,96.62,3.3799999999999955,179.92551210428306,14.47512,0.42800960000000005
27120,96.61,3.3900000000000006,179.90689013035382,14.48836,0.4280688
27200,96.6,3.4000000000000057,179.88826815642457,14.5016,0.42812799999999995
27280,96.59,3.4099999999999966,179.86964618249533,14.51484,0.42818720000000005
27360,96.58,3.4200000000000017,179.8510242085661,14.528080000000001,0.4282464
27440,96.57,3.430000000000007,179.83240223463685,14.541319999999999,0.4283056
27520,96.56,3.4399999999999977,179.81378026070763,14.55456,0.42836480000000005
27600,96.55,3.450000000000003,179.7951582867784,14.567800000000002,0.428424
27680,96.54,3.4599999999999937,179.77653631284917,14.581040000000002,0.42848320000000006
27760,96.53,3.469999999999999,179.7579143389199,14.594280000000001,0.42854240000000005
27840,96.52,3.480000000000004,179.73929236499066,14.607520000000001,0.4286016
27920,96.51,3.489999999999995,179.72067039106145,14.62076,0.4286608
28000,96.5,3.5,179.7020484171322,14.634,0.42872
28080,96.49,3.510000000000005,179.68342644320296,14.64724,0.4287792
28160,96.48,3.519999999999996,179.66480446927375,14.660480000000002,0.42883840000000006
28240,96.47,3.530000000000001,179.6461824953445,14.67372,0.42889760000000005
28320,96.46,3.5400000000000063,179.62756052141523,14.686960000000001,0.42895679999999997
28400,96.45,3.549999999999997,179.60893854748602,14.700200000000002,0.42901600000000006
28480,96.44,3.5600000000000023,179.59031657355678,14.713439999999999,0.42907520000000005
28560,96.43,3.569999999999993,179.57169459962756,14.72668,0.4291344000000001
28640,96.42,3.5799999999999983,179.55307262569832,14.739920000000001,0.4291936
28720,96.41,3.5900000000000034,179.53445065176908,14.75316,0.4292528
28800,96.4,3.5999999999999943,179.51582867783986,14.7664,0.429312
28880,96.39,3.6099999999999994,179.4972067039106,14.77964,0.42937120000000006
28960,96.38,3.6200000000000045,179.47858472998135,14.79288,0.42943040000000005
29040,96.37,3.6299999999999955,179.45996275605214,14.80612,0.4294896
29120,96.36,3.6400000000000006,179.4413407821229,14.81936,0.4295488
29200,96.35,3.6500000000000057,179.42271880819365,14.8326,0.429608
29280,96.34,3.6599999999999966,179.40409683426444,14.845839999999999,0.4296672000000001
29360,96.33,3.6700000000000017,179.3854748603352,14.85908,0.4297264
29440,96.32,3.680000000000007,179.36685288640592,14.872319999999998,0.4297856
29520,96.31,3.6899999999999977,179.3482309124767,14.88556,0.4298448
29600,96.3,3.700000000000003,179.32960893854747,14.898800000000001,0.42990400000000006
29680,96.29,3.7099999999999937,179.31098696461825,14.912040000000001,0.4299632000000001
29760,96.28,3.719999999999999,179.292364990689,14.92528,0.4300224
29840,96.27,3.730000000000004,179.27374301675977,14.93852,0.4300816
29920,96.26,3.739999999999995,179.25512104283055,14.95176,0.43014080000000005
30000,96.25,3.75,179.23649906890128,14.965,0.4302
30080,96.24,3.760000000000005,179.21787709497204,14.97824,0.4302592
30160,96.23,3.769999999999996,179.19925512104282,14.991480000000001,0.43031840000000005
30240,96.22,3.780000000000001,179.18063314711358,15.004719999999999,0.4303776
30320,96.21,3.7900000000000063,179.16201117318434,15.01796,0.4304368
30400,96.2,3.799999999999997,179.14338919925513,15.031200000000002,0.4304960000000001
30480,96.19,3.8100000000000023,179.12476722532588,15.04444,0.4305552
30560,96.18,3.819999999999993,179.10614525139664,15.057680000000001,0.43061440000000006
30640,96.17,3.8299999999999983,179.0875232774674,15.070920000000001,0.43067360000000005
30720,96.16,3.8400000000000034,179.06890130353815,15.084159999999999,0.4307328
30800,96.15,3.8499999999999943,179.05027932960894,15.0974,0.43079200000000006
30880,96.14,3.8599999999999994,179.0316573556797,15.11064,0.43085120000000005
30960,96.13,3.8700000000000045,179.01303538175046,15.12388,0.4309104
31040,96.12,3.8799999999999955,178.9944134078212,15.137120000000001,0.43096960000000006
31120,96.11,3.8900000000000006,178.97579143389197,15.15036,0.4310288
31200,96.1,3.9000000000000057,178.95716945996273,15.163599999999999,0.43108799999999997
31280,96.09,3.9099999999999966,178.9385474860335,15.176840000000002,0.43114720000000006
31360,96.08,3.9200000000000017,178.91992551210427,15.19008,0.43120640000000005
31440,96.07,3.930000000000007,178.90130353817503,15.203319999999998,0.4312656
31520,96.06,3.9399999999999977,178.88268156424581,15.216560000000001,0.4313248
31600,96.05,3.950000000000003,178.86405959031654,15.229800000000001,0.431384
31680,96.04,3.9599999999999937,178.84543761638733,15.24304,0.4314432000000001
31760,96.03,3.969999999999999,178.8268156424581,15.25628,0.43150240000000006
31840,96.02,3.980000000000004,178.80819366852884,15.26952,0.4315616
31920,96.01,3.989999999999995,178.78957169459963,15.28276,0.4316208
32000,96.0,4.0,178.7709497206704,15.296000000000001,0.43168
32080,95.99,4.010000000000005,178.75232774674114,15.309239999999999,0.43173920000000005
32160,95.98,4.019999999999996,178.7337057728119,15.32248,0.4317984000000001
32240,95.97,4.030000000000001,178.71508379888266,15.335719999999998,0.4318576
32320,95.96,4.040000000000006,178.69646182495342,15.34896,0.4319168
32400,95.95,4.049999999999997,178.6778398510242,15.362200000000001,0.431976
32480,95.94,4.060000000000002,178.65921787709496,15.37544,0.43203520000000006
32560,95.93,4.069999999999993,178.64059590316575,15.38868,0.43209440000000005
32640,95.92,4.079999999999998,178.6219739292365,15.40192,0.4321536
32720,95.91,4.090000000000003,178.60335195530723,15.41516,0.4322128
32800,95.9,4.099999999999994,178.58472998137802,15.428400000000002,0.43227200000000005
32880,95.89,4.109999999999999,178.56610800744878,15.44164,0.4323312000000001
32960,95.88,4.1200000000000045,178.54748603351953,15.45488,0.4323904
33040,95.87,4.1299999999999955,178.52886405959032,15.46812,0.43244960000000005
33120,95.86,4.140000000000001,178.51024208566108,15.481359999999999,0.4325088
33200,95.85,4.150000000000006,178.49162011173183,15.494599999999998,0.432568
33280,95.84,4.159999999999997,178.4729981378026,15.507840000000002,0.43262720000000005
33360,95.83,4.170000000000002,178.45437616387335,15.52108,0.4326864
33440,95.82,4.180000000000007,178.4357541899441,15.534319999999997,0.4327456
33520,95.81,4.189999999999998,178.4171322160149,15.54756,0.43280480000000005
33600,95.8,4.200000000000003,178.39851024208565,15.5608,0.43286399999999997
33680,95.79,4.209999999999994,178.37988826815644,15.57404,0.43292320000000006
33760,95.78,4.219999999999999,178.3612662942272,15.58728,0.43298240000000005
33840,95.77,4.230000000000004,178.34264432029792,15.60052,0.4330416
33920,95.76,4.239999999999995,178.3240223463687,15.61376,0.43310080000000006
34000,95.75,4.25,178.30540037243946,15.627,0.43316
34080,95.74,4.260000000000005,178.28677839851022,15.640239999999999,0.4332192
34160,95.73,4.269999999999996,178.268156424581,15.65348,0.43327840000000006
34240,95.72,4.280000000000001,178.24953445065177,15.666720000000002,0.43333760000000004
34320,95.71,4.290000000000006,178.23091247672252,15.67996,0.43339679999999997
34400,95.7,4.299999999999997,178.21229050279328,15.693200000000001,0.433456
34480,95.69,4.310000000000002,178.19366852886404,15.70644,0.43351520000000004
34560,95.68,4.319999999999993,178.17504655493482,15.71968,0.4335744000000001
34640,95.67,4.329999999999998,178.15642458100558,15.73292,0.43363360000000006
34720,95.66,4.340000000000003,178.13780260707634,15.74616,0.4336928
34800,95.65,4.349999999999994,178.11918063314712,15.759400000000001,0.433752
34880,95.64,4.359999999999999,178.10055865921785,15.772639999999999,0.43381120000000006
34960,95.63,4.3700000000000045,178.0819366852886,15.78588,0.43387040000000004
35040,95.62,4.3799999999999955,178.0633147113594,15.799120000000002,0.4339296
35120,95.61,4.390000000000001,178.04469273743015,15.81236,0.4339888
35200,95.6,4.400000000000006,178.0260707635009,15.825600000000001,0.434048
35280,95.59,4.409999999999997,178.0074487895717,15.838840000000001,0.4341072
35360,95.58,4.420000000000002,177.98882681564245,15.852079999999999,0.43416640000000006
35440,95.57,4.430000000000007,177.9702048417132,15.86532,0.4342256
35520,95.56,4.439999999999998,177.95158286778397,15.87856,0.4342848
35600,95.55,4.450000000000003,177.93296089385473,15.8918,0.434344
35680,95.54,4.459999999999994,177.9143389199255,15.90504,0.4344032000000001
35760,95.53,4.469999999999999,177.89571694599627,15.91828,0.4344624
35840,95.52,4.480000000000004,177.87709497206703,15.931519999999999,0.4345216
35920,95.51,4.489999999999995,177.8584729981378,15.944759999999999,0.43458080000000004
36000,95.5,4.5,177.83985102420854,15.958,0.43464
36080,95.49,4.510000000000005,177.8212290502793,15.971239999999998,0.43469920000000006
36160,95.48,4.519999999999996,177.80260707635009,15.98448,0.43475840000000004
36240,95.47,4.530000000000001,177.78398510242084,15.997720000000001,0.4348176
36320,95.46,4.540000000000006,177.7653631284916,16.010959999999997,0.4348768
36400,95.45,4.549999999999997,177.7467411545624,16.0242,0.43493600000000004
36480,95.44,4.560000000000002,177.72811918063314,16.03744,0.4349952
36560,95.43,4.569999999999993,177.7094972067039,16.05068,0.43505440000000006
36640,95.42,4.579999999999998,177.69087523277466,16.06392,0.43511360000000004
36720,95.41,4.590000000000003,177.67225325884542,16.07716,0.4351728
36800,95.4,4.599999999999994,177.6536312849162,16.090400000000002,0.43523200000000006
36880,95.39,4.609999999999999,177.63500931098696,16.10364,0.4352912
36960,95.38,4.6200000000000045,177.61638733705772,16.116880000000002,0.4353504
37040,95.37,4.6299999999999955,177.5977653631285,16.13012,0.43540960000000006
37120,95.36,4.640000000000001,177.57914338919923,16.14336,0.43546880000000004
37200,95.35,4.650000000000006,177.56052141527,16.1566,0.43552799999999997
37280,95.34,4.659999999999997,177.54189944134077,16.16984,0.43558720000000006
37360,95.33,4.670000000000002,177.52327746741153,16.18308,0.43564640000000004
37440,95.32,4.680000000000007,177.5046554934823,16.19632,0.4357056
37520,95.31,4.689999999999998,177.48603351955308,16.20956,0.4357648
37600,95.3,4.700000000000003,177.46741154562383,16.2228,0.435824
37680,95.29,4.709999999999994,177.4487895716946,16.236040000000003,0.4358832
37760,95.28,4.719999999999999,177.43016759776535,16.24928,0.43594240000000006
37840,95.27,4.730000000000004,177.4115456238361,16.26252,0.43600160000000004
37920,95.26,4.739999999999995,177.3929236499069,16.275760000000002,0.4360608
38000,95.25,4.75,177.37430167597765,16.289,0.43612
38080,95.24,4.760000000000005,177.3556797020484,16.302239999999998,0.4361792
38160,95.23,4.769999999999996,177.3370577281192,16.31548,0.4362384000000001
38240,95.22,4.780000000000001,177.31843575418992,16.32872,0.4362976
38320,95.21,4.790000000000006,177.29981378026068,16.34196,0.4363568
38400,95.2,4.799999999999997,177.28119180633146,16.3552,0.436416
38480,95.19,4.810000000000002,177.26256983240222,16.36844,0.43647520000000006
38560,95.18,4.819999999999993,177.243947858473,16.38168,0.4365344000000001
38640,95.17,4.829999999999998,177.22532588454376,16.39492,0.4365936
38720,95.16,4.840000000000003,177.20670391061452,16.40816,0.4366528
38800,95.15,4.849999999999994,177.18808193668528,16.4214,0.43671200000000004
38880,95.14,4.859999999999999,177.16945996275604,16.43464,0.4367712
38960,95.13,4.8700000000000045,177.1508379888268,16.447879999999998,0.4368304
39040,95.12,4.8799999999999955,177.13221601489758,16.46112,0.43688960000000004
39120,95.11,4.890000000000001,177.11359404096834,16.47436,0.4369488
39200,95.1,4.900000000000006,177.0949720670391,16.4876,0.437008
39280,95.09,4.909999999999997,177.07635009310985,16.50084,0.4370672000000001
39360,95.08,4.920000000000002,177.0577281191806,16.51408,0.4371264
39440,95.07,4.930000000000007,177.03910614525137,16.52732,0.4371856
39520,95.06,4.939999999999998,177.02048417132215,16.54056,0.43724480000000004
39600,95.05,4.950000000000003,177.0018621973929,16.553800000000003,0.437304
39680,95.04,4.959999999999994,176.9832402234637,16.567040000000002,0.43736320000000006
39760,95.03,4.969999999999999,176.96461824953445,16.580280000000002,0.43742240000000004
39840,95.02,4.980000000000004,176.94599627560518,16.593519999999998,0.4374816
39920,95.01,4.989999999999995,176.92737430167597,16.60676,0.43754080000000006
40000,95.0,5.0,176.90875232774673,16.619999999999997,0.43760000000000004
40080,94.99,5.010000000000005,176.89013035381748,16.63324,0.4376592
40160,94.98,5.019999999999996,176.87150837988827,16.64648,0.43771840000000006
40240,94.97,5.030000000000001,176.85288640595903,16.65972,0.43777760000000004
40320,94.96,5.040000000000006,176.83426443202978,16.67296,0.4378368
40400,94.95,5.049999999999997,176.81564245810054,16.6862,0.437896
40480,94.94,5.060000000000002,176.7970204841713,16.69944,0.4379552
40560,94.93,5.069999999999993,176.77839851024208,16.71268,0.4380144000000001
40640,94.92,5.079999999999998,176.75977653631284,16.725920000000002,0.43807360000000006
40720,94.91,5.090000000000003,176.7411545623836,16.73916,0.4381328
40800,94.9,5.099999999999994,176.72253258845438,16.7524,0.438192
40880,94.89,5.109999999999999,176.70391061452514,16.76564,0.43825120000000006
40960,94.88,5.1200000000000045,176.68528864059587,16.77888,0.43831040000000004
41040,94.87,5.1299999999999955,176.66666666666666,16.79212,0.4383696000000001
41120,94.86,5.140000000000001,176.64804469273741,16.80536,0.4384288
41200,94.85,5.150000000000006,176.62942271880817,16.8186,0.438488
41280,94.84,5.159999999999997,176.61080074487896,16.83184,0.4385472
41360,94.83,5.170000000000002,176.59217877094972,16.84508,0.43860640000000006
41440,94.82,5.180000000000007,176.57355679702047,16.85832,0.4386656
41520,94.81,5.189999999999998,176.55493482309123,16.87156,0.4387248
41600,94.8,5.200000000000003,176.536312849162,16.8848,0.438784
41680,94.79,5.209999999999994,176.51769087523277,16.89804,0.4388432000000001
41760,94.78,5.219999999999999,176.49906890130353,16.911279999999998,0.4389024000000001
41840,94.77,5.230000000000004,176.4804469273743,16.92452,0.4389616
41920,94.76,5.239999999999995,176.46182495344507,16.93776,0.43902080000000004
42000,94.75,5.25,176.44320297951583,16.951,0.43908
42080,94.74,5.260000000000005,176.42458100558656,16.96424,0.4391392
42160,94.73,5.269999999999996,176.40595903165735,16.97748,0.43919840000000004
42240,94.72,5.280000000000001,176.3873370577281,16.99072,0.4392576
42320,94.71,5.290000000000006,176.36871508379886,17.00396,0.4393168
42400,94.7,5.299999999999997,176.35009310986965,17.0172,0.43937600000000004
42480,94.69,5.310000000000002,176.3314711359404,17.03044,0.4394352
42560,94.68,5.319999999999993,176.31284916201116,17.043680000000002,0.43949440000000006
42640,94.67,5.329999999999998,176.29422718808192,17.056919999999998,0.43955360000000004
42720,94.66,5.340000000000003,176.27560521415268,17.070159999999998,0.4396128
42800,94.65,5.349999999999994,176.25698324022346,17.0834,0.43967200000000006
42880,94.64,5.359999999999999,176.23836126629422,17.09664,0.4397312
42960,94.63,5.3700000000000045,176.21973929236498,17.109879999999997,0.4397904
43040,94.62,5.3799999999999955,176.20111731843576,17.12312,0.43984960000000006
43120,94.61,5.390000000000001,176.1824953445065,17.13636,0.43990880000000004
43200,94.6,5.400000000000006,176.16387337057725,17.1496,0.43996799999999997
43280,94.59,5.409999999999997,176.14525139664804,17.162840000000003,0.4400272
43360,94.58,5.420000000000002,176.1266294227188,17.17608,0.44008640000000004
43440,94.57,5.430000000000007,176.10800744878955,17.18932,0.4401456
43520,94.56,5.439999999999998,176.08938547486034,17.202560000000002,0.44020480000000006
43600,94.55,5.450000000000003,176.0707635009311,17.2158,0.440264
43680,94.54,5.459999999999994,176.05214152700185,17.22904,0.4403232
43760,94.53,5.469999999999999,176.0335195530726,17.24228,0.44038240000000006
43840,94.52,5.480000000000004,176.01489757914337,17.25552,0.44044160000000004
43920,94.51,5.489999999999995,175.99627560521415,17.26876,0.4405008
44000,94.5,5.5,175.9776536312849,17.282,0.44056
44080,94.49,5.510000000000005,175.95903165735567,17.29524,0.4406192
44160,94.48,5.519999999999996,175.94040968342645,17.30848,0.4406784000000001
44240,94.47,5.530000000000001,175.92178770949718,17.32172,0.44073760000000006
44320,94.46,5.540000000000006,175.90316573556794,17.33496,0.4407968
44400,94.45,5.549999999999997,175.88454376163872,17.3482,0.440856
44480,94.44,5.560000000000002,175.86592178770948,17.36144,0.4409152
44560,94.43,5.569999999999993,175.84729981378027,17.37468,0.4409744000000001
44640,94.42,5.579999999999998,175.82867783985103,17.38792,0.4410336
44720,94.41,5.590000000000003,175.81005586592178,17.40116,0.4410928
44800,94.4,5.599999999999994,175.79143389199254,17.4144,0.44115200000000004
44880,94.39,5.609999999999999,175.7728119180633,17.42764,0.4412112
44960,94.38,5.6200000000000045,175.75418994413405,17.44088,0.44127040000000006
45040,94.37,5.6299999999999955,175.73556797020484,17.454120000000003,0.44132960000000004
45120,94.36,5.640000000000001,175.7169459962756,17.46736,0.4413888
45200,94.35,5.650000000000006,175.69832402234636,17.480600000000003,0.441448
45280,94.34,5.659999999999997,175.67970204841714,17.49384,0.44150720000000004
45360,94.33,5.670000000000002,175.66108007448787,17.507080000000002,0.4415664
45440,94.32,5.680000000000007,175.64245810055863,17.520319999999998,0.4416256
45520,94.31,5.689999999999998,175.6238361266294,17.53356,0.44168480000000004
45600,94.3,5.700000000000003,175.60521415270017,17.546799999999998,0.441744
45680,94.29,5.709999999999994,175.58659217877096,17.56004,0.44180320000000006
45760,94.28,5.719999999999999,175.5679702048417,17.57328,0.44186240000000004
45840,94.27,5.730000000000004,175.54934823091247,17.58652,0.4419216
45920,94.26,5.739999999999995,175.53072625698323,17.59976,0.44198080000000006
46000,94.25,5.75,175.512104283054,17.613,0.44204000000000004
46080,94.24,5.760000000000005,175.49348230912474,17.62624,0.44209919999999997
46160,94.23,5.769999999999996,175.47486033519553,17.63948,0.44215840000000006
46240,94.22,5.780000000000001,175.4562383612663,17.652720000000002,0.44221760000000004
46320,94.21,5.790000000000006,175.43761638733704,17.66596,0.4422768
46400,94.2,5.799999999999997,175.4189944134078,17.6792,0.44233600000000006
46480,94.19,5.810000000000002,175.40037243947856,17.692439999999998,0.4423952
46560,94.18,5.819999999999993,175.38175046554935,17.70568,0.4424544
46640,94.17,5.829999999999998,175.3631284916201,17.718919999999997,0.44251360000000006
46720,94.16,5.840000000000003,175.34450651769086,17.73216,0.44257280000000004
46800,94.15,5.849999999999994,175.32588454376165,17.7454,0.442632
46880,94.14,5.859999999999999,175.3072625698324,17.75864,0.4426912
46960,94.13,5.8700000000000045,175.28864059590316,17.77188,0.4427504
47040,94.12,5.8799999999999955,175.27001862197392,17.78512,0.4428096000000001
47120,94.11,5.890000000000001,175.25139664804468,17.79836,0.4428688
47200,94.1,5.900000000000006,175.23277467411543,17.8116,0.442928
47280,94.09,5.909999999999997,175.21415270018622,17.824840000000002,0.4429872
47360,94.08,5.920000000000002,175.19553072625698,17.838079999999998,0.44304640000000006
47440,94.07,5.930000000000007,175.17690875232773,17.85132,0.44310560000000004
47520,94.06,5.939999999999998,175.1582867783985,17.86456,0.4431648
47600,94.05,5.950000000000003,175.13966480446925,17.8778,0.443224
47680,94.04,5.959999999999994,175.12104283054003,17.891040000000004,0.44328320000000004
47760,94.03,5.969999999999999,175.1024208566108,17.90428,0.4433424
47840,94.02,5.980000000000004,175.08379888268155,17.917519999999996,0.4434016
47920,94.01,5.989999999999995,175.06517690875233,17.93076,0.44346080000000004
48000,94.0,6.0,175.0465549348231,17.944,0.44352
48080,93.99,6.010000000000005,175.02793296089382,17.95724,0.4435792
48160,93.98,6.019999999999996,175.0093109869646,17.970480000000002,0.4436384000000001
48240,93.97,6.030000000000001,174.99068901303536,17.983719999999998,0.4436976
48320,93.96,6.040000000000006,174.97206703910612,17.996959999999998,0.4437568
48400,93.95,6.049999999999997,174.9534450651769,18.0102,0.44381600000000004
48480,93.94,6.060000000000002,174.93482309124767,18.02344,0.4438752
48560,93.93,6.069999999999993,174.91620111731845,18.03668,0.44393440000000006
48640,93.92,6.079999999999998,174.89757914338918,18.04992,0.44399360000000004
48720,93.91,6.090000000000003,174.87895716945994,18.06316,0.4440528
48800,93.9,6.099999999999994,174.86033519553072,18.0764,0.44411200000000006
48880,93.89,6.109999999999999,174.84171322160148,18.089640000000003,0.44417120000000004
48960,93.88,6.1200000000000045,174.82309124767224,18.10288,0.4442304
49040,93.87,6.1299999999999955,174.80446927374302,18.116120000000002,0.44428960000000006
49120,93.86,6.140000000000001,174.78584729981378,18.12936,0.44434880000000004
49200,93.85,6.150000000000006,174.7672253258845,18.1426,0.444408
49280,93.84,6.159999999999997,174.7486033519553,18.155839999999998,0.4444672
49360,93.83,6.170000000000002,174.72998137802605,18.16908,0.4445264
49440,93.82,6.180000000000007,174.7113594040968,18.182319999999997,0.4445856
49520,93.81,6.189999999999998,174.6927374301676,18.19556,0.44464480000000006
49600,93.8,6.200000000000003,174.67411545623835,18.2088,0.444704
49680,93.79,6.209999999999994,174.6554934823091,18.22204,0.4447632
49760,93.78,6.219999999999999,174.63687150837987,18.23528,0.44482240000000006
49840,93.77,6.230000000000004,174.61824953445063,18.24852,0.44488160000000004
49920,93.76,6.239999999999995,174.5996275605214,18.261760000000002,0.4449408000000001
50000,93.75,6.25,174.58100558659217,18.275,0.445
50080,93.74,6.260000000000005,174.56238361266293,18.288240000000002,0.4450592
50160,93.73,6.269999999999996,174.5437616387337,18.301479999999998,0.4451184
50240,93.72,6.280000000000001,174.52513966480447,18.31472,0.44517760000000006
50320,93.71,6.290000000000006,174.5065176908752,18.327959999999997,0.4452368
50400,93.7,6.299999999999997,174.48789571694599,18.3412,0.445296
50480,93.69,6.310000000000002,174.46927374301674,18.354439999999997,0.4453552
50560,93.68,6.319999999999993,174.45065176908753,18.36768,0.4454144000000001
50640,93.67,6.329999999999998,174.4320297951583,18.38092,0.4454736000000001
50720,93.66,6.340000000000003,174.41340782122904,18.39416,0.4455328
50800,93.65,6.349999999999994,174.3947858472998,18.4074,0.44559200000000004
50880,93.64,6.359999999999999,174.37616387337056,18.42064,0.4456512
50960,93.63,6.3700000000000045,174.35754189944132,18.43388,0.44571040000000006
51040,93.62,6.3799999999999955,174.3389199255121,18.447119999999998,0.44576960000000004
51120,93.61,6.390000000000001,174.32029795158286,18.46036,0.4458288
51200,93.6,6.400000000000006,174.30167597765362,18.473599999999998,0.445888
51280,93.59,6.409999999999997,174.2830540037244,18.48684,0.44594720000000004
51360,93.58,6.420000000000002,174.26443202979513,18.50008,0.4460064
51440,93.57,6.430000000000007,174.2458100558659,18.51332,0.4460656
51520,93.56,6.439999999999998,174.22718808193667,18.52656,0.44612480000000004
51600,93.55,6.450000000000003,174.20856610800743,18.5398,0.446184
51680,93.54,6.459999999999994,174.18994413407822,18.553040000000003,0.44624320000000006
51760,93.53,6.469999999999999,174.17132216014897,18.56628,0.4463024
51840,93.52,6.480000000000004,174.15270018621973,18.579520000000002,0.4463616
51920,93.51,6.489999999999995,174.1340782122905,18.59276,0.44642080000000006
52000,93.5,6.5,174.11545623836125,18.606,0.44648000000000004
52080,93.49,6.510000000000005,174.096834264432,18.619239999999998,0.4465392
52160,93.48,6.519999999999996,174.0782122905028,18.63248,0.44659840000000006
52240,93.47,6.530000000000001,174.05959031657355,18.645719999999997,0.44665760000000004
52320,93.46,6.540000000000006,174.0409683426443,18.65896,0.4467168
52400,93.45,6.549999999999997,174.0223463687151,18.6722,0.44677600000000006
52480,93.44,6.560000000000002,174.00372439478582,18.68544,0.4468352
52560,93.43,6.569999999999993,173.9851024208566,18.698680000000003,0.4468944
52640,93.42,6.579999999999998,173.96648044692736,18.71192,0.44695360000000006
52720,93.41,6.590000000000003,173.94785847299812,18.72516,0.44701280000000004
52800,93.4,6.599999999999994,173.9292364990689,18.7384,0.4470720000000001
52880,93.39,6.609999999999999,173.91061452513966,18.751640000000002,0.4471312
52960,93.38,6.6200000000000045,173.89199255121042,18.764879999999998,0.4471904
53040,93.37,6.6299999999999955,173.87337057728118,18.77812,0.4472496000000001
53120,93.36,6.640000000000001,173.85474860335194,18.791359999999997,0.44730880000000006
53200,93.35,6.650000000000006,173.8361266294227,18.8046,0.447368
53280,93.34,6.659999999999997,173.81750465549348,18.81784,0.4474272
53360,93.33,6.670000000000002,173.79888268156424,18.83108,0.44748640000000006
53440,93.32,6.680000000000007,173.780260707635,18.844319999999996,0.44754560000000004
53520,93.31,6.689999999999998,173.76163873370578,18.85756,0.4476048
53600,93.3,6.700000000000003,173.7430167597765,18.8708,0.447664
53680,93.29,6.709999999999994,173.7243947858473,18.88404,0.44772320000000004
53760,93.28,6.719999999999999,173.70577281191805,18.897280000000002,0.4477824
53840,93.27,6.730000000000004,173.6871508379888,18.910519999999998,0.44784160000000006
53920,93.26,6.739999999999995,173.6685288640596,18.92376,0.44790080000000004
54000,93.25,6.75,173.64990689013035,18.937,0.44796
54080,93.24,6.760000000000005,173.6312849162011,18.95024,0.4480192
54160,93.23,6.769999999999996,173.61266294227187,18.96348,0.4480784000000001
54240,93.22,6.780000000000001,173.59404096834263,18.97672,0.4481376
54320,93.21,6.790000000000006,173.57541899441338,18.98996,0.4481968
54400,93.2,6.799999999999997,173.55679702048417,19.0032,0.44825600000000004
54480,93.19,6.810000000000002,173.53817504655493,19.016440000000003,0.4483152
54560,93.18,6.819999999999993,173.5195530726257,19.02968,0.44837440000000006
54640,93.17,6.829999999999998,173.50093109869644,19.04292,0.4484336
54720,93.16,6.840000000000003,173.4823091247672,19.05616,0.4484928
54800,93.15,6.849999999999994,173.46368715083798,19.0694,0.44855200000000006
54880,93.14,6.859999999999999,173.44506517690874,19.082639999999998,0.44861120000000004
54960,93.13,6.8700000000000045,173.4264432029795,19.09588,0.4486704
55040,93.12,6.8799999999999955,173.40782122905028,19.10912,0.44872960000000006
55120,93.11,6.890000000000001,173.38919925512104,19.12236,0.44878880000000004
55200,93.1,6.900000000000006,173.37057728119177,19.1356,0.448848
55280,93.09,6.909999999999997,173.35195530726256,19.14884,0.44890720000000006
55360,93.08,6.920000000000002,173.33333333333331,19.16208,0.4489664
55440,93.07,6.930000000000007,173.31471135940407,19.17532,0.4490256
55520,93.06,6.939999999999998,173.29608938547486,19.188560000000003,0.44908480000000006
55600,93.05,6.950000000000003,173.27746741154562,19.2018,0.44914400000000004
55680,93.04,6.959999999999994,173.2588454376164,19.215040000000002,0.4492032
55760,93.03,6.969999999999999,173.24022346368713,19.228279999999998,0.44926240000000006
55840,93.02,6.980000000000004,173.2216014897579,19.24152,0.4493216
55920,93.01,6.989999999999995,173.20297951582867,19.254759999999997,0.4493808000000001
56000,93.0,7.0,173.18435754189943,19.268,0.44944
56080,92.99,7.010000000000005,173.1657355679702,19.281239999999997,0.4494992
56160,92.98,7.019999999999996,173.14711359404097,19.29448,0.4495584
56240,92.97,7.030000000000001,173.12849162011173,19.30772,0.44961760000000006
56320,92.96,7.040000000000006,173.10986964618246,19.32096,0.44967680000000004
56400,92.95,7.049999999999997,173.09124767225325,19.3342,0.449736
56480,92.94,7.060000000000002,173.072625698324,19.34744,0.4497952
56560,92.93,7.069999999999993,173.0540037243948,19.360680000000002,0.44985440000000004
56640,92.92,7.079999999999998,173.03538175046555,19.37392,0.4499136
56720,92.91,7.090000000000003,173.0167597765363,19.38716,0.4499728
56800,92.9,7.099999999999994,172.9981378026071,19.4004,0.45003200000000004
56880,92.89,7.109999999999999,172.97951582867782,19.41364,0.4500912
56960,92.88,7.1200000000000045,172.96089385474858,19.426879999999997,0.4501504
57040,92.87,7.1299999999999955,172.94227188081936,19.44012,0.4502096000000001
57120,92.86,7.140000000000001,172.92364990689012,19.453359999999996,0.4502688
57200,92.85,7.150000000000006,172.90502793296088,19.4666,0.450328
57280,92.84,7.159999999999997,172.88640595903166,19.47984,0.45038720000000004
57360,92.83,7.170000000000002,172.86778398510242,19.49308,0.4504464
57440,92.82,7.180000000000007,172.84916201117315,19.50632,0.45050559999999995
57520,92.81,7.189999999999998,172.83054003724394,19.51956,0.45056480000000004
57600,92.8,7.200000000000003,172.8119180633147,19.532799999999998,0.450624
57680,92.79,7.209999999999994,172.79329608938548,19.54604,0.45068320000000006
57760,92.78,7.219999999999999,172.77467411545624,19.55928,0.45074240000000004
57840,92.77,7.230000000000004,172.756052141527,19.572519999999997,0.4508016
57920,92.76,7.239999999999995,172.73743016759775,19.58576,0.45086080000000006
58000,92.75,7.25,172.7188081936685,19.599,0.45092000000000004
58080,92.74,7.260000000000005,172.70018621973927,19.61224,0.4509792
58160,92.73,7.269999999999996,172.68156424581005,19.625480000000003,0.4510384
58240,92.72,7.280000000000001,172.6629422718808,19.63872,0.4510976
58320,92.71,7.290000000000006,172.64432029795157,19.65196,0.4511568
58400,92.7,7.299999999999997,172.62569832402235,19.6652,0.45121600000000006
58480,92.69,7.310000000000002,172.60707635009308,19.678440000000002,0.45127520000000004
58560,92.68,7.319999999999993,172.58845437616387,19.691679999999998,0.4513344
58640,92.67,7.329999999999998,172.56983240223462,19.70492,0.45139360000000006
58720,92.66,7.340000000000003,172.55121042830538,19.718159999999997,0.45145280000000004
58800,92.65,7.349999999999994,172.53258845437617,19.7314,0.4515120000000001
58880,92.64,7.359999999999999,172.51396648044692,19.74464,0.4515712
58960,92.63,7.3700000000000045,172.49534450651768,19.75788,0.4516304
59040,92.62,7.3799999999999955,172.47672253258844,19.77112,0.4516896
59120,92.61,7.390000000000001,172.4581005586592,19.78436,0.45174880000000006
59200,92.6,7.400000000000006,172.43947858472995,19.7976,0.451808
59280,92.59,7.409999999999997,172.42085661080074,19.81084,0.4518672
59360,92.58,7.420000000000002,172.4022346368715,19.824080000000002,0.4519264
59440,92.57,7.430000000000007,172.38361266294226,19.83732,0.4519856
59520,92.56,7.439999999999998,172.36499068901304,19.85056,0.4520448000000001
59600,92.55,7.450000000000003,172.34636871508377,19.863799999999998,0.452104
59680,92.54,7.459999999999994,172.32774674115456,19.87704,0.45216320000000004
59760,92.53,7.469999999999999,172.3091247672253,19.890279999999997,0.4522224
59840,92.52,7.480000000000004,172.29050279329607,19.90352,0.45228160000000006
59920,92.51,7.489999999999995,172.27188081936686,19.91676,0.45234080000000004
60000,92.5,7.5,172.2532588454376,19.93,0.4524
60080,92.49,7.510000000000005,172.23463687150837,19.94324,0.4524592
60160,92.48,7.519999999999996,172.21601489757913,19.95648,0.45251840000000004
60240,92.47,7.530000000000001,172.1973929236499,19.96972,0.4525776
60320,92.46,7.540000000000006,172.17877094972064,19.98296,0.4526368
60400,92.45,7.549999999999997,172.16014897579143,19.9962,0.45269600000000004
60480,92.44,7.560000000000002,172.1415270018622,20.009439999999998,0.4527552
60560,92.43,7.569999999999993,172.12290502793297,20.02268,0.45281440000000006
60640,92.42,7.579999999999998,172.10428305400373,20.03592,0.4528736
60720,92.41,7.590000000000003,172.08566108007446,20.04916,0.4529328
60800,92.4,7.599999999999994,172.06703910614524,20.0624,0.45299200000000006
60880,92.39,7.609999999999999,172.048417132216,20.07564,0.45305120000000004
60960,92.38,7.6200000000000045,172.02979515828676,20.08888,0.4531104
61040,92.37,7.6299999999999955,172.01117318435755,20.10212,0.45316960000000006
61120,92.36,7.640000000000001,171.9925512104283,20.115360000000003,0.45322880000000004
61200,92.35,7.650000000000006,171.97392923649906,20.1286,0.453288
61280,92.34,7.659999999999997,171.95530726256982,20.141840000000002,0.45334720000000006
61360,92.33,7.670000000000002,171.93668528864058,20.155079999999998,0.4534064
61440,92.32,7.680000000000007,171.91806331471133,20.168319999999998,0.4534656
61520,92.31,7.689999999999998,171.89944134078212,20.181559999999998,0.45352480000000006
61600,92.3,7.700000000000003,171.88081936685288,20.1948,0.45358400000000004
61680,92.29,7.709999999999994,171.86219739292366,20.20804,0.4536432000000001
61760,92.28,7.719999999999999,171.84357541899442,20.22128,0.4537024
61840,92.27,7.730000000000004,171.82495344506515,20.23452,0.4537616
61920,92.26,7.739999999999995,171.80633147113593,20.24776,0.4538208000000001
62000,92.25,7.75,171.7877094972067,20.261,0.45388000000000006
62080,92.24,7.760000000000005,171.76908752327745,20.27424,0.4539392
62160,92.23,7.769999999999996,171.75046554934823,20.287480000000002,0.4539984
62240,92.22,7.780000000000001,171.731843575419,20.30072,0.45405760000000006
62320,92.21,7.790000000000006,171.71322160148975,20.31396,0.45411680000000004
62400,92.2,7.799999999999997,171.6945996275605,20.327199999999998,0.4541760000000001
62480,92.19,7.810000000000002,171.67597765363126,20.34044,0.4542352
62560,92.18,7.819999999999993,171.65735567970205,20.35368,0.45429440000000004
62640,92.17,7.829999999999998,171.6387337057728,20.36692,0.4543536
62720,92.16,7.840000000000003,171.62011173184356,20.380159999999997,0.45441280000000006
62800,92.15,7.849999999999994,171.60148975791435,20.3934,0.45447200000000004
62880,92.14,7.859999999999999,171.58286778398508,20.40664,0.4545312
62960,92.13,7.8700000000000045,171.56424581005584,20.41988,0.4545904
63040,92.12,7.8799999999999955,171.54562383612662,20.433120000000002,0.4546496000000001
63120,92.11,7.890000000000001,171.52700186219738,20.44636,0.4547088
63200,92.1,7.900000000000006,171.50837988826814,20.4596,0.454768
63280,92.09,7.909999999999997,171.48975791433892,20.47284,0.45482720000000004
63360,92.08,7.920000000000002,171.47113594040968,20.48608,0.4548864
63440,92.07,7.930000000000007,171.4525139664804,20.499319999999997,0.45494560000000006
63520,92.06,7.939999999999998,171.4338919925512,20.51256,0.45500480000000004
63600,92.05,7.950000000000003,171.41527001862195,20.5258,0.455064
63680,92.04,7.959999999999994,171.39664804469274,20.53904,0.45512320000000006
63760,92.03,7.969999999999999,171.3780260707635,20.55228,0.45518240000000004
63840,92.02,7.980000000000004,171.35940409683425,20.56552,0.4552416
63920,92.01,7.989999999999995,171.34078212290504,20.57876,0.45530080000000006
64000,92.0,8.0,171.32216014897577,20.592,0.45536000000000004
64080,91.99,8.010000000000005,171.30353817504653,20.60524,0.4554192
64160,91.98,8.019999999999996,171.2849162011173,20.618479999999998,0.45547840000000006
64240,91.97,8.030000000000001,171.26629422718807,20.63172,0.4555376
64320,91.96,8.040000000000006,171.24767225325883,20.644959999999998,0.4555968
64400,91.95,8.049999999999997,171.2290502793296,20.6582,0.45565600000000006
64480,91.94,8.060000000000002,171.21042830540037,20.67144,0.45571520000000004
64560,91.93,8.069999999999993,171.19180633147113,20.68468,0.4557744
64640,91.92,8.079999999999998,171.17318435754188,20.69792,0.45583360000000006
64720,91.91,8.090000000000003,171.15456238361264,20.71116,0.4558928
64800,91.9,8.099999999999994,171.13594040968343,20.724400000000003,0.4559520000000001
64880,91.89,8.11,171.11731843575419,20.73764,0.45601120000000006
64960,91.88,8.120000000000005,171.09869646182494,20.750880000000002,0.4560704
65040,91.87,8.129999999999995,171.08007448789573,20.76412,0.4561296
65120,91.86,8.14,171.06145251396646,20.77736,0.45618880000000006
65200,91.85,8.150000000000006,171.04283054003722,20.790599999999998,0.45624800000000004
65280,91.84,8.159999999999997,171.024208566108,20.80384,0.4563072
65360,91.83,8.170000000000002,171.00558659217876,20.817079999999997,0.4563664
65440,91.82,8.180000000000007,170.98696461824952,20.83032,0.4564256
65520,91.81,8.189999999999998,170.9683426443203,20.84356,0.4564848
65600,91.8,8.200000000000003,170.94972067039106,20.8568,0.456544
65680,91.78999999999999,8.210000000000008,170.9310986964618,20.87004,0.4566032
65760,91.78,8.219999999999999,170.91247672253257,20.88328,0.4566624
65840,91.77,8.230000000000004,170.89385474860333,20.89652,0.45672160000000006
65920,91.76,8.239999999999995,170.87523277467412,20.90976,0.4567808000000001
66000,91.75,8.25,170.85661080074487,20.923000000000002,0.45684
66080,91.74,8.260000000000005,170.83798882681563,20.936239999999998,0.4568992
66160,91.73,8.269999999999996,170.8193668528864,20.94948,0.45695840000000004
66240,91.72,8.280000000000001,170.80074487895715,20.962719999999997,0.4570176
66320,91.71,8.290000000000006,170.7821229050279,20.97596,0.45707679999999995
66400,91.7,8.299999999999997,170.7635009310987,20.989199999999997,0.45713600000000004
66480,91.69,8.310000000000002,170.74487895716945,21.00244,0.4571952
66560,91.68,8.319999999999993,170.72625698324023,21.01568,0.45725440000000006
66640,91.67,8.329999999999998,170.707635009311,21.02892,0.4573136000000001
66720,91.66,8.340000000000003,170.68901303538172,21.04216,0.4573728
66800,91.65,8.349999999999994,170.6703910614525,21.0554,0.45743200000000006
66880,91.64,8.36,170.65176908752326,21.06864,0.45749120000000004
66960,91.63,8.370000000000005,170.63314711359402,21.081879999999998,0.4575504
67040,91.62,8.379999999999995,170.6145251396648,21.09512,0.45760960000000006
67120,91.61,8.39,170.59590316573556,21.108359999999998,0.4576688
67200,91.6,8.400000000000006,170.57728119180632,21.1216,0.457728
67280,91.59,8.409999999999997,170.55865921787708,21.13484,0.45778720000000006
67360,91.58,8.420000000000002,170.54003724394784,21.14808,0.45784640000000004
67440,91.57,8.430000000000007,170.5214152700186,21.16132,0.4579056
67520,91.56,8.439999999999998,170.50279329608938,21.17456,0.45796480000000006
67600,91.55,8.450000000000003,170.48417132216014,21.1878,0.45802400000000004
67680,91.53999999999999,8.460000000000008,170.4655493482309,21.20104,0.4580832
67760,91.53,8.469999999999999,170.44692737430168,21.214280000000002,0.4581424
67840,91.52,8.480000000000004,170.4283054003724,21.22752,0.4582016
67920,91.51,8.489999999999995,170.4096834264432,21.24076,0.4582608
68000,91.5,8.5,170.39106145251395,21.253999999999998,0.45832000000000006
68080,91.49,8.510000000000005,170.3724394785847,21.26724,0.45837920000000004
68160,91.48,8.519999999999996,170.3538175046555,21.28048,0.4584384
68240,91.47,8.530000000000001,170.33519553072625,21.29372,0.4584976
68320,91.46,8.540000000000006,170.316573556797,21.306959999999997,0.4585568
68400,91.45,8.549999999999997,170.29795158286777,21.3202,0.4586160000000001
68480,91.44,8.560000000000002,170.27932960893853,21.33344,0.4586752
68560,91.43,8.569999999999993,170.2607076350093,21.34668,0.45873440000000004
68640,91.42,8.579999999999998,170.24208566108007,21.359920000000002,0.4587936
68720,91.41,8.590000000000003,170.22346368715083,21.37316,0.45885280000000006
68800,91.4,8.599999999999994,170.2048417132216,21.386400000000002,0.4589120000000001
68880,91.39,8.61,170.18621973929237,21.399639999999998,0.4589712
68960,91.38,8.620000000000005,170.1675977653631,21.41288,0.4590304
69040,91.37,8.629999999999995,170.14897579143388,21.426119999999997,0.45908960000000004
69120,91.36,8.64,170.13035381750464,21.43936,0.4591488
69200,91.35,8.650000000000006,170.1117318435754,21.452599999999997,0.459208
69280,91.34,8.659999999999997,170.09310986964618,21.46584,0.45926720000000004
69360,91.33,8.670000000000002,170.07448789571694,21.47908,0.4593264
69440,91.32,8.680000000000007,170.0558659217877,21.49232,0.4593856
69520,91.31,8.689999999999998,170.03724394785846,21.50556,0.4594448
69600,91.3,8.700000000000003,170.0186219739292,21.5188,0.459504
69680,91.28999999999999,8.710000000000008,169.99999999999997,21.53204,0.4595632
69760,91.28,8.719999999999999,169.98137802607076,21.545279999999998,0.45962240000000004
69840,91.27,8.730000000000004,169.96275605214151,21.55852,0.4596816
69920,91.26,8.739999999999995,169.9441340782123,21.57176,0.45974080000000006
70000,91.25,8.75,169.92551210428303,21.585,0.45980000000000004
70080,91.24,8.760000000000005,169.9068901303538,21.59824,0.4598592
70160,91.23,8.769999999999996,169.88826815642457,21.61148,0.45991840000000006
70240,91.22,8.780000000000001,169.86964618249533,21.62472,0.4599776
70320,91.21,8.790000000000006,169.8510242085661,21.63796,0.4600368
70400,91.2,8.799999999999997,169.83240223463687,21.651200000000003,0.46009600000000006
70480,91.19,8.810000000000002,169.81378026070763,21.66444,0.46015520000000004
70560,91.18,8.819999999999993,169.7951582867784,21.67768,0.4602144000000001
70640,91.17,8.829999999999998,169.77653631284915,21.69092,0.4602736
70720,91.16,8.840000000000003,169.7579143389199,21.704159999999998,0.4603328
70800,91.15,8.849999999999994,169.7392923649907,21.717399999999998,0.4603920000000001
70880,91.14,8.86,169.72067039106145,21.73064,0.46045120000000006
70960,91.13,8.870000000000005,169.7020484171322,21.743879999999997,0.4605104
71040,91.12,8.879999999999995,169.683426443203,21.75712,0.4605696
71120,91.11,8.89,169.66480446927372,21.77036,0.46062880000000006
71200,91.1,8.900000000000006,169.64618249534448,21.7836,0.46068800000000004
71280,91.09,8.909999999999997,169.62756052141526,21.79684,0.4607472000000001
71360,91.08,8.920000000000002,169.60893854748602,21.81008,0.4608064
71440,91.07,8.930000000000007,169.59031657355678,21.82332,0.4608656
71520,91.06,8.939999999999998,169.57169459962756,21.83656,0.4609248
71600,91.05,8.950000000000003,169.55307262569832,21.849800000000002,0.46098400000000006
71680,91.03999999999999,8.960000000000008,169.53445065176905,21.863039999999998,0.4610432
71760,91.03,8.969999999999999,169.51582867783983,21.87628,0.4611024
71840,91.02,8.980000000000004,169.4972067039106,21.889519999999997,0.4611616
71920,91.01,8.989999999999995,169.47858472998138,21.90276,0.4612208000000001
72000,91.0,9.0,169.45996275605214,21.915999999999997,0.4612800000000001
72080,90.99,9.010000000000005,169.4413407821229,21.92924,0.4613392
72160,90.98,9.019999999999996,169.42271880819368,21.94248,0.46139840000000004
72240,90.97,9.030000000000001,169.4040968342644,21.95572,0.4614576
72320,90.96,9.040000000000006,169.38547486033517,21.96896,0.46151680000000006
72400,90.95,9.049999999999997,169.36685288640595,21.9822,0.46157600000000004
72480,90.94,9.060000000000002,169.3482309124767,21.99544,0.4616352
72560,90.93,9.069999999999993,169.3296089385475,22.008680000000002,0.46169440000000006
72640,90.92,9.079999999999998,169.31098696461825,22.02192,0.46175360000000004
72720,90.91,9.090000000000003,169.292364990689,22.035159999999998,0.4618128
72800,90.9,9.099999999999994,169.27374301675977,22.0484,0.46187200000000006
72880,90.89,9.11,169.25512104283052,22.061639999999997,0.46193120000000004
72960,90.88,9.120000000000005,169.23649906890128,22.07488,0.4619904
73040,90.87,9.129999999999995,169.21787709497207,22.08812,0.46204960000000006
73120,90.86,9.14,169.19925512104282,22.10136,0.4621088
73200,90.85,9.150000000000006,169.18063314711358,22.114599999999996,0.462168
73280,90.84,9.159999999999997,169.16201117318434,22.12784,0.46222720000000006
73360,90.83,9.170000000000002,169.1433891992551,22.14108,0.46228640000000004
73440,90.82,9.180000000000007,169.12476722532585,22.15432,0.46234559999999997
73520,90.81,9.189999999999998,169.10614525139664,22.16756,0.46240480000000006
73600,90.8,9.200000000000003,169.0875232774674,22.180799999999998,0.46246400000000004
73680,90.78999999999999,9.210000000000008,169.06890130353815,22.194039999999998,0.4625232
73760,90.78,9.219999999999999,169.05027932960894,22.20728,0.46258240000000006
73840,90.77,9.230000000000004,169.0316573556797,22.22052,0.4626416
73920,90.76,9.239999999999995,169.01303538175046,22.23376,0.4627008
74000,90.75,9.25,168.9944134078212,22.247,0.46276000000000006
74080,90.74,9.260000000000005,168.97579143389197,22.26024,0.46281920000000004
74160,90.73,9.269999999999996,168.95716945996276,22.27348,0.4628784
74240,90.72,9.280000000000001,168.9385474860335,22.286720000000003,0.4629376
74320,90.71,9.290000000000006,168.91992551210427,22.29996,0.4629968
74400,90.7,9.299999999999997,168.90130353817503,22.313200000000002,0.4630560000000001
74480,90.69,9.310000000000002,168.8826815642458,22.326439999999998,0.46311520000000006
74560,90.68,9.319999999999993,168.86405959031657,22.33968,0.46317440000000004
74640,90.67,9.329999999999998,168.84543761638733,22.352919999999997,0.4632336
74720,90.66,9.340000000000003,168.8268156424581,22.36616,0.46329280000000006
74800,90.65,9.349999999999994,168.80819366852887,22.3794,0.4633520000000001
74880,90.64,9.36,168.78957169459963,22.39264,0.4634112
74960,90.63,9.370000000000005,168.77094972067036,22.40588,0.4634704
75040,90.62,9.379999999999995,168.75232774674114,22.41912,0.46352960000000004
75120,90.61,9.39,168.7337057728119,22.43236,0.4635888
75200,90.6,9.400000000000006,168.71508379888266,22.4456,0.463648
75280,90.59,9.409999999999997,168.69646182495345,22.458840000000002,0.46370720000000004
75360,90.58,9.420000000000002,168.6778398510242,22.47208,0.4637664
75440,90.57,9.430000000000007,168.65921787709496,22.48532,0.4638256
75520,90.56,9.439999999999998,168.64059590316572,22.498559999999998,0.4638848000000001
75600,90.55,9.450000000000003,168.62197392923647,22.5118,0.463944
75680,90.53999999999999,9.460000000000008,168.60335195530723,22.525039999999997,0.4640032
75760,90.53,9.469999999999999,168.58472998137802,22.53828,0.46406240000000004
75840,90.52,9.480000000000004,168.56610800744878,22.551519999999996,0.4641216
75920,90.51,9.489999999999995,168.54748603351956,22.56476,0.46418080000000006
76000,90.5,9.5,168.52886405959032,22.578,0.46424
76080,90.49,9.510000000000005,168.51024208566105,22.59124,0.4642992
76160,90.48,9.519999999999996,168.49162011173183,22.60448,0.46435840000000006
76240,90.47,9.530000000000001,168.4729981378026,22.61772,0.46441760000000004
76320,90.46,9.540000000000006,168.45437616387335,22.630959999999998,0.4644768
76400,90.45,9.549999999999997,168.43575418994413,22.644199999999998,0.46453600000000006
76480,90.44,9.560000000000002,168.4171322160149,22.65744,0.46459520000000004
76560,90.43,9.569999999999993,168.39851024208568,22.67068,0.4646544000000001
76640,90.42,9.579999999999998,168.3798882681564,22.68392,0.4647136
76720,90.41,9.590000000000003,168.36126629422716,22.69716,0.4647728
76800,90.4,9.599999999999994,168.34264432029795,22.7104,0.464832
76880,90.39,9.61,168.3240223463687,22.72364,0.46489120000000006
76960,90.38,9.620000000000005,168.30540037243946,22.73688,0.46495040000000004
77040,90.37,9.629999999999995,168.28677839851025,22.750120000000003,0.4650096
77120,90.36,9.64,168.268156424581,22.76336,0.46506880000000006
77200,90.35,9.650000000000006,168.24953445065174,22.776600000000002,0.465128
77280,90.34,9.659999999999997,168.23091247672252,22.789839999999998,0.4651872000000001
77360,90.33,9.670000000000002,168.21229050279328,22.80308,0.4652464
77440,90.32,9.680000000000007,168.19366852886404,22.816319999999997,0.4653056
77520,90.31,9.689999999999998,168.17504655493482,22.82956,0.4653648
77600,90.3,9.700000000000003,168.15642458100558,22.842799999999997,0.46542400000000006
77680,90.28999999999999,9.710000000000008,168.13780260707634,22.85604,0.46548320000000004
77760,90.28,9.719999999999999,168.1191806331471,22.86928,0.4655424
77840,90.27,9.730000000000004,168.10055865921785,22.88252,0.4656016
77920,90.26,9.739999999999995,168.08193668528864,22.895760000000003,0.4656608000000001
78000,90.25,9.75,168.0633147113594,22.909,0.46572
78080,90.24,9.760000000000005,168.04469273743015,22.92224,0.4657792
78160,90.23,9.769999999999996,168.02607076350094,22.93548,0.46583840000000004
78240,90.22,9.780000000000001,168.00744878957167,22.94872,0.4658976
78320,90.21,9.790000000000006,167.98882681564243,22.961959999999998,0.46595680000000006
78400,90.2,9.799999999999997,167.9702048417132,22.9752,0.4660160000000001
78480,90.19,9.810000000000002,167.95158286778397,22.988439999999997,0.4660752
78560,90.18,9.819999999999993,167.93296089385476,23.00168,0.46613440000000006
78640,90.17,9.829999999999998,167.9143389199255,23.01492,0.46619360000000004
78720,90.16,9.840000000000003,167.89571694599627,23.02816,0.4662528
78800,90.15,9.849999999999994,167.87709497206703,23.0414,0.46631200000000006
78880,90.14,9.86,167.85847299813778,23.05464,0.46637120000000004
78960,90.13,9.870000000000005,167.83985102420854,23.06788,0.4664304
79040,90.12,9.879999999999995,167.82122905027933,23.08112,0.46648960000000006
79120,90.11,9.89,167.80260707635009,23.09436,0.4665488
79200,90.1,9.900000000000006,167.78398510242084,23.107599999999998,0.466608
79280,90.09,9.909999999999997,167.76536312849163,23.12084,0.46666720000000006
79360,90.08,9.920000000000002,167.74674115456236,23.13408,0.46672640000000004
79440,90.07,9.930000000000007,167.72811918063312,23.14732,0.4667856
79520,90.06,9.939999999999998,167.7094972067039,23.16056,0.4668448
79600,90.05,9.950000000000003,167.69087523277466,23.1738,0.466904
79680,90.03999999999999,9.960000000000008,167.67225325884542,23.187039999999996,0.4669632
79760,90.03,9.969999999999999,167.6536312849162,23.20028,0.46702240000000006
79840,90.02,9.980000000000004,167.63500931098696,23.21352,0.4670816
79920,90.01,9.989999999999995,167.61638733705772,23.22676,0.4671408
80000,90.0,10.0,167.59776536312847,23.24,0.46720000000000006
80080,89.99,10.010000000000005,167.57914338919923,23.253239999999998,0.46725920000000004
80160,89.98,10.019999999999996,167.56052141527002,23.26648,0.4673184000000001
80240,89.97,10.030000000000001,167.54189944134077,23.279719999999998,0.4673776
80320,89.96,10.040000000000006,167.52327746741153,23.29296,0.4674368
80400,89.95,10.049999999999997,167.50465549348232,23.3062,0.467496
80480,89.94,10.060000000000002,167.48603351955305,23.31944,0.46755520000000006
80560,89.93,10.069999999999993,167.46741154562383,23.33268,0.46761440000000004
80640,89.92,10.079999999999998,167.4487895716946,23.34592,0.4676736
80720,89.91,10.090000000000003,167.43016759776535,23.35916,0.4677328
80800,89.9,10.099999999999994,167.41154562383613,23.3724,0.4677920000000001
80880,89.89,10.11,167.3929236499069,23.385640000000002,0.4678512000000001
80960,89.88,10.120000000000005,167.37430167597765,23.39888,0.4679104
81040,89.87,10.129999999999995,167.3556797020484,23.41212,0.46796960000000004
81120,89.86,10.14,167.33705772811916,23.425359999999998,0.4680288
81200,89.85,10.150000000000006,167.31843575418992,23.4386,0.46808800000000006
81280,89.84,10.159999999999997,167.2998137802607,23.451839999999997,0.46814720000000004
81360,89.83,10.170000000000002,167.28119180633146,23.46508,0.4682064
81440,89.82,10.180000000000007,167.26256983240222,23.478319999999997,0.4682656
81520,89.81,10.189999999999998,167.24394785847298,23.49156,0.46832480000000004
81600,89.8,10.200000000000003,167.22532588454374,23.5048,0.468384
81680,89.78999999999999,10.210000000000008,167.2067039106145,23.51804,0.4684432
81760,89.78,10.219999999999999,167.18808193668528,23.53128,0.46850240000000004
81840,89.77,10.230000000000004,167.16945996275604,23.54452,0.4685616
81920,89.76,10.239999999999995,167.15083798882682,23.557760000000002,0.46862080000000006
82000,89.75,10.25,167.13221601489758,23.570999999999998,0.46868
82080,89.74,10.260000000000005,167.1135940409683,23.58424,0.4687392
82160,89.73,10.269999999999996,167.0949720670391,23.597479999999997,0.46879840000000006
82240,89.72,10.280000000000001,167.07635009310985,23.61072,0.46885760000000004
82320,89.71,10.290000000000006,167.0577281191806,23.623959999999997,0.46891679999999997
82400,89.7,10.299999999999997,167.0391061452514,23.6372,0.46897600000000006
82480,89.69,10.310000000000002,167.02048417132215,23.650439999999996,0.46903520000000004
82560,89.68,10.319999999999993,167.00186219739294,23.66368,0.4690944000000001
82640,89.67,10.329999999999998,166.98324022346367,23.67692,0.46915360000000006
82720,89.66,10.340000000000003,166.96461824953442,23.69016,0.4692128
82800,89.65,10.349999999999994,166.9459962756052,23.703400000000002,0.469272
82880,89.64,10.36,166.92737430167597,23.716639999999998,0.46933120000000006
82960,89.63,10.370000000000005,166.90875232774673,23.729879999999998,0.46939040000000004
83040,89.62,10.379999999999995,166.8901303538175,23.74312,0.4694496
83120,89.61,10.39,166.87150837988827,23.75636,0.4695088
83200,89.6,10.400000000000006,166.852886405959,23.769599999999997,0.469568
83280,89.59,10.409999999999997,166.83426443202978,23.78284,0.4696272000000001
83360,89.58,10.420000000000002,166.81564245810054,23.79608,0.46968640000000006
83440,89.57,10.430000000000007,166.7970204841713,23.80932,0.4697456
83520,89.56,10.439999999999998,166.77839851024208,23.822560000000003,0.4698048
83600,89.55,10.450000000000003,166.75977653631284,23.8358,0.46986400000000006
83680,89.53999999999999,10.460000000000008,166.7411545623836,23.84904,0.46992320000000004
83760,89.53,10.469999999999999,166.72253258845436,23.86228,0.4699824
83840,89.52,10.480000000000004,166.7039106145251,23.87552,0.4700416
83920,89.51,10.489999999999995,166.6852886405959,23.888759999999998,0.47010080000000004
84000,89.5,10.5,166.66666666666666,23.902,0.47016
84080,89.49,10.510000000000005,166.64804469273741,23.915239999999997,0.47021920000000006
84160,89.48,10.519999999999996,166.6294227188082,23.92848,0.47027840000000004
84240,89.47,10.530000000000001,166.61080074487896,23.94172,0.4703376
84320,89.46,10.540000000000006,166.5921787709497,23.95496,0.4703968
84400,89.45,10.549999999999997,166.57355679702047,23.9682,0.4704560000000001
84480,89.44,10.560000000000002,166.55493482309123,23.98144,0.4705152
84560,89.43,10.569999999999993,166.53631284916202,23.994680000000002,0.47057440000000006
84640,89.42,10.579999999999998,166.51769087523277,24.00792,0.47063360000000004
84720,89.41,10.590000000000003,166.49906890130353,24.021160000000002,0.4706928
84800,89.4,10.599999999999994,166.4804469273743,24.034399999999998,0.47075200000000006
84880,89.39,10.61,166.46182495344505,24.04764,0.47081120000000004
84960,89.38,10.620000000000005,166.4432029795158,24.060879999999997,0.4708704
85040,89.37,10.629999999999995,166.4245810055866,24.07412,0.47092960000000006
85120,89.36,10.64,166.40595903165735,24.087359999999997,0.47098880000000004
85200,89.35,10.650000000000006,166.3873370577281,24.1006,0.471048
85280,89.34,10.659999999999997,166.3687150837989,24.11384,0.47110720000000006
85360,89.33,10.670000000000002,166.35009310986965,24.12708,0.47116640000000004
85440,89.32,10.680000000000007,166.33147113594038,24.14032,0.4712256
85520,89.31,10.689999999999998,166.31284916201116,24.15356,0.4712848
85600,89.3,10.700000000000003,166.29422718808192,24.1668,0.471344
85680,89.28999999999999,10.710000000000008,166.27560521415268,24.180039999999998,0.4714032
85760,89.28,10.719999999999999,166.25698324022346,24.19328,0.47146240000000006
85840,89.27,10.730000000000004,166.23836126629422,24.206519999999998,0.47152160000000004
85920,89.26,10.739999999999995,166.21973929236498,24.21976,0.4715808
86000,89.25,10.75,166.20111731843573,24.233,0.47164000000000006
86080,89.24,10.760000000000005,166.1824953445065,24.24624,0.47169920000000004
86160,89.23,10.769999999999996,166.16387337057728,24.25948,0.4717584000000001
86240,89.22,10.780000000000001,166.14525139664804,24.27272,0.4718176
86320,89.21,10.790000000000006,166.1266294227188,24.28596,0.4718768
86400,89.2,10.799999999999997,166.10800744878958,24.2992,0.471936
86480,89.19,10.810000000000002,166.0893854748603,24.31244,0.47199520000000006
86560,89.18,10.819999999999993,166.0707635009311,24.32568,0.4720544000000001
86640,89.17,10.829999999999998,166.05214152700185,24.338919999999998,0.4721136
86720,89.16,10.840000000000003,166.0335195530726,24.352159999999998,0.4721728
86800,89.15,10.849999999999994,166.0148975791434,24.3654,0.4722320000000001
86880,89.14,10.86,165.99627560521415,24.378639999999997,0.4722912
86960,89.13,10.870000000000005,165.9776536312849,24.39188,0.4723504
87040,89.12,10.879999999999995,165.95903165735567,24.40512,0.47240960000000004
87120,89.11,10.89,165.94040968342642,24.41836,0.4724688
87200,89.1,10.900000000000006,165.92178770949718,24.4316,0.47252800000000006
87280,89.09,10.909999999999997,165.90316573556797,24.44484,0.4725872000000001
87360,89.08,10.920000000000002,165.88454376163872,24.45808,0.4726464
87440,89.07,10.930000000000007,165.86592178770948,24.47132,0.4727056
87520,89.06,10.939999999999998,165.84729981378027,24.484560000000002,0.47276480000000004
87600,89.05,10.950000000000003,165.828677839851,24.497799999999998,0.472824
87680,89.03999999999999,10.960000000000008,165.81005586592175,24.51104,0.47288319999999995
87760,89.03,10.969999999999999,165.79143389199254,24.524279999999997,0.47294240000000004
87840,89.02,10.980000000000004,165.7728119180633,24.53752,0.4730016
87920,89.01,10.989999999999995,165.75418994413408,24.55076,0.47306080000000006
88000,89.0,11.0,165.73556797020484,24.564,0.47312
88080,88.99,11.010000000000005,165.7169459962756,24.577239999999996,0.4731792
88160,88.98,11.019999999999996,165.69832402234636,24.59048,0.47323840000000006
88240,88.97,11.030000000000001,165.6797020484171,24.60372,0.47329760000000004
88320,88.96,11.040000000000006,165.66108007448787,24.61696,0.4733568
88400,88.95,11.049999999999997,165.64245810055866,24.630200000000002,0.47341600000000006
88480,88.94,11.060000000000002,165.6238361266294,24.64344,0.4734752
88560,88.93,11.069999999999993,165.6052141527002,24.65668,0.4735344000000001
88640,88.92,11.079999999999998,165.58659217877096,24.66992,0.47359360000000006
88720,88.91,11.090000000000003,165.56797020484169,24.68316,0.4736528
88800,88.9,11.099999999999994,165.54934823091247,24.696399999999997,0.473712
88880,88.89,11.11,165.53072625698323,24.70964,0.47377120000000006
88960,88.88,11.120000000000005,165.512104283054,24.722879999999996,0.47383040000000004
89040,88.87,11.129999999999995,165.49348230912477,24.73612,0.4738896000000001
89120,88.86,11.14,165.47486033519553,24.74936,0.4739488
89200,88.85,11.150000000000006,165.4562383612663,24.7626,0.474008
89280,88.84,11.159999999999997,165.43761638733704,24.77584,0.4740672
89360,88.83,11.170000000000002,165.4189944134078,24.78908,0.47412640000000006
89440,88.82,11.180000000000007,165.40037243947856,24.802319999999998,0.4741856
89520,88.81,11.189999999999998,165.38175046554935,24.815559999999998,0.4742448
89600,88.8,11.200000000000003,165.3631284916201,24.8288,0.474304
89680,88.78999999999999,11.210000000000008,165.34450651769086,24.842039999999997,0.4743632
89760,88.78,11.219999999999999,165.32588454376162,24.85528,0.4744224000000001
89840,88.77,11.230000000000004,165.30726256983237,24.86852,0.4744816
89920,88.76,11.239999999999995,165.28864059590316,24.88176,0.47454080000000004
90000,88.75,11.25,165.27001862197392,24.895,0.4746
90080,88.74,11.260000000000005,165.25139664804468,24.90824,0.47465920000000006
90160,88.73,11.269999999999996,165.23277467411546,24.92148,0.47471840000000004
90240,88.72,11.280000000000001,165.21415270018622,24.93472,0.4747776
90320,88.71,11.290000000000006,165.19553072625695,24.947960000000002,0.4748368
90400,88.7,11.299999999999997,165.17690875232773,24.9612,0.47489600000000004
90480,88.69,11.310000000000002,165.1582867783985,24.974439999999998,0.4749552
90560,88.68,11.319999999999993,165.13966480446928,24.987679999999997,0.47501440000000006
90640,88.67,11.329999999999998,165.12104283054003,25.00092,0.47507360000000004
90720,88.66,11.340000000000003,165.1024208566108,25.01416,0.4751328
90800,88.65,11.349999999999994,165.08379888268158,25.0274,0.47519200000000006
90880,88.64,11.36,165.0651769087523,25.04064,0.4752512
90960,88.63,11.370000000000005,165.04655493482306,25.05388,0.4753104
91040,88.62,11.379999999999995,165.02793296089385,25.067119999999996,0.47536960000000006
91120,88.61,11.39,165.0093109869646,25.08036,0.47542880000000004
91200,88.6,11.400000000000006,164.99068901303536,25.0936,0.47548799999999997
91280,88.59,11.409999999999997,164.97206703910615,25.10684,0.47554720000000006
91360,88.58,11.420000000000002,164.9534450651769,25.120079999999998,0.47560640000000004
91440,88.57,11.430000000000007,164.93482309124764,25.133319999999998,0.4756656
91520,88.56,11.439999999999998,164.91620111731842,25.14656,0.47572480000000006
91600,88.55,11.450000000000003,164.89757914338918,25.1598,0.475784
91680,88.53999999999999,11.460000000000008,164.87895716945994,25.173039999999997,0.4758432
91760,88.53,11.469999999999999,164.86033519553072,25.186279999999996,0.47590240000000006
91840,88.52,11.480000000000004,164.84171322160148,25.19952,0.47596160000000004
91920,88.51,11.489999999999995,164.82309124767227,25.212760000000003,0.4760208
92000,88.5,11.5,164.804469273743,25.226,0.47608
92080,88.49,11.510000000000005,164.78584729981375,25.23924,0.4761392
92160,88.48,11.519999999999996,164.76722532588454,25.25248,0.4761984000000001
92240,88.47,11.530000000000001,164.7486033519553,25.26572,0.47625760000000006
92320,88.46,11.540000000000006,164.72998137802605,25.278959999999998,0.4763168
92400,88.45,11.549999999999997,164.71135940409684,25.2922,0.476376
92480,88.44,11.560000000000002,164.6927374301676,25.305439999999997,0.47643520000000006
92560,88.43,11.569999999999993,164.67411545623835,25.31868,0.4764944000000001
92640,88.42,11.579999999999998,164.6554934823091,25.331919999999997,0.4765536
92720,88.41,11.590000000000003,164.63687150837987,25.34516,0.4766128
92800,88.4,11.599999999999994,164.61824953445065,25.358400000000003,0.47667200000000004
92880,88.39,11.61,164.5996275605214,25.37164,0.4767312
92960,88.38,11.620000000000005,164.58100558659217,25.384879999999995,0.47679040000000006
93040,88.37,11.629999999999995,164.56238361266293,25.39812,0.47684960000000004
93120,88.36,11.64,164.54376163873368,25.411360000000002,0.4769088
93200,88.35,11.650000000000006,164.52513966480444,25.424599999999998,0.476968
93280,88.34,11.659999999999997,164.50651769087523,25.43784,0.4770272000000001
93360,88.33,11.670000000000002,164.48789571694599,25.451079999999997,0.4770864
93440,88.32,11.680000000000007,164.46927374301674,25.46432,0.4771456
93520,88.31,11.689999999999998,164.45065176908753,25.477559999999997,0.47720480000000004
93600,88.3,11.700000000000003,164.43202979515826,25.4908,0.477264
93680,88.28999999999999,11.710000000000008,164.41340782122901,25.504039999999996,0.47732320000000006
93760,88.28,11.719999999999999,164.3947858472998,25.51728,0.47738240000000004
93840,88.27,11.730000000000004,164.37616387337056,25.530519999999996,0.4774416
93920,88.26,11.739999999999995,164.35754189944134,25.54376,0.47750080000000006
94000,88.25,11.75,164.3389199255121,25.557000000000002,0.47756000000000004
94080,88.24,11.760000000000005,164.32029795158286,25.57024,0.4776192
94160,88.23,11.769999999999996,164.30167597765362,25.583479999999998,0.47767840000000006
94240,88.22,11.780000000000001,164.28305400372437,25.596719999999998,0.47773760000000004
94320,88.21,11.790000000000006,164.26443202979513,25.60996,0.4777968
94400,88.2,11.799999999999997,164.24581005586592,25.6232,0.47785600000000006
94480,88.19,11.810000000000002,164.22718808193667,25.63644,0.4779152
94560,88.18,11.819999999999993,164.20856610800746,25.64968,0.4779744000000001
94640,88.17,11.829999999999998,164.18994413407822,25.66292,0.47803360000000006
94720,88.16,11.840000000000003,164.17132216014895,25.676160000000003,0.47809280000000004
94800,88.15,11.849999999999994,164.15270018621973,25.6894,0.478152
94880,88.14,11.86,164.1340782122905,25.70264,0.47821120000000006
94960,88.13,11.870000000000005,164.11545623836125,25.71588,0.47827040000000004
95040,88.12,11.879999999999995,164.09683426443203,25.72912,0.4783296000000001
95120,88.11,11.89,164.0782122905028,25.742359999999998,0.4783888
95200,88.1,11.900000000000006,164.05959031657355,25.7556,0.478448
95280,88.09,11.909999999999997,164.0409683426443,25.76884,0.4785072
95360,88.08,11.920000000000002,164.02234636871506,25.78208,0.47856640000000006
95440,88.07,11.930000000000007,164.00372439478582,25.795319999999997,0.47862560000000004
95520,88.06,11.939999999999998,163.9851024208566,25.80856,0.4786848
95600,88.05,11.950000000000003,163.96648044692736,25.8218,0.478744
95680,88.03999999999999,11.960000000000008,163.94785847299812,25.83504,0.4788032
95760,88.03,11.969999999999999,163.9292364990689,25.84828,0.4788624000000001
95840,88.02,11.980000000000004,163.91061452513964,25.86152,0.4789216
95920,88.01,11.989999999999995,163.89199255121042,25.874760000000002,0.47898080000000004
96000,88.0,12.0,163.87337057728118,25.887999999999998,0.47904
96080,87.99,12.010000000000005,163.85474860335194,25.901239999999998,0.47909920000000006
96160,87.98,12.019999999999996,163.83612662942272,25.914479999999998,0.4791584000000001
96240,87.97,12.030000000000001,163.81750465549348,25.92772,0.4792176
96320,87.96,12.040000000000006,163.79888268156424,25.940959999999997,0.4792768
96400,87.95,12.049999999999997,163.780260707635,25.9542,0.47933600000000004
96480,87.94,12.060000000000002,163.76163873370575,25.96744,0.4793952
96560,87.93,12.069999999999993,163.74301675977654,25.98068,0.47945440000000006
96640,87.92,12.079999999999998,163.7243947858473,25.993919999999996,0.47951360000000004
96720,87.91,12.090000000000003,163.70577281191805,26.00716,0.4795728
96800,87.9,12.099999999999994,163.68715083798884,26.020400000000002,0.47963200000000006
96880,87.89,12.11,163.66852886405957,26.03364,0.4796912000000001
96960,87.88,12.120000000000005,163.64990689013032,26.046879999999998,0.4797504
97040,87.87,12.129999999999995,163.6312849162011,26.060119999999998,0.47980960000000006
97120,87.86,12.14,163.61266294227187,26.07336,0.47986880000000004
97200,87.85,12.150000000000006,163.59404096834263,26.0866,0.479928
97280,87.84,12.159999999999997,163.5754189944134,26.09984,0.47998720000000006
97360,87.83,12.170000000000002,163.55679702048417,26.113079999999997,0.48004640000000004
97440,87.82,12.180000000000007,163.53817504655493,26.12632,0.4801056
97520,87.81,12.189999999999998,163.51955307262568,26.139560000000003,0.48016480000000006
97600,87.8,12.200000000000003,163.50093109869644,26.1528,0.480224
97680,87.78999999999999,12.210000000000008,163.4823091247672,26.16604,0.4802832
97760,87.78,12.219999999999999,163.46368715083798,26.17928,0.48034240000000006
97840,87.77,12.230000000000004,163.44506517690874,26.192520000000002,0.48040160000000004
97920,87.76,12.239999999999995,163.42644320297953,26.205759999999998,0.4804608000000001
98000,87.75,12.25,163.40782122905026,26.219,0.48052
98080,87.74,12.260000000000005,163.389199255121,26.232239999999997,0.4805792
98160,87.73,12.269999999999996,163.3705772811918,26.24548,0.4806384
98240,87.72,12.280000000000001,163.35195530726256,26.258719999999997,0.48069760000000006
98320,87.71,12.290000000000006,163.33333333333331,26.27196,0.4807568
98400,87.7,12.299999999999997,163.3147113594041,26.285200000000003,0.480816
98480,87.69,12.310000000000002,163.29608938547486,26.29844,0.48087520000000006
98560,87.68,12.319999999999993,163.27746741154562,26.31168,0.4809344000000001
98640,87.67,12.329999999999998,163.25884543761637,26.32492,0.4809936000000001
98720,87.66,12.340000000000003,163.24022346368713,26.338160000000002,0.4810528
98800,87.65,12.349999999999994,163.22160148975792,26.351399999999998,0.48111200000000004
98880,87.64,12.36,163.20297951582867,26.36464,0.4811712
98960,87.63,12.370000000000005,163.18435754189943,26.377879999999998,0.48123040000000006
99040,87.62,12.379999999999995,163.16573556797022,26.39112,0.48128960000000004
99120,87.61,12.39,163.14711359404095,26.404359999999997,0.4813488
99200,87.6,12.400000000000006,163.1284916201117,26.4176,0.481408
99280,87.59,12.409999999999997,163.1098696461825,26.43084,0.4814672000000001
99360,87.58,12.420000000000002,163.09124767225325,26.44408,0.4815264
99440,87.57,12.430000000000007,163.072625698324,26.457319999999996,0.4815856
99520,87.56,12.439999999999998,163.0540037243948,26.47056,0.48164480000000004
99600,87.55,12.450000000000003,163.03538175046555,26.483800000000002,0.481704
99680,87.53999999999999,12.460000000000008,163.01675977653628,26.49704,0.48176320000000006
99760,87.53,12.469999999999999,162.99813780260706,26.510279999999998,0.4818224
99840,87.52,12.480000000000004,162.97951582867782,26.523519999999998,0.4818816
99920,87.51,12.489999999999995,162.9608938547486,26.53676,0.48194080000000006
100000,87.5,12.5,162.94227188081936,26.55,0.48200000000000004
100080,87.49,12.510000000000005,162.92364990689012,26.56324,0.4820592
100160,87.48,12.519999999999996,162.9050279329609,26.57648,0.48211840000000006
100240,87.47,12.530000000000001,162.88640595903163,26.58972,0.48217760000000004
100320,87.46,12.540000000000006,162.8677839851024,26.602959999999996,0.4822368
100400,87.45,12.549999999999997,162.84916201117318,26.6162,0.48229600000000006
100480,87.44,12.560000000000002,162.83054003724394,26.62944,0.4823552
100560,87.43,12.569999999999993,162.81191806331472,26.64268,0.4824144
100640,87.42,12.579999999999998,162.79329608938548,26.65592,0.48247360000000006
100720,87.41,12.590000000000003,162.77467411545624,26.669159999999998,0.48253280000000004
100800,87.4,12.599999999999994,162.756052141527,26.6824,0.4825920000000001
100880,87.39,12.61,162.73743016759775,26.69564,0.48265120000000006
100960,87.38,12.620000000000005,162.7188081936685,26.708879999999997,0.4827104
101040,87.37,12.629999999999995,162.7001862197393,26.722119999999997,0.4827696000000001
101120,87.36,12.64,162.68156424581005,26.73536,0.48282880000000006
101200,87.35,12.650000000000006,162.6629422718808,26.7486,0.482888
101280,87.34,12.659999999999997,162.64432029795157,26.76184,0.4829472
101360,87.33,12.670000000000002,162.62569832402232,26.77508,0.48300640000000006
101440,87.32,12.680000000000007,162.60707635009308,26.78832,0.48306560000000004
101520,87.31,12.689999999999998,162.58845437616387,26.801560000000002,0.4831248
101600,87.3,12.700000000000003,162.56983240223462,26.814799999999998,0.483184
101680,87.28999999999999,12.710000000000008,162.55121042830538,26.828039999999998,0.4832432
101760,87.28,12.719999999999999,162.53258845437617,26.841279999999998,0.4833024
101840,87.27,12.730000000000004,162.5139664804469,26.85452,0.48336160000000006
101920,87.26,12.739999999999995,162.49534450651768,26.867759999999997,0.48342080000000004
102000,87.25,12.75,162.47672253258844,26.881,0.48348
102080,87.24,12.760000000000005,162.4581005586592,26.89424,0.48353920000000006
102160,87.23,12.769999999999996,162.43947858472998,26.90748,0.4835984000000001
102240,87.22,12.780000000000001,162.42085661080074,26.920719999999996,0.4836576
102320,87.21,12.790000000000006,162.4022346368715,26.93396,0.4837168
102400,87.2,12.799999999999997,162.38361266294226,26.947200000000002,0.48377600000000004
102480,87.19,12.810000000000002,162.364990689013,26.96044,0.4838352
102560,87.18,12.819999999999993,162.3463687150838,26.97368,0.48389440000000006
102640,87.17,12.829999999999998,162.32774674115456,26.986919999999998,0.4839536
102720,87.16,12.840000000000003,162.3091247672253,27.00016,0.4840128
102800,87.15,12.849999999999994,162.2905027932961,27.013399999999997,0.48407200000000006
102880,87.14,12.86,162.27188081936686,27.02664,0.4841312000000001
102960,87.13,12.870000000000005,162.25325884543759,27.039879999999997,0.4841904
103040,87.12,12.879999999999995,162.23463687150837,27.05312,0.48424960000000006
103120,87.11,12.89,162.21601489757913,27.066359999999996,0.48430880000000004
103200,87.1,12.900000000000006,162.1973929236499,27.0796,0.484368
103280,87.09,12.909999999999997,162.17877094972067,27.092840000000002,0.48442720000000006
103360,87.08,12.920000000000002,162.16014897579143,27.10608,0.4844864
103440,87.07,12.930000000000007,162.1415270018622,27.119319999999995,0.4845456
103520,87.06,12.939999999999998,162.12290502793294,27.132559999999998,0.48460480000000006
103600,87.05,12.950000000000003,162.1042830540037,27.1458,0.48466400000000004
103680,87.03999999999999,12.960000000000008,162.08566108007446,27.159039999999997,0.4847232
103760,87.03,12.969999999999999,162.06703910614524,27.17228,0.48478240000000006
103840,87.02,12.980000000000004,162.048417132216,27.185519999999997,0.4848416
103920,87.01,12.989999999999995,162.0297951582868,27.19876,0.4849008000000001
104000,87.0,13.0,162.01117318435755,27.212000000000003,0.48496000000000006
104080,86.99,13.010000000000005,161.99255121042827,27.22524,0.4850192
104160,86.98,13.019999999999996,161.97392923649906,27.23848,0.4850784
104240,86.97,13.030000000000001,161.95530726256982,27.25172,0.48513760000000006
104320,86.96,13.040000000000006,161.93668528864058,27.264960000000002,0.48519680000000004
104400,86.95,13.049999999999997,161.91806331471136,27.2782,0.485256
104480,86.94,13.060000000000002,161.89944134078212,27.29144,0.48531520000000006
104560,86.93,13.069999999999993,161.88081936685288,27.30468,0.4853744000000001
104640,86.92,13.079999999999998,161.86219739292363,27.31792,0.4854336
104720,86.91,13.090000000000003,161.8435754189944,27.331159999999997,0.4854928
104800,86.9,13.099999999999994,161.82495344506518,27.3444,0.48555200000000004
104880,86.89,13.11,161.80633147113593,27.35764,0.4856112
104960,86.88,13.120000000000005,161.7877094972067,27.37088,0.48567040000000006
105040,86.87,13.129999999999995,161.76908752327748,27.38412,0.4857296000000001
105120,86.86,13.14,161.7504655493482,27.39736,0.4857888
105200,86.85,13.150000000000006,161.73184357541896,27.410600000000002,0.485848
105280,86.84,13.159999999999997,161.71322160148975,27.42384,0.4859072000000001
105360,86.83,13.170000000000002,161.6945996275605,27.437079999999998,0.4859664
105440,86.82,13.180000000000007,161.67597765363126,27.450319999999998,0.48602559999999995
105520,86.81,13.189999999999998,161.65735567970205,27.46356,0.48608480000000004
105600,86.8,13.200000000000003,161.6387337057728,27.476799999999997,0.486144
105680,86.78999999999999,13.210000000000008,161.62011173184354,27.49004,0.48620320000000006
105760,86.78,13.219999999999999,161.60148975791432,27.50328,0.4862624000000001
105840,86.77,13.230000000000004,161.58286778398508,27.51652,0.4863216
105920,86.76,13.239999999999995,161.56424581005587,27.529759999999996,0.48638080000000006
106000,86.75,13.25,161.54562383612662,27.543,0.48644000000000004
106080,86.74,13.260000000000005,161.52700186219738,27.55624,0.4864992
106160,86.73,13.269999999999996,161.50837988826817,27.56948,0.48655840000000006
106240,86.72,13.280000000000001,161.4897579143389,27.58272,0.4866176
106320,86.71,13.290000000000006,161.47113594040965,27.595959999999998,0.4866768
106400,86.7,13.299999999999997,161.45251396648044,27.6092,0.48673600000000006
106480,86.69,13.310000000000002,161.4338919925512,27.62244,0.4867952000000001
106560,86.68,13.319999999999993,161.41527001862198,27.63568,0.4868544
106640,86.67,13.329999999999998,161.39664804469274,27.648919999999997,0.48691360000000006
106720,86.66,13.340000000000003,161.3780260707635,27.66216,0.48697280000000004
106800,86.65,13.349999999999994,161.35940409683425,27.675400000000003,0.4870320000000001
106880,86.64,13.36,161.340782122905,27.68864,0.48709120000000006
106960,86.63,13.370000000000005,161.32216014897577,27.70188,0.4871504
107040,86.62,13.379999999999995,161.30353817504655,27.71512,0.4872096
107120,86.61,13.39,161.2849162011173,27.728359999999995,0.48726880000000006
107200,86.6,13.400000000000006,161.26629422718807,27.7416,0.487328
107280,86.59,13.409999999999997,161.24767225325886,27.75484,0.4873872
107360,86.58,13.420000000000002,161.22905027932958,27.768079999999998,0.48744640000000006
107440,86.57,13.430000000000007,161.21042830540034,27.781319999999997,0.4875056
107520,86.56,13.439999999999998,161.19180633147113,27.794559999999997,0.4875648000000001
107600,86.55,13.450000000000003,161.17318435754188,27.8078,0.487624
107680,86.53999999999999,13.460000000000008,161.15456238361264,27.82104,0.4876832
107760,86.53,13.469999999999999,161.13594040968343,27.83428,0.4877424
107840,86.52,13.480000000000004,161.11731843575419,27.847519999999996,0.48780160000000006
107920,86.51,13.489999999999995,161.09869646182494,27.86076,0.48786080000000004
108000,86.5,13.5,161.0800744878957,27.874000000000002,0.48792
108080,86.49,13.510000000000005,161.06145251396646,27.88724,0.4879792
108160,86.48,13.519999999999996,161.04283054003724,27.90048,0.4880384000000001
108240,86.47,13.530000000000001,161.024208566108,27.913719999999998,0.4880976
108320,86.46,13.540000000000006,161.00558659217876,27.92696,0.4881568
108400,86.45,13.549999999999997,160.98696461824952,27.940199999999997,0.48821600000000004
108480,86.44,13.560000000000002,160.96834264432027,27.95344,0.4882752
108560,86.43,13.569999999999993,160.94972067039106,27.96668,0.48833440000000006
108640,86.42,13.579999999999998,160.93109869646182,27.97992,0.4883936
108720,86.41,13.590000000000003,160.91247672253257,27.993159999999996,0.4884528
108800,86.4,13.599999999999994,160.89385474860336,28.0064,0.48851200000000006
108880,86.39,13.61,160.87523277467412,28.019640000000003,0.48857120000000004
108960,86.38,13.620000000000005,160.85661080074487,28.03288,0.4886304
109040,86.37,13.629999999999995,160.83798882681563,28.04612,0.48868960000000006
109120,86.36,13.64,160.8193668528864,28.059359999999998,0.48874880000000004
109200,86.35,13.650000000000006,160.80074487895715,28.0726,0.488808
109280,86.34,13.659999999999997,160.78212290502793,28.085839999999997,0.48886720000000006
109360,86.33,13.670000000000002,160.7635009310987,28.09908,0.4889264
109440,86.32,13.680000000000007,160.74487895716945,28.112319999999997,0.4889856
109520,86.31,13.689999999999998,160.7262569832402,28.12556,0.48904480000000006
109600,86.3,13.700000000000003,160.70763500931096,28.138799999999996,0.48910400000000004
109680,86.28999999999999,13.710000000000008,160.68901303538172,28.15204,0.4891632
109760,86.28,13.719999999999999,160.6703910614525,28.16528,0.48922240000000006
109840,86.27,13.730000000000004,160.65176908752326,28.17852,0.4892816
109920,86.26,13.739999999999995,160.63314711359405,28.19176,0.4893408000000001
110000,86.25,13.75,160.6145251396648,28.205,0.48940000000000006
110080,86.24,13.760000000000005,160.59590316573554,28.21824,0.4894592
110160,86.23,13.769999999999996,160.57728119180632,28.23148,0.4895184
110240,86.22,13.780000000000001,160.55865921787708,28.244719999999997,0.48957760000000006
110320,86.21,13.790000000000006,160.54003724394784,28.257959999999997,0.48963680000000004
110400,86.2,13.799999999999997,160.52141527001862,28.2712,0.4896960000000001
110480,86.19,13.810000000000002,160.50279329608938,28.28444,0.4897552
110560,86.18,13.819999999999993,160.48417132216017,28.29768,0.4898144000000001
110640,86.17,13.829999999999998,160.4655493482309,28.31092,0.4898736
110720,86.16,13.840000000000003,160.44692737430165,28.32416,0.48993280000000006
110800,86.15,13.849999999999994,160.42830540037244,28.337400000000002,0.48999200000000004
110880,86.14,13.86,160.4096834264432,28.35064,0.4900512
110960,86.13,13.870000000000005,160.39106145251395,28.363879999999998,0.49011040000000006
111040,86.12,13.879999999999995,160.37243947858474,28.377119999999998,0.4901696000000001
111120,86.11,13.89,160.3538175046555,28.39036,0.4902288
111200,86.1,13.900000000000006,160.33519553072622,28.403599999999997,0.490288
111280,86.09,13.909999999999997,160.316573556797,28.41684,0.49034720000000004
111360,86.08,13.920000000000002,160.29795158286777,28.43008,0.4904064
111440,86.07,13.930000000000007,160.27932960893853,28.44332,0.49046560000000006
111520,86.06,13.939999999999998,160.2607076350093,28.456559999999996,0.49052480000000004
111600,86.05,13.950000000000003,160.24208566108007,28.4698,0.490584
111680,86.03999999999999,13.960000000000008,160.22346368715083,28.48304,0.4906432
111760,86.03,13.969999999999999,160.20484171322158,28.49628,0.4907024000000001
111840,86.02,13.980000000000004,160.18621973929234,28.50952,0.4907616
111920,86.01,13.989999999999995,160.16759776536313,28.522759999999998,0.49082080000000006
112000,86.0,14.0,160.14897579143388,28.536,0.49088000000000004
112080,85.99,14.010000000000005,160.13035381750464,28.549239999999998,0.4909392
112160,85.98,14.019999999999996,160.11173184357543,28.56248,0.49099840000000006
112240,85.97,14.030000000000001,160.09310986964618,28.575719999999997,0.4910576
112320,85.96,14.040000000000006,160.0744878957169,28.58896,0.4911168
112400,85.95,14.049999999999997,160.0558659217877,28.602199999999996,0.49117600000000006
112480,85.94,14.060000000000002,160.03724394785846,28.61544,0.49123520000000004
112560,85.93,14.069999999999993,160.01862197392924,28.628680000000003,0.4912944
112640,85.92,14.079999999999998,160.0,28.64192,0.49135360000000006
112720,85.91,14.090000000000003,159.98137802607076,28.655159999999995,0.49141280000000004
112800,85.9,14.099999999999994,159.96275605214151,28.6684,0.4914720000000001
112880,85.89,14.11,159.94413407821227,28.68164,0.49153120000000006
112960,85.88,14.120000000000005,159.92551210428303,28.694879999999998,0.4915904
113040,85.87,14.129999999999995,159.90689013035382,28.70812,0.4916496
113120,85.86,14.14,159.88826815642457,28.721359999999997,0.49170880000000006
113200,85.85,14.150000000000006,159.86964618249533,28.7346,0.49176800000000004
113280,85.84,14.159999999999997,159.85102420856612,28.747840000000004,0.4918272
113360,85.83,14.170000000000002,159.83240223463685,28.76108,0.49188640000000006
113440,85.82,14.180000000000007,159.8137802607076,28.774319999999996,0.4919456
113520,85.81,14.189999999999998,159.7951582867784,28.78756,0.4920048
113600,85.8,14.200000000000003,159.77653631284915,28.800800000000002,0.492064
113680,85.78999999999999,14.210000000000008,159.7579143389199,28.81404,0.4921232
113760,85.78,14.219999999999999,159.7392923649907,28.827280000000002,0.4921824
113840,85.77,14.230000000000004,159.72067039106145,28.840519999999998,0.49224160000000006
113920,85.76,14.239999999999995,159.7020484171322,28.853759999999998,0.4923008000000001
114000,85.75,14.25,159.68342644320296,28.866999999999997,0.49236
114080,85.74,14.260000000000005,159.66480446927372,28.88024,0.4924192
114160,85.73,14.269999999999996,159.6461824953445,28.89348,0.4924784000000001
114240,85.72,14.280000000000001,159.62756052141526,28.90672,0.4925376
114320,85.71,14.290000000000006,159.60893854748602,28.919959999999996,0.49259679999999995
114400,85.7,14.299999999999997,159.5903165735568,28.9332,0.49265600000000004
114480,85.69,14.310000000000002,159.57169459962753,28.946440000000003,0.4927152
114560,85.68,14.319999999999993,159.55307262569832,28.95968,0.49277440000000006
114640,85.67,14.329999999999998,159.53445065176908,28.97292,0.4928336000000001
114720,85.66,14.340000000000003,159.51582867783983,28.986159999999998,0.4928928
114800,85.65,14.349999999999994,159.49720670391062,28.9994,0.49295200000000006
114880,85.64,14.36,159.47858472998138,29.012639999999998,0.49301120000000004
114960,85.63,14.370000000000005,159.45996275605214,29.02588,0.4930704
115040,85.62,14.379999999999995,159.4413407821229,29.03912,0.49312960000000006
115120,85.61,14.39,159.42271880819365,29.05236,0.4931888
115200,85.6,14.400000000000006,159.4040968342644,29.065599999999996,0.493248
115280,85.59,14.409999999999997,159.3854748603352,29.07884,0.49330720000000006
115360,85.58,14.420000000000002,159.36685288640595,29.09208,0.4933664000000001
115440,85.57,14.430000000000007,159.3482309124767,29.10532,0.4934256
115520,85.56,14.439999999999998,159.3296089385475,29.11856,0.49348480000000006
115600,85.55,14.450000000000003,159.31098696461822,29.1318,0.49354400000000004
115680,85.53999999999999,14.460000000000008,159.29236499068898,29.14504,0.4936032
115760,85.53,14.469999999999999,159.27374301675977,29.15828,0.49366240000000006
115840,85.52,14.480000000000004,159.25512104283052,29.171519999999997,0.4937216
115920,85.51,14.489999999999995,159.2364990689013,29.184759999999997,0.4937808
116000,85.5,14.5,159.21787709497207,29.198,0.49384000000000006
116080,85.49,14.510000000000005,159.19925512104282,29.211239999999997,0.49389920000000004
116160,85.48,14.519999999999996,159.18063314711358,29.22448,0.4939584
116240,85.47,14.530000000000001,159.16201117318434,29.23772,0.49401760000000006
116320,85.46,14.540000000000006,159.1433891992551,29.25096,0.4940768
116400,85.45,14.549999999999997,159.12476722532588,29.264199999999995,0.4941360000000001
116480,85.44,14.560000000000002,159.10614525139664,29.27744,0.4941952
116560,85.43,14.569999999999993,159.08752327746743,29.290680000000002,0.4942544000000001
116640,85.42,14.579999999999998,159.06890130353815,29.303919999999998,0.4943136
116720,85.41,14.590000000000003,159.0502793296089,29.317159999999998,0.49437280000000006
116800,85.4,14.599999999999994,159.0316573556797,29.330399999999997,0.4944320000000001
116880,85.39,14.61,159.01303538175046,29.34364,0.4944912
116960,85.38,14.620000000000005,158.9944134078212,29.35688,0.49455040000000006
117040,85.37,14.629999999999995,158.975791433892,29.37012,0.4946096000000001
117120,85.36,14.64,158.95716945996276,29.383359999999996,0.4946688
117200,85.35,14.650000000000006,158.93854748603349,29.3966,0.494728
117280,85.34,14.659999999999997,158.91992551210427,29.409840000000003,0.49478720000000004
117360,85.33,14.670000000000002,158.90130353817503,29.42308,0.4948464
117440,85.32,14.680000000000007,158.8826815642458,29.43632,0.49490560000000006
117520,85.31,14.689999999999998,158.86405959031657,29.449559999999998,0.4949648
117600,85.3,14.700000000000003,158.84543761638733,29.4628,0.495024
117680,85.28999999999999,14.710000000000008,158.8268156424581,29.476039999999998,0.4950832
117760,85.28,14.719999999999999,158.80819366852884,29.48928,0.4951424000000001
117840,85.27,14.730000000000004,158.7895716945996,29.502519999999997,0.4952016
117920,85.26,14.739999999999995,158.7709497206704,29.51576,0.49526080000000006
118000,85.25,14.75,158.75232774674114,29.528999999999996,0.49532000000000004
118080,85.24,14.760000000000005,158.7337057728119,29.54224,0.4953792
118160,85.23,14.769999999999996,158.7150837988827,29.555480000000003,0.49543840000000006
118240,85.22,14.780000000000001,158.69646182495345,29.56872,0.4954976
118320,85.21,14.790000000000006,158.67783985102417,29.581959999999995,0.4955568
118400,85.2,14.799999999999997,158.65921787709496,29.5952,0.49561600000000006
118480,85.19,14.810000000000002,158.64059590316572,29.60844,0.49567520000000004
118560,85.18,14.819999999999993,158.6219739292365,29.621679999999998,0.4957344000000001
118640,85.17,14.829999999999998,158.60335195530726,29.63492,0.49579360000000006
118720,85.16,14.840000000000003,158.58472998137802,29.648159999999997,0.4958528
118800,85.15,14.849999999999994,158.5661080074488,29.6614,0.4959120000000001
118880,85.14,14.86,158.54748603351953,29.674639999999997,0.49597120000000006
118960,85.13,14.870000000000005,158.5288640595903,29.68788,0.4960304
119040,85.12,14.879999999999995,158.51024208566108,29.70112,0.4960896
119120,85.11,14.89,158.49162011173183,29.71436,0.49614880000000006
119200,85.1,14.900000000000006,158.4729981378026,29.727599999999995,0.49620800000000004
119280,85.09,14.909999999999997,158.45437616387338,29.74084,0.4962672000000001
119360,85.08,14.920000000000002,158.43575418994413,29.754080000000002,0.4963264
119440,85.07,14.930000000000007,158.41713221601486,29.767319999999998,0.4963856
119520,85.06,14.939999999999998,158.39851024208565,29.780559999999998,0.4964448
119600,85.05,14.950000000000003,158.3798882681564,29.793799999999997,0.49650400000000006
119680,85.03999999999999,14.960000000000008,158.36126629422716,29.80704,0.4965632
119760,85.03,14.969999999999999,158.34264432029795,29.82028,0.4966224
119840,85.02,14.980000000000004,158.3240223463687,29.83352,0.49668160000000006
119920,85.01,14.989999999999995,158.30540037243946,29.84676,0.4967408000000001
120000,85.0,15.0,158.28677839851022,29.86,0.4968
120080,84.99,15.010000000000005,158.26815642458098,29.873240000000003,0.4968592
120160,84.98,15.019999999999996,158.24953445065177,29.88648,0.49691840000000004
120240,84.97,15.030000000000001,158.23091247672252,29.89972,0.4969776
120320,84.96,15.040000000000006,158.21229050279328,29.912959999999998,0.49703680000000006
120400,84.95,15.049999999999997,158.19366852886407,29.9262,0.49709600000000004
120480,84.94,15.060000000000002,158.1750465549348,29.939439999999998,0.4971552
120560,84.93,15.069999999999993,158.15642458100558,29.95268,0.49721440000000006
120640,84.92,15.079999999999998,158.13780260707634,29.96592,0.4972736000000001
120720,84.91,15.090000000000003,158.1191806331471,29.979159999999997,0.4973328
120800,84.9,15.099999999999994,158.10055865921788,29.992399999999996,0.49739200000000006
120880,84.89,15.11,158.08193668528864,30.00564,0.49745120000000004
120960,84.88,15.120000000000005,158.0633147113594,30.01888,0.4975104
121040,84.87,15.129999999999995,158.04469273743015,30.03212,0.49756960000000006
121120,84.86,15.14,158.0260707635009,30.04536,0.4976288
121200,84.85,15.150000000000006,158.00744878957167,30.0586,0.497688
121280,84.84,15.159999999999997,157.98882681564245,30.07184,0.49774720000000006
121360,84.83,15.170000000000002,157.9702048417132,30.085079999999998,0.49780640000000004
121440,84.82,15.180000000000007,157.95158286778397,30.098319999999998,0.4978656
121520,84.81,15.189999999999998,157.93296089385476,30.111559999999997,0.49792480000000006
121600,84.8,15.200000000000003,157.91433891992548,30.1248,0.49798400000000004
121680,84.78999999999999,15.210000000000008,157.89571694599624,30.138039999999997,0.4980432
121760,84.78,15.219999999999999,157.87709497206703,30.15128,0.49810240000000006
121840,84.77,15.230000000000004,157.85847299813778,30.16452,0.4981616
121920,84.76,15.239999999999995,157.83985102420857,30.17776,0.4982208
122000,84.75,15.25,157.82122905027933,30.190999999999995,0.49828000000000006
122080,84.74,15.260000000000005,157.80260707635009,30.20424,0.49833920000000004
122160,84.73,15.269999999999996,157.78398510242084,30.217480000000002,0.4983984
122240,84.72,15.280000000000001,157.7653631284916,30.230719999999998,0.49845760000000006
122320,84.71,15.290000000000006,157.74674115456236,30.243959999999998,0.4985168
122400,84.7,15.299999999999997,157.72811918063314,30.257199999999997,0.4985760000000001
122480,84.69,15.310000000000002,157.7094972067039,30.27044,0.49863520000000006
122560,84.68,15.319999999999993,157.6908752327747,30.283680000000004,0.49869440000000004
122640,84.67,15.329999999999998,157.67225325884544,30.29692,0.4987536
122720,84.66,15.340000000000003,157.65363128491617,30.310159999999996,0.49881280000000006
122800,84.65,15.349999999999994,157.63500931098696,30.3234,0.4988720000000001
122880,84.64,15.36,157.61638733705772,30.336639999999996,0.4989312
122960,84.63,15.370000000000005,157.59776536312847,30.34988,0.4989904
123040,84.62,15.379999999999995,157.57914338919926,30.363120000000002,0.4990496000000001
123120,84.61,15.39,157.56052141527002,30.37636,0.4991088
123200,84.6,15.400000000000006,157.54189944134077,30.389599999999994,0.499168
123280,84.59,15.409999999999997,157.52327746741153,30.402839999999998,0.49922720000000004
123360,84.58,15.420000000000002,157.5046554934823,30.41608,0.4992864
123440,84.57,15.430000000000007,157.48603351955305,30.429319999999997,0.49934560000000006
123520,84.56,15.439999999999998,157.46741154562383,30.44256,0.4994048000000001
123600,84.55,15.450000000000003,157.4487895716946,30.455799999999996,0.499464
123680,84.53999999999999,15.460000000000008,157.43016759776535,30.46904,0.4995232
123760,84.53,15.469999999999999,157.41154562383613,30.482280000000003,0.49958240000000004
123840,84.52,15.480000000000004,157.39292364990686,30.49552,0.4996416
123920,84.51,15.489999999999995,157.37430167597765,30.50876,0.49970080000000006
124000,84.5,15.5,157.3556797020484,30.522,0.49976
124080,84.49,15.510000000000005,157.33705772811916,30.53524,0.4998192
124160,84.48,15.519999999999996,157.31843575418995,30.548479999999998,0.49987840000000006
124240,84.47,15.530000000000001,157.2998137802607,30.56172,0.4999376000000001
124320,84.46,15.540000000000006,157.28119180633146,30.574959999999997,0.4999968
124400,84.45,15.549999999999997,157.26256983240222,30.5882,0.5000560000000001
124480,84.44,15.560000000000002,157.24394785847298,30.601439999999997,0.5001152
124560,84.43,15.569999999999993,157.22532588454376,30.61468,0.5001744000000001
124640,84.42,15.579999999999998,157.20670391061452,30.62792,0.5002336000000001
124720,84.41,15.590000000000003,157.18808193668528,30.64116,0.5002928
124800,84.4,15.599999999999994,157.16945996275606,30.6544,0.500352
124880,84.39,15.61,157.1508379888268,30.66764,0.5004112000000001
124960,84.38,15.620000000000005,157.13221601489755,30.680880000000002,0.5004704
125040,84.37,15.629999999999995,157.11359404096834,30.69412,0.5005296
125120,84.36,15.64,157.0949720670391,30.707359999999998,0.5005888000000001
125200,84.35,15.650000000000006,157.07635009310985,30.720599999999997,0.500648
125280,84.34,15.659999999999997,157.05772811918064,30.73384,0.5007072000000001
125360,84.33,15.670000000000002,157.0391061452514,30.747079999999997,0.5007664000000001
125440,84.32,15.680000000000007,157.02048417132212,30.76032,0.5008256
125520,84.31,15.689999999999998,157.0018621973929,30.77356,0.5008848
125600,84.3,15.700000000000003,156.98324022346367,30.7868,0.5009440000000001
125680,84.28999999999999,15.710000000000008,156.96461824953442,30.800039999999996,0.5010032
125760,84.28,15.719999999999999,156.9459962756052,30.81328,0.5010624
125840,84.27,15.730000000000004,156.92737430167597,30.82652,0.5011216000000001
125920,84.26,15.739999999999995,156.90875232774675,30.83976,0.5011808000000001
126000,84.25,15.75,156.89013035381748,30.852999999999998,0.50124
126080,84.24,15.760000000000005,156.87150837988824,30.866239999999998,0.5012992000000001
126160,84.23,15.769999999999996,156.85288640595903,30.87948,0.5013584
126240,84.22,15.780000000000001,156.83426443202978,30.89272,0.5014176
126320,84.21,15.790000000000006,156.81564245810054,30.905959999999997,0.5014768000000001
126400,84.2,15.799999999999997,156.79702048417133,30.919199999999996,0.5015360000000001
126480,84.19,15.810000000000002,156.77839851024208,30.93244,0.5015952
126560,84.18,15.819999999999993,156.75977653631284,30.945680000000003,0.5016544000000001
126640,84.17,15.829999999999998,156.7411545623836,30.95892,0.5017136000000001
126720,84.16,15.840000000000003,156.72253258845436,30.97216,0.5017728
126800,84.15,15.849999999999994,156.70391061452514,30.9854,0.5018320000000001
126880,84.14,15.86,156.6852886405959,30.99864,0.5018912
126960,84.13,15.870000000000005,156.66666666666666,31.011879999999998,0.5019504
127040,84.12,15.879999999999995,156.64804469273744,31.02512,0.5020096000000001
127120,84.11,15.89,156.62942271880817,31.038359999999997,0.5020688
127200,84.1,15.900000000000006,156.61080074487893,31.0516,0.502128
127280,84.09,15.909999999999997,156.59217877094972,31.064839999999997,0.5021872000000001
127360,84.08,15.920000000000002,156.57355679702047,31.07808,0.5022464
127440,84.07,15.930000000000007,156.55493482309123,31.09132,0.5023056
127520,84.06,15.939999999999998,156.53631284916202,31.10456,0.5023648000000001
127600,84.05,15.950000000000003,156.51769087523277,31.117799999999995,0.502424
127680,84.03999999999999,15.960000000000008,156.4990689013035,31.13104,0.5024832
127760,84.03,15.969999999999999,156.4804469273743,31.144280000000002,0.5025424000000001
127840,84.02,15.980000000000004,156.46182495344505,31.157519999999998,0.5026016
127920,84.01,15.989999999999995,156.44320297951583,31.17076,0.5026608
128000,84.0,16.0,156.4245810055866,31.183999999999997,0.5027200000000001
128080,83.99,16.010000000000005,156.40595903165735,31.19724,0.5027792
128160,83.98,16.019999999999996,156.3873370577281,31.210479999999997,0.5028384000000001
128240,83.97,16.03,156.36871508379886,31.22372,0.5028976000000001
128320,83.96000000000001,16.039999999999992,156.35009310986965,31.23696,0.5029568000000001
128400,83.95,16.049999999999997,156.3314711359404,31.2502,0.503016
128480,83.94,16.060000000000002,156.31284916201116,31.263439999999996,0.5030752000000001
128560,83.93,16.069999999999993,156.29422718808195,31.27668,0.5031344
128640,83.92,16.08,156.2756052141527,31.289920000000002,0.5031936
128720,83.91,16.090000000000003,156.25698324022343,31.30316,0.5032528000000001
128800,83.9,16.099999999999994,156.23836126629422,31.316399999999998,0.5033120000000001
128880,83.89,16.11,156.21973929236498,31.329639999999998,0.5033712000000001
128960,83.88,16.120000000000005,156.20111731843573,31.34288,0.5034304000000001
129040,83.87,16.129999999999995,156.18249534450652,31.35612,0.5034896000000001
129120,83.86,16.14,156.16387337057728,31.36936,0.5035488
129200,83.85,16.150000000000006,156.14525139664804,31.382599999999996,0.5036080000000001
129280,83.84,16.159999999999997,156.1266294227188,31.39584,0.5036672
129360,83.83,16.17,156.10800744878955,31.409080000000003,0.5037264
129440,83.82,16.180000000000007,156.0893854748603,31.42232,0.5037856000000001
129520,83.81,16.189999999999998,156.0707635009311,31.43556,0.5038448000000001
129600,83.8,16.200000000000003,156.05214152700185,31.4488,0.503904
129680,83.78999999999999,16.210000000000008,156.0335195530726,31.462040000000002,0.5039632000000001
129760,83.78,16.22,156.0148975791434,31.475279999999998,0.5040224
129840,83.77,16.230000000000004,155.99627560521412,31.48852,0.5040816
129920,83.75999999999999,16.24000000000001,155.97765363128488,31.501759999999997,0.5041408000000001
130000,83.75,16.25,155.95903165735567,31.514999999999997,0.5042
130080,83.74,16.260000000000005,155.94040968342642,31.528239999999997,0.5042592
130160,83.73,16.269999999999996,155.9217877094972,31.54148,0.5043184000000001
130240,83.72,16.28,155.90316573556797,31.55472,0.5043776
130320,83.71000000000001,16.289999999999992,155.88454376163875,31.56796,0.5044368
130400,83.7,16.299999999999997,155.86592178770948,31.5812,0.504496
130480,83.69,16.310000000000002,155.84729981378024,31.59444,0.5045552
130560,83.68,16.319999999999993,155.82867783985103,31.607680000000002,0.5046144000000001
130640,83.67,16.33,155.81005586592178,31.620919999999998,0.5046736
130720,83.66,16.340000000000003,155.79143389199254,31.634159999999998,0.5047328
130800,83.65,16.349999999999994,155.77281191806333,31.647399999999998,0.504792
130880,83.64,16.36,155.75418994413408,31.66064,0.5048512
130960,83.63,16.370000000000005,155.7355679702048,31.673879999999997,0.5049104
131040,83.62,16.379999999999995,155.7169459962756,31.68712,0.5049696
131120,83.61,16.39,155.69832402234636,31.70036,0.5050288
131200,83.6,16.400000000000006,155.6797020484171,31.7136,0.505088
131280,83.59,16.409999999999997,155.6610800744879,31.726839999999996,0.5051472000000001
131360,83.58,16.42,155.64245810055866,31.74008,0.5052064
131440,83.57,16.430000000000007,155.6238361266294,31.75332,0.5052656
131520,83.56,16.439999999999998,155.60521415270017,31.76656,0.5053248
131600,83.55,16.450000000000003,155.58659217877093,31.779799999999998,0.505384
131680,83.53999999999999,16.460000000000008,155.56797020484169,31.793039999999998,0.5054432
131760,83.53,16.47,155.54934823091247,31.80628,0.5055024
131840,83.52,16.480000000000004,155.53072625698323,31.81952,0.5055616
131920,83.50999999999999,16.49000000000001,155.512104283054,31.832759999999997,0.5056208
132000,83.5,16.5,155.49348230912474,31.845999999999997,0.50568
132080,83.49,16.510000000000005,155.4748603351955,31.85924,0.5057392
132160,83.48,16.519999999999996,155.4562383612663,31.872479999999996,0.5057984
132240,83.47,16.53,155.43761638733704,31.88572,0.5058576
132320,83.46000000000001,16.539999999999992,155.41899441340783,31.898960000000002,0.5059168
132400,83.45,16.549999999999997,155.4003724394786,31.9122,0.5059760000000001
132480,83.44,16.560000000000002,155.38175046554935,31.925439999999995,0.5060352
132560,83.43,16.569999999999993,155.3631284916201,31.938679999999998,0.5060944
132640,83.42,16.58,155.34450651769086,31.95192,0.5061536
132720,83.41,16.590000000000003,155.32588454376162,31.965159999999997,0.5062128
132800,83.4,16.599999999999994,155.3072625698324,31.9784,0.506272
132880,83.39,16.61,155.28864059590316,31.991639999999997,0.5063312
132960,83.38,16.620000000000005,155.27001862197392,32.00488,0.5063904
133040,83.37,16.629999999999995,155.2513966480447,32.01812,0.5064496
133120,83.36,16.64,155.23277467411543,32.03136,0.5065088000000001
133200,83.35,16.650000000000006,155.2141527001862,32.044599999999996,0.506568
133280,83.34,16.659999999999997,155.19553072625698,32.05784,0.5066272
133360,83.33,16.67,155.17690875232773,32.07108,0.5066864
133440,83.32,16.680000000000007,155.1582867783985,32.08432,0.5067456
133520,83.31,16.689999999999998,155.13966480446928,32.09756,0.5068048
133600,83.3,16.700000000000003,155.12104283054003,32.1108,0.506864
133680,83.28999999999999,16.710000000000008,155.10242085661076,32.12404,0.5069232
133760,83.28,16.72,155.08379888268155,32.13728,0.5069824
133840,83.27,16.730000000000004,155.0651769087523,32.15052,0.5070416
133920,83.25999999999999,16.74000000000001,155.04655493482306,32.163759999999996,0.5071008
134000,83.25,16.75,155.02793296089385,32.177,0.50716
134080,83.24,16.760000000000005,155.0093109869646,32.190239999999996,0.5072192
134160,83.23,16.769999999999996,154.9906890130354,32.20348,0.5072784000000001
134240,83.22,16.78,154.97206703910612,32.21672,0.5073376
134320,83.21000000000001,16.789999999999992,154.9534450651769,32.22996,0.5073968000000001
134400,83.2,16.799999999999997,154.93482309124767,32.2432,0.507456
134480,83.19,16.810000000000002,154.91620111731842,32.25644,0.5075152
134560,83.18,16.819999999999993,154.8975791433892,32.26968,0.5075744000000001
134640,83.17,16.83,154.87895716945997,32.28292,0.5076336
134720,83.16,16.840000000000003,154.86033519553072,32.29616,0.5076928
134800,83.15,16.849999999999994,154.84171322160148,32.3094,0.5077520000000001
134880,83.14,16.86,154.82309124767224,32.32264,0.5078112000000001
134960,83.13,16.870000000000005,154.804469273743,32.335879999999996,0.5078704
135040,83.12,16.879999999999995,154.78584729981378,32.34912,0.5079296
135120,83.11,16.89,154.76722532588454,32.362359999999995,0.5079888
135200,83.1,16.900000000000006,154.7486033519553,32.3756,0.508048
135280,83.09,16.909999999999997,154.72998137802605,32.38884,0.5081072000000001
135360,83.08,16.92,154.7113594040968,32.40208,0.5081664
135440,83.07,16.930000000000007,154.69273743016757,32.41532,0.5082256
135520,83.06,16.939999999999998,154.67411545623835,32.428560000000004,0.5082848000000001
135600,83.05,16.950000000000003,154.6554934823091,32.4418,0.508344
135680,83.03999999999999,16.960000000000008,154.63687150837987,32.45504,0.5084031999999999
135760,83.03,16.97,154.61824953445065,32.46828,0.5084624
135840,83.02,16.980000000000004,154.5996275605214,32.48152,0.5085216
135920,83.00999999999999,16.99000000000001,154.58100558659214,32.49476,0.5085808
136000,83.0,17.0,154.56238361266293,32.507999999999996,0.5086400000000001
136080,82.99,17.010000000000005,154.54376163873368,32.52124,0.5086992
136160,82.98,17.019999999999996,154.52513966480447,32.53448,0.5087584
136240,82.97,17.03,154.50651769087523,32.54772,0.5088176
136320,82.96000000000001,17.039999999999992,154.487895716946,32.56096,0.5088768000000001
136400,82.95,17.049999999999997,154.46927374301674,32.5742,0.508936
136480,82.94,17.060000000000002,154.4506517690875,32.58744,0.5089952
136560,82.93,17.069999999999993,154.4320297951583,32.60068,0.5090544000000001
136640,82.92,17.08,154.41340782122904,32.61392,0.5091136
136720,82.91,17.090000000000003,154.3947858472998,32.62716,0.5091728
136800,82.9,17.099999999999994,154.3761638733706,32.6404,0.509232
136880,82.89,17.11,154.35754189944134,32.653639999999996,0.5092912
136960,82.88,17.120000000000005,154.33891992551207,32.66688,0.5093504
137040,82.87,17.129999999999995,154.32029795158286,32.68012,0.5094096000000001
137120,82.86,17.14,154.30167597765362,32.69336,0.5094688
137200,82.85,17.150000000000006,154.28305400372437,32.706599999999995,0.509528
137280,82.84,17.159999999999997,154.26443202979516,32.71984,0.5095872
137360,82.83,17.17,154.24581005586592,32.73308,0.5096464
137440,82.82,17.180000000000007,154.22718808193667,32.74632,0.5097056
137520,82.81,17.189999999999998,154.20856610800743,32.75956,0.5097648
137600,82.8,17.200000000000003,154.1899441340782,32.7728,0.509824
137680,82.78999999999999,17.210000000000008,154.17132216014895,32.78604,0.5098832
137760,82.78,17.22,154.15270018621973,32.799279999999996,0.5099424000000001
137840,82.77,17.230000000000004,154.1340782122905,32.81252,0.5100016
137920,82.75999999999999,17.24000000000001,154.11545623836125,32.82576,0.5100608
138000,82.75,17.25,154.09683426443203,32.839,0.51012
138080,82.74,17.260000000000005,154.07821229050276,32.852239999999995,0.5101792
138160,82.73,17.269999999999996,154.05959031657355,32.86548,0.5102384
138240,82.72,17.28,154.0409683426443,32.87872,0.5102976
138320,82.71000000000001,17.289999999999992,154.0223463687151,32.89196,0.5103568
138400,82.7,17.299999999999997,154.00372439478585,32.9052,0.5104160000000001
138480,82.69,17.310000000000002,153.9851024208566,32.91844,0.5104752
138560,82.68,17.319999999999993,153.9664804469274,32.93168,0.5105344
138640,82.67,17.33,153.94785847299812,32.94492,0.5105936
138720,82.66,17.340000000000003,153.92923649906888,32.95816,0.5106528
138800,82.65,17.349999999999994,153.91061452513966,32.9714,0.510712
138880,82.64,17.36,153.89199255121042,32.98464,0.5107712
138960,82.63,17.370000000000005,153.87337057728118,32.997879999999995,0.5108304
139040,82.62,17.379999999999995,153.85474860335196,33.01112,0.5108896
139120,82.61,17.39,153.83612662942272,33.02436,0.5109488000000001
139200,82.6,17.400000000000006,153.81750465549345,33.0376,0.511008
139280,82.59,17.409999999999997,153.79888268156424,33.050839999999994,0.5110672
139360,82.58,17.42,153.780260707635,33.06408,0.5111264
139440,82.57,17.430000000000007,153.76163873370575,33.07732,0.5111856
139520,82.56,17.439999999999998,153.74301675977654,33.090559999999996,0.5112448
139600,82.55,17.450000000000003,153.7243947858473,33.1038,0.511304
139680,82.53999999999999,17.460000000000008,153.70577281191805,33.117039999999996,0.5113632
139760,82.53,17.47,153.6871508379888,33.13028,0.5114224
139840,82.52,17.480000000000004,153.66852886405957,33.14352,0.5114816
139920,82.50999999999999,17.49000000000001,153.64990689013032,33.15676,0.5115408
140000,82.5,17.5,153.6312849162011,33.17,0.5116
140080,82.49,17.510000000000005,153.61266294227187,33.18324,0.5116592
140160,82.48,17.519999999999996,153.59404096834265,33.19648,0.5117184000000001
140240,82.47,17.53,153.57541899441338,33.20972,0.5117776
140320,82.46000000000001,17.539999999999992,153.55679702048417,33.22296,0.5118368000000001
140400,82.45,17.549999999999997,153.53817504655493,33.2362,0.511896
140480,82.44,17.560000000000002,153.51955307262568,33.24944,0.5119552
140560,82.43,17.569999999999993,153.50093109869647,33.262679999999996,0.5120144000000001
140640,82.42,17.58,153.48230912476723,33.27592,0.5120736
140720,82.41,17.590000000000003,153.46368715083798,33.289159999999995,0.5121328
140800,82.4,17.599999999999994,153.44506517690874,33.3024,0.5121920000000001
140880,82.39,17.61,153.4264432029795,33.31564,0.5122512
140960,82.38,17.620000000000005,153.40782122905026,33.32888,0.5123104
141040,82.37,17.629999999999995,153.38919925512104,33.34212,0.5123696
141120,82.36,17.64,153.3705772811918,33.35536,0.5124288
141200,82.35,17.650000000000006,153.35195530726256,33.3686,0.512488
141280,82.34,17.659999999999997,153.33333333333334,33.38184,0.5125472000000001
141360,82.33,17.67,153.31471135940407,33.39508,0.5126064
141440,82.32,17.680000000000007,153.29608938547483,33.408319999999996,0.5126656
141520,82.31,17.689999999999998,153.27746741154562,33.42156,0.5127248
141600,82.3,17.700000000000003,153.25884543761637,33.434799999999996,0.512784
141680,82.28999999999999,17.710000000000008,153.24022346368713,33.44804,0.5128432
141760,82.28,17.72,153.22160148975792,33.461279999999995,0.5129024
141840,82.27,17.730000000000004,153.20297951582867,33.47452,0.5129616
141920,82.25999999999999,17.74000000000001,153.1843575418994,33.487759999999994,0.5130208
142000,82.25,17.75,153.1657355679702,33.501,0.5130800000000001
142080,82.24,17.760000000000005,153.14711359404095,33.51424,0.5131392
142160,82.23,17.769999999999996,153.12849162011173,33.52748,0.5131984
142240,82.22,17.78,153.1098696461825,33.54072,0.5132576
142320,82.21000000000001,17.789999999999992,153.09124767225327,33.553960000000004,0.5133168000000001
142400,82.2,17.799999999999997,153.07262569832403,33.5672,0.513376
142480,82.19,17.810000000000002,153.05400372439476,33.580439999999996,0.5134352
142560,82.18,17.819999999999993,153.03538175046555,33.59368,0.5134944000000001
142640,82.17,17.83,153.0167597765363,33.60692,0.5135536
142720,82.16,17.840000000000003,152.99813780260706,33.62016,0.5136128
142800,82.15,17.849999999999994,152.97951582867785,33.6334,0.513672
142880,82.14,17.86,152.9608938547486,33.64664,0.5137312
142960,82.13,17.870000000000005,152.94227188081936,33.65988,0.5137904
143040,82.12,17.879999999999995,152.92364990689012,33.67312,0.5138496000000001
143120,82.11,17.89,152.90502793296088,33.68636,0.5139088
143200,82.1,17.900000000000006,152.88640595903163,33.6996,0.513968
143280,82.09,17.909999999999997,152.86778398510242,33.71284,0.5140272
143360,82.08,17.92,152.84916201117318,33.726079999999996,0.5140864
143440,82.07,17.930000000000007,152.83054003724394,33.73932,0.5141456
143520,82.06,17.939999999999998,152.8119180633147,33.75256,0.5142048
143600,82.05,17.950000000000003,152.79329608938545,33.7658,0.514264
143680,82.03999999999999,17.960000000000008,152.7746741154562,33.779039999999995,0.5143232
143760,82.03,17.97,152.756052141527,33.79228,0.5143824000000001
143840,82.02,17.980000000000004,152.73743016759775,33.80552,0.5144416
143920,82.00999999999999,17.99000000000001,152.7188081936685,33.81876,0.5145008
144000,82.0,18.0,152.7001862197393,33.832,0.51456
144080,81.99,18.010000000000005,152.68156424581002,33.84524,0.5146192
144160,81.98,18.019999999999996,152.6629422718808,33.85848,0.5146784000000001
144240,81.97,18.03,152.64432029795157,33.871719999999996,0.5147376
144320,81.96000000000001,18.039999999999992,152.62569832402235,33.88496,0.5147968
144400,81.95,18.049999999999997,152.6070763500931,33.8982,0.5148560000000001
144480,81.94,18.060000000000002,152.58845437616387,33.91144,0.5149152
144560,81.93,18.069999999999993,152.56983240223465,33.924679999999995,0.5149744
144640,81.92,18.08,152.55121042830538,33.93792,0.5150336
144720,81.91,18.090000000000003,152.53258845437614,33.95116,0.5150928
144800,81.9,18.099999999999994,152.51396648044692,33.9644,0.515152
144880,81.89,18.11,152.49534450651768,33.977639999999994,0.5152112000000001
144960,81.88,18.120000000000005,152.47672253258844,33.99088,0.5152704
145040,81.87,18.129999999999995,152.45810055865923,34.00412,0.5153296
145120,81.86,18.14,152.43947858472998,34.01736,0.5153888
145200,81.85,18.150000000000006,152.4208566108007,34.0306,0.515448
145280,81.84,18.159999999999997,152.4022346368715,34.04384,0.5155072
145360,81.83,18.17,152.38361266294226,34.05708,0.5155664
145440,81.82,18.180000000000007,152.364990689013,34.07032,0.5156256
145520,81.81,18.189999999999998,152.3463687150838,34.08356,0.5156848
145600,81.8,18.200000000000003,152.32774674115456,34.0968,0.515744
145680,81.78999999999999,18.210000000000008,152.3091247672253,34.11004,0.5158032
145760,81.78,18.22,152.29050279329607,34.123279999999994,0.5158624
145840,81.77,18.230000000000004,152.27188081936683,34.13652,0.5159216
145920,81.75999999999999,18.24000000000001,152.25325884543759,34.14976,0.5159808
146000,81.75,18.25,152.23463687150837,34.163,0.51604
146080,81.74,18.260000000000005,152.21601489757913,34.17623999999999,0.5160992
146160,81.73,18.269999999999996,152.19739292364991,34.189479999999996,0.5161584
146240,81.72,18.28,152.17877094972067,34.20272,0.5162176
146320,81.71000000000001,18.289999999999992,152.16014897579143,34.21596,0.5162768
146400,81.7,18.299999999999997,152.1415270018622,34.2292,0.516336
146480,81.69,18.310000000000002,152.12290502793294,34.24244,0.5163952
146560,81.68,18.319999999999993,152.10428305400373,34.25568,0.5164544000000001
146640,81.67,18.33,152.0856610800745,34.26892,0.5165136000000001
146720,81.66,18.340000000000003,152.06703910614524,34.28216,0.5165728
146800,81.65,18.349999999999994,152.048417132216,34.2954,0.5166320000000001
146880,81.64,18.36,152.02979515828676,34.30864,0.5166912
146960,81.63,18.370000000000005,152.01117318435752,34.32188,0.5167504
147040,81.62,18.379999999999995,151.9925512104283,34.335119999999996,0.5168096
147120,81.61,18.39,151.97392923649906,34.34836,0.5168688
147200,81.6,18.400000000000006,151.95530726256982,34.361599999999996,0.516928
147280,81.59,18.409999999999997,151.9366852886406,34.37484,0.5169872000000001
147360,81.58,18.42,151.91806331471136,34.388079999999995,0.5170464
147440,81.57,18.430000000000007,151.8994413407821,34.40132,0.5171056
147520,81.56,18.439999999999998,151.88081936685288,34.41456,0.5171648
147600,81.55,18.450000000000003,151.86219739292363,34.4278,0.517224
147680,81.53999999999999,18.460000000000008,151.8435754189944,34.44104,0.5172832
147760,81.53,18.47,151.82495344506518,34.45428,0.5173424
147840,81.52,18.480000000000004,151.80633147113593,34.46752,0.5174016
147920,81.50999999999999,18.49000000000001,151.7877094972067,34.48076,0.5174608
148000,81.5,18.5,151.76908752327745,34.494,0.5175200000000001
148080,81.49,18.510000000000005,151.7504655493482,34.507239999999996,0.5175792
148160,81.48,18.519999999999996,151.731843575419,34.52048,0.5176384
148240,81.47,18.53,151.71322160148975,34.533719999999995,0.5176976
148320,81.46000000000001,18.539999999999992,151.69459962756054,34.54696,0.5177568000000001
148400,81.45,18.549999999999997,151.6759776536313,34.5602,0.517816
148480,81.44,18.560000000000002,151.65735567970202,34.57344,0.5178752
148560,81.43,18.569999999999993,151.6387337057728,34.58668,0.5179344
148640,81.42,18.58,151.62011173184356,34.59992,0.5179936
148720,81.41,18.590000000000003,151.60148975791432,34.61316,0.5180528
148800,81.4,18.599999999999994,151.5828677839851,34.626400000000004,0.5181120000000001
148880,81.39,18.61,151.56424581005587,34.63964,0.5181712
148960,81.38,18.620000000000005,151.54562383612662,34.652879999999996,0.5182304
149040,81.37,18.629999999999995,151.52700186219738,34.66612,0.5182896000000001
149120,81.36,18.64,151.50837988826814,34.67936,0.5183488
149200,81.35,18.650000000000006,151.4897579143389,34.6926,0.518408
149280,81.34,18.659999999999997,151.47113594040968,34.705839999999995,0.5184672
149360,81.33,18.67,151.45251396648044,34.71908,0.5185264
149440,81.32,18.680000000000007,151.4338919925512,34.73232,0.5185856
149520,81.31,18.689999999999998,151.41527001862198,34.74556,0.5186448
149600,81.3,18.700000000000003,151.3966480446927,34.7588,0.518704
149680,81.28999999999999,18.710000000000008,151.37802607076347,34.77204,0.5187632
149760,81.28,18.72,151.35940409683425,34.78528,0.5188224
149840,81.27,18.730000000000004,151.340782122905,34.798519999999996,0.5188816
149920,81.25999999999999,18.74000000000001,151.32216014897577,34.81176,0.5189408
150000,81.25,18.75,151.30353817504655,34.825,0.519
150080,81.24,18.760000000000005,151.2849162011173,34.83824,0.5190592
150160,81.23,18.769999999999996,151.26629422718807,34.851479999999995,0.5191184000000001
150240,81.22,18.78,151.24767225325883,34.86472,0.5191776
150320,81.21000000000001,18.789999999999992,151.2290502793296,34.87796,0.5192368
150400,81.2,18.799999999999997,151.21042830540037,34.8912,0.5192960000000001
150480,81.19,18.810000000000002,151.19180633147113,34.904439999999994,0.5193552
150560,81.18,18.819999999999993,151.1731843575419,34.91768,0.5194144
150640,81.17,18.83,151.15456238361267,34.93092,0.5194736
150720,81.16,18.840000000000003,151.1359404096834,34.94416,0.5195328
150800,81.15,18.849999999999994,151.11731843575419,34.9574,0.519592
150880,81.14,18.86,151.09869646182494,34.97064,0.5196512000000001
150960,81.13,18.870000000000005,151.0800744878957,34.98388,0.5197104
151040,81.12,18.879999999999995,151.0614525139665,34.997119999999995,0.5197696
151120,81.11,18.89,151.04283054003724,35.01036,0.5198288
151200,81.1,18.900000000000006,151.024208566108,35.0236,0.519888
151280,81.09,18.909999999999997,151.00558659217876,35.03684,0.5199472
151360,81.08,18.92,150.98696461824952,35.050079999999994,0.5200064
151440,81.07,18.930000000000007,150.96834264432027,35.06332,0.5200656
151520,81.06,18.939999999999998,150.94972067039106,35.07656,0.5201248
151600,81.05,18.950000000000003,150.93109869646182,35.0898,0.520184
151680,81.03999999999999,18.960000000000008,150.91247672253257,35.10303999999999,0.5202432
151760,81.03,18.97,150.89385474860333,35.116279999999996,0.5203024
151840,81.02,18.980000000000004,150.8752327746741,35.12952,0.5203616
151920,81.00999999999999,18.99000000000001,150.85661080074485,35.142759999999996,0.5204208
152000,81.0,19.0,150.83798882681563,35.156,0.52048
152080,80.99,19.010000000000005,150.8193668528864,35.16924,0.5205392
152160,80.98,19.019999999999996,150.80074487895718,35.18248,0.5205984
152240,80.97,19.03,150.78212290502793,35.19572,0.5206576
152320,80.96000000000001,19.039999999999992,150.7635009310987,35.20896,0.5207168000000001
152400,80.95,19.049999999999997,150.74487895716945,35.2222,0.520776
152480,80.94,19.060000000000002,150.7262569832402,35.23544,0.5208352
152560,80.93,19.069999999999993,150.707635009311,35.24868,0.5208944000000001
152640,80.92,19.08,150.68901303538175,35.261919999999996,0.5209536000000001
152720,80.91,19.090000000000003,150.6703910614525,35.27516,0.5210128
152800,80.9,19.099999999999994,150.6517690875233,35.2884,0.521072
152880,80.89,19.11,150.63314711359402,35.30164,0.5211312
152960,80.88,19.120000000000005,150.61452513966478,35.314879999999995,0.5211904
153040,80.87,19.129999999999995,150.59590316573556,35.32812,0.5212496000000001
153120,80.86,19.14,150.57728119180632,35.34136,0.5213088
153200,80.85,19.150000000000006,150.55865921787708,35.3546,0.521368
153280,80.84,19.159999999999997,150.54003724394786,35.36784,0.5214272000000001
153360,80.83,19.17,150.52141527001862,35.38108,0.5214864
153440,80.82,19.180000000000007,150.50279329608935,35.39432,0.5215456
153520,80.81,19.189999999999998,150.48417132216014,35.40756,0.5216048
153600,80.8,19.200000000000003,150.4655493482309,35.4208,0.521664
153680,80.78999999999999,19.210000000000008,150.44692737430165,35.434039999999996,0.5217232
153760,80.78,19.22,150.42830540037244,35.44728,0.5217824000000001
153840,80.77,19.230000000000004,150.4096834264432,35.460519999999995,0.5218416
153920,80.75999999999999,19.24000000000001,150.39106145251395,35.47376,0.5219008
154000,80.75,19.25,150.3724394785847,35.487,0.52196
154080,80.74,19.260000000000005,150.35381750465547,35.50024,0.5220192
154160,80.73,19.269999999999996,150.33519553072625,35.51348,0.5220784
154240,80.72,19.28,150.316573556797,35.52672,0.5221376
154320,80.71000000000001,19.289999999999992,150.2979515828678,35.53996,0.5221968000000001
154400,80.7,19.299999999999997,150.27932960893855,35.553200000000004,0.522256
154480,80.69,19.310000000000002,150.2607076350093,35.56644,0.5223152000000001
154560,80.68,19.319999999999993,150.24208566108007,35.579679999999996,0.5223744
154640,80.67,19.33,150.22346368715083,35.59292,0.5224336
154720,80.66,19.340000000000003,150.20484171322158,35.60616,0.5224928
154800,80.65,19.349999999999994,150.18621973929237,35.6194,0.5225520000000001
154880,80.64,19.36,150.16759776536313,35.632639999999995,0.5226112
154960,80.63,19.370000000000005,150.14897579143388,35.64588,0.5226704
155040,80.62,19.379999999999995,150.13035381750464,35.65912,0.5227296000000001
155120,80.61,19.39,150.1117318435754,35.67236,0.5227888
155200,80.6,19.400000000000006,150.09310986964616,35.6856,0.522848
155280,80.59,19.409999999999997,150.07448789571694,35.698840000000004,0.5229072
155360,80.58,19.42,150.0558659217877,35.71208,0.5229664
155440,80.57,19.430000000000007,150.03724394785846,35.725319999999996,0.5230256
155520,80.56,19.439999999999998,150.01862197392924,35.73856,0.5230848000000001
155600,80.55,19.450000000000003,149.99999999999997,35.7518,0.523144
155680,80.53999999999999,19.460000000000008,149.98137802607073,35.76504,0.5232032
155760,80.53,19.47,149.96275605214151,35.778279999999995,0.5232624
155840,80.52,19.480000000000004,149.94413407821227,35.79152,0.5233216
155920,80.50999999999999,19.49000000000001,149.92551210428303,35.80476,0.5233808
156000,80.5,19.5,149.90689013035382,35.818,0.52344
156080,80.49,19.510000000000005,149.88826815642457,35.831239999999994,0.5234992
156160,80.48,19.519999999999996,149.86964618249533,35.84448,0.5235584000000001
156240,80.47,19.53,149.8510242085661,35.85772,0.5236176000000001
156320,80.46000000000001,19.539999999999992,149.83240223463687,35.87096,0.5236768
156400,80.45,19.549999999999997,149.81378026070763,35.8842,0.523736
156480,80.44,19.560000000000002,149.7951582867784,35.89744,0.5237952
156560,80.43,19.569999999999993,149.77653631284917,35.91068,0.5238544
156640,80.42,19.58,149.75791433891993,35.923919999999995,0.5239136
156720,80.41,19.590000000000003,149.73929236499066,35.93716,0.5239728
156800,80.4,19.599999999999994,149.72067039106145,35.9504,0.524032
156880,80.39,19.61,149.7020484171322,35.96364,0.5240912000000001
156960,80.38,19.620000000000005,149.68342644320296,35.976879999999994,0.5241504
157040,80.37,19.629999999999995,149.66480446927375,35.99012,0.5242096
157120,80.36,19.64,149.6461824953445,36.00336,0.5242688
157200,80.35,19.650000000000006,149.62756052141526,36.0166,0.524328
157280,80.34,19.659999999999997,149.60893854748602,36.02984,0.5243872
157360,80.33,19.67,149.59031657355678,36.043079999999996,0.5244464
157440,80.32,19.680000000000007,149.57169459962753,36.05632,0.5245056
157520,80.31,19.689999999999998,149.55307262569832,36.069559999999996,0.5245648
157600,80.3,19.700000000000003,149.53445065176908,36.0828,0.524624
157680,80.28999999999999,19.710000000000008,149.51582867783983,36.09604,0.5246832
157760,80.28,19.72,149.49720670391062,36.10928,0.5247424
157840,80.27,19.730000000000004,149.47858472998135,36.122519999999994,0.5248016
157920,80.25999999999999,19.74000000000001,149.4599627560521,36.13576,0.5248608
158000,80.25,19.75,149.4413407821229,36.149,0.52492
158080,80.24,19.760000000000005,149.42271880819365,36.16224,0.5249792
158160,80.23,19.769999999999996,149.40409683426444,36.17548,0.5250384
158240,80.22,19.78,149.3854748603352,36.188719999999996,0.5250976
158320,80.21000000000001,19.789999999999992,149.36685288640595,36.20196,0.5251568000000001
158400,80.2,19.799999999999997,149.3482309124767,36.2152,0.5252160000000001
158480,80.19,19.810000000000002,149.32960893854747,36.22844,0.5252752
158560,80.18,19.819999999999993,149.31098696461825,36.24168,0.5253344000000001
158640,80.17,19.83,149.292364990689,36.25492,0.5253936
158720,80.16,19.840000000000003,149.27374301675977,36.26816,0.5254528
158800,80.15,19.849999999999994,149.25512104283055,36.2814,0.525512
158880,80.14,19.86,149.23649906890128,36.29464,0.5255712
158960,80.13,19.870000000000005,149.21787709497204,36.30788,0.5256304
159040,80.12,19.879999999999995,149.19925512104282,36.32112,0.5256896000000001
159120,80.11,19.89,149.18063314711358,36.33436,0.5257488
159200,80.1,19.900000000000006,149.16201117318434,36.3476,0.525808
159280,80.09,19.909999999999997,149.14338919925513,36.360839999999996,0.5258672000000001
159360,80.08,19.92,149.12476722532588,36.37408,0.5259264
159440,80.07,19.930000000000007,149.10614525139664,36.387319999999995,0.5259856
159520,80.06,19.939999999999998,149.0875232774674,36.40056,0.5260448
159600,80.05,19.950000000000003,149.06890130353815,36.4138,0.526104
159680,80.03999999999999,19.960000000000008,149.0502793296089,36.42704,0.5261632
159760,80.03,19.97,149.0316573556797,36.44028,0.5262224000000001
159840,80.02,19.980000000000004,149.01303538175046,36.45352,0.5262816
159920,80.00999999999999,19.99000000000001,148.9944134078212,36.46676,0.5263408
160000,80.0,20.0,148.97579143389197,36.48,0.5264
160080,79.99,20.010000000000005,148.95716945996273,36.49324,0.5264592
160160,79.98,20.019999999999996,148.9385474860335,36.506479999999996,0.5265184
160240,79.97,20.03,148.91992551210427,36.51972,0.5265776
160320,79.96000000000001,20.039999999999992,148.90130353817506,36.532959999999996,0.5266368000000001
160400,79.95,20.049999999999997,148.88268156424581,36.5462,0.526696
160480,79.94,20.060000000000002,148.86405959031657,36.559439999999995,0.5267552000000001
160560,79.93,20.069999999999993,148.84543761638733,36.57268,0.5268144
160640,79.92,20.08,148.8268156424581,36.58592,0.5268736
160720,79.91,20.090000000000003,148.80819366852884,36.59916,0.5269328
160800,79.9,20.099999999999994,148.78957169459963,36.6124,0.5269920000000001
160880,79.89,20.11,148.7709497206704,36.625640000000004,0.5270512
160960,79.88,20.120000000000005,148.75232774674114,36.63888,0.5271104
161040,79.87,20.129999999999995,148.73370577281193,36.65212,0.5271696
161120,79.86,20.14,148.71508379888266,36.66536,0.5272288
161200,79.85,20.150000000000006,148.69646182495342,36.6786,0.527288
161280,79.84,20.159999999999997,148.6778398510242,36.69184,0.5273472
161360,79.83,20.17,148.65921787709496,36.705079999999995,0.5274064
161440,79.82,20.180000000000007,148.64059590316572,36.71832,0.5274656
161520,79.81,20.189999999999998,148.6219739292365,36.73156,0.5275248000000001
161600,79.8,20.200000000000003,148.60335195530726,36.7448,0.527584
161680,79.78999999999999,20.210000000000008,148.584729981378,36.758039999999994,0.5276432
161760,79.78,20.22,148.56610800744878,36.77128,0.5277024
161840,79.77,20.230000000000004,148.54748603351953,36.78452,0.5277616
161920,79.75999999999999,20.24000000000001,148.5288640595903,36.79776,0.5278208
162000,79.75,20.25,148.51024208566108,36.811,0.52788
162080,79.74,20.260000000000005,148.49162011173183,36.82424,0.5279392
162160,79.73,20.269999999999996,148.47299813780262,36.83748,0.5279984000000001
162240,79.72,20.28,148.45437616387335,36.850719999999995,0.5280576
162320,79.71000000000001,20.289999999999992,148.43575418994413,36.86396,0.5281168
162400,79.7,20.299999999999997,148.4171322160149,36.8772,0.528176
162480,79.69,20.310000000000002,148.39851024208565,36.89044,0.5282352
162560,79.68,20.319999999999993,148.37988826815644,36.90368,0.5282944
162640,79.67,20.33,148.3612662942272,36.91692,0.5283536000000001
162720,79.66,20.340000000000003,148.34264432029795,36.93016,0.5284128
162800,79.65,20.349999999999994,148.3240223463687,36.9434,0.528472
162880,79.64,20.36,148.30540037243946,36.95664,0.5285312
162960,79.63,20.370000000000005,148.28677839851022,36.969879999999996,0.5285904
163040,79.62,20.379999999999995,148.268156424581,36.98312,0.5286496
163120,79.61,20.39,148.24953445065177,36.996359999999996,0.5287088
163200,79.6,20.400000000000006,148.23091247672252,37.0096,0.528768
163280,79.59,20.409999999999997,148.21229050279328,37.02284,0.5288272
163360,79.58,20.42,148.19366852886404,37.03608,0.5288864000000001
163440,79.57,20.430000000000007,148.1750465549348,37.049319999999994,0.5289456
163520,79.56,20.439999999999998,148.15642458100558,37.06256,0.5290048
163600,79.55,20.450000000000003,148.13780260707634,37.0758,0.529064
163680,79.53999999999999,20.460000000000008,148.1191806331471,37.08904,0.5291232
163760,79.53,20.47,148.10055865921788,37.10228,0.5291824
163840,79.52,20.480000000000004,148.0819366852886,37.11552,0.5292416
163920,79.50999999999999,20.49000000000001,148.06331471135937,37.12876,0.5293008
164000,79.5,20.5,148.04469273743015,37.141999999999996,0.52936
164080,79.49,20.510000000000005,148.0260707635009,37.15524,0.5294192
164160,79.48,20.519999999999996,148.0074487895717,37.16848,0.5294784
164240,79.47,20.53,147.98882681564245,37.18172,0.5295376
164320,79.46000000000001,20.539999999999992,147.97020484171324,37.194959999999995,0.5295968000000001
164400,79.45,20.549999999999997,147.95158286778397,37.2082,0.5296560000000001
164480,79.44,20.560000000000002,147.93296089385473,37.22144,0.5297152
164560,79.43,20.569999999999993,147.9143389199255,37.23468,0.5297744000000001
164640,79.42,20.58,147.89571694599627,37.24791999999999,0.5298336
164720,79.41,20.590000000000003,147.87709497206703,37.26116,0.5298928
164800,79.4,20.599999999999994,147.8584729981378,37.2744,0.5299520000000001
164880,79.39,20.61,147.83985102420857,37.287639999999996,0.5300112
164960,79.38,20.620000000000005,147.8212290502793,37.30088,0.5300704
165040,79.37,20.629999999999995,147.80260707635009,37.31412,0.5301296000000001
165120,79.36,20.64,147.78398510242084,37.32736,0.5301888000000001
165200,79.35,20.650000000000006,147.7653631284916,37.3406,0.530248
165280,79.34,20.659999999999997,147.7467411545624,37.35384,0.5303072
165360,79.33,20.67,147.72811918063314,37.36708,0.5303664
165440,79.32,20.680000000000007,147.7094972067039,37.38032,0.5304256
165520,79.31,20.689999999999998,147.69087523277466,37.39356,0.5304848
165600,79.3,20.700000000000003,147.67225325884542,37.4068,0.530544
165680,79.28999999999999,20.710000000000008,147.65363128491617,37.42004,0.5306032
165760,79.28,20.72,147.63500931098696,37.433279999999996,0.5306624000000001
165840,79.27,20.730000000000004,147.61638733705772,37.44652,0.5307216
165920,79.25999999999999,20.74000000000001,147.59776536312847,37.459759999999996,0.5307808
166000,79.25,20.75,147.57914338919926,37.473,0.53084
166080,79.24,20.760000000000005,147.56052141527,37.486239999999995,0.5308992
166160,79.23,20.769999999999996,147.54189944134077,37.49948,0.5309584
166240,79.22,20.78,147.52327746741153,37.51272,0.5310176
166320,79.21000000000001,20.789999999999992,147.50465549348232,37.52596,0.5310768000000001
166400,79.2,20.799999999999997,147.48603351955308,37.5392,0.531136
166480,79.19,20.810000000000002,147.46741154562383,37.55244,0.5311952
166560,79.18,20.819999999999993,147.4487895716946,37.56568,0.5312544000000001
166640,79.17,20.83,147.43016759776535,37.57892,0.5313136
166720,79.16,20.840000000000003,147.4115456238361,37.59216,0.5313728
166800,79.15,20.849999999999994,147.3929236499069,37.605399999999996,0.5314320000000001
166880,79.14,20.86,147.37430167597765,37.61864,0.5314912
166960,79.13,20.870000000000005,147.3556797020484,37.631879999999995,0.5315504
167040,79.12,20.879999999999995,147.3370577281192,37.64512,0.5316096
167120,79.11,20.89,147.31843575418992,37.658359999999995,0.5316688
167200,79.1,20.900000000000006,147.29981378026068,37.6716,0.531728
167280,79.09,20.909999999999997,147.28119180633146,37.68484,0.5317872000000001
167360,79.08,20.92,147.26256983240222,37.69808,0.5318464
167440,79.07,20.930000000000007,147.24394785847298,37.71132,0.5319056
167520,79.06,20.939999999999998,147.22532588454376,37.72456,0.5319648000000001
167600,79.05,20.950000000000003,147.20670391061452,37.7378,0.532024
167680,79.03999999999999,20.960000000000008,147.18808193668525,37.75104,0.5320832
167760,79.03,20.97,147.16945996275604,37.76428,0.5321424
167840,79.02,20.980000000000004,147.1508379888268,37.777519999999996,0.5322016
167920,79.00999999999999,20.99000000000001,147.13221601489755,37.79076,0.5322608
168000,79.0,21.0,147.11359404096834,37.804,0.5323200000000001
168080,78.99,21.010000000000005,147.0949720670391,37.81724,0.5323792
168160,78.98,21.019999999999996,147.07635009310988,37.83048,0.5324384000000001
168240,78.97,21.03,147.0577281191806,37.84372,0.5324976
168320,78.96000000000001,21.039999999999992,147.0391061452514,37.85696,0.5325568
168400,78.95,21.049999999999997,147.02048417132215,37.8702,0.532616
168480,78.94,21.060000000000002,147.0018621973929,37.88344,0.5326752
168560,78.93,21.069999999999993,146.9832402234637,37.89668,0.5327344
168640,78.92,21.08,146.96461824953445,37.90992,0.5327936000000001
168720,78.91,21.090000000000003,146.9459962756052,37.923159999999996,0.5328528
168800,78.9,21.099999999999994,146.92737430167597,37.9364,0.532912
168880,78.89,21.11,146.90875232774673,37.94964,0.5329712
168960,78.88,21.120000000000005,146.89013035381748,37.96288,0.5330304
169040,78.87,21.129999999999995,146.87150837988827,37.976119999999995,0.5330896
169120,78.86,21.14,146.85288640595903,37.98936,0.5331488
169200,78.85,21.150000000000006,146.83426443202978,38.0026,0.533208
169280,78.84,21.159999999999997,146.81564245810057,38.01584,0.5332672
169360,78.83,21.17,146.7970204841713,38.02908,0.5333264000000001
169440,78.82,21.180000000000007,146.77839851024206,38.04232,0.5333856
169520,78.81,21.189999999999998,146.75977653631284,38.05556,0.5334448
169600,78.8,21.200000000000003,146.7411545623836,38.068799999999996,0.533504
169680,78.78999999999999,21.210000000000008,146.72253258845436,38.08204,0.5335632
169760,78.78,21.22,146.70391061452514,38.09528,0.5336224
169840,78.77,21.230000000000004,146.6852886405959,38.10852,0.5336816
169920,78.75999999999999,21.24000000000001,146.66666666666663,38.121759999999995,0.5337408
170000,78.75,21.25,146.64804469273741,38.135,0.5338
170080,78.74,21.260000000000005,146.62942271880817,38.14824,0.5338592
170160,78.73,21.269999999999996,146.61080074487896,38.16148,0.5339184
170240,78.72,21.28,146.59217877094972,38.17471999999999,0.5339776
170320,78.71000000000001,21.289999999999992,146.5735567970205,38.18796,0.5340368000000001
170400,78.7,21.299999999999997,146.55493482309123,38.2012,0.5340960000000001
170480,78.69,21.310000000000002,146.536312849162,38.214439999999996,0.5341552
170560,78.68,21.319999999999993,146.51769087523277,38.22768,0.5342144000000001
170640,78.67,21.33,146.49906890130353,38.24092,0.5342736
170720,78.66,21.340000000000003,146.4804469273743,38.25416,0.5343328
170800,78.65,21.349999999999994,146.46182495344507,38.267399999999995,0.5343920000000001
170880,78.64,21.36,146.44320297951583,38.28064,0.5344512
170960,78.63,21.370000000000005,146.4245810055866,38.29388,0.5345104
171040,78.62,21.379999999999995,146.40595903165735,38.30712,0.5345696000000001
171120,78.61,21.39,146.3873370577281,38.320359999999994,0.5346288
171200,78.6,21.400000000000006,146.36871508379886,38.3336,0.534688
171280,78.59,21.409999999999997,146.35009310986965,38.34684,0.5347472
171360,78.58,21.42,146.3314711359404,38.360079999999996,0.5348064
171440,78.57,21.430000000000007,146.31284916201116,38.37331999999999,0.5348656
171520,78.56,21.439999999999998,146.29422718808192,38.386559999999996,0.5349248000000001
171600,78.55,21.450000000000003,146.27560521415268,38.3998,0.534984
171680,78.53999999999999,21.460000000000008,146.25698324022343,38.413039999999995,0.5350432
171760,78.53,21.47,146.23836126629422,38.42628,0.5351024000000001
171840,78.52,21.480000000000004,146.21973929236498,38.43952,0.5351616
171920,78.50999999999999,21.49000000000001,146.20111731843573,38.45276,0.5352207999999999
172000,78.5,21.5,146.18249534450652,38.466,0.53528
172080,78.49,21.510000000000005,146.16387337057725,38.47924,0.5353392
172160,78.48,21.519999999999996,146.14525139664804,38.49248,0.5353984
172240,78.47,21.53,146.1266294227188,38.50572,0.5354576000000001
172320,78.46000000000001,21.539999999999992,146.10800744878958,38.51896,0.5355168
172400,78.45,21.549999999999997,146.08938547486034,38.532199999999996,0.535576
172480,78.44,21.560000000000002,146.0707635009311,38.54544,0.5356352
172560,78.43,21.569999999999993,146.05214152700188,38.55868,0.5356944000000001
172640,78.42,21.58,146.0335195530726,38.57192,0.5357536
172720,78.41,21.590000000000003,146.01489757914337,38.585159999999995,0.5358128
172800,78.4,21.599999999999994,145.99627560521415,38.5984,0.5358720000000001
172880,78.39,21.61,145.9776536312849,38.61164,0.5359312
172960,78.38,21.620000000000005,145.95903165735567,38.62488,0.5359904000000001
173040,78.37,21.629999999999995,145.94040968342645,38.63812,0.5360496
173120,78.36,21.64,145.9217877094972,38.65136,0.5361088
173200,78.35,21.650000000000006,145.90316573556794,38.6646,0.536168
173280,78.34,21.659999999999997,145.88454376163872,38.677839999999996,0.5362272000000001
173360,78.33,21.67,145.86592178770948,38.69108,0.5362864
173440,78.32,21.680000000000007,145.84729981378024,38.704319999999996,0.5363456
173520,78.31,21.689999999999998,145.82867783985103,38.71756,0.5364048
173600,78.3,21.700000000000003,145.81005586592178,38.730799999999995,0.536464
173680,78.28999999999999,21.710000000000008,145.79143389199254,38.74404,0.5365232
173760,78.28,21.72,145.7728119180633,38.75728,0.5365824
173840,78.27,21.730000000000004,145.75418994413405,38.77052,0.5366416
173920,78.25999999999999,21.74000000000001,145.7355679702048,38.783759999999994,0.5367008
174000,78.25,21.75,145.7169459962756,38.797,0.5367600000000001
174080,78.24,21.760000000000005,145.69832402234636,38.81024,0.5368192
174160,78.23,21.769999999999996,145.67970204841714,38.82348,0.5368784
174240,78.22,21.78,145.6610800744879,38.83672,0.5369376
174320,78.21000000000001,21.789999999999992,145.64245810055866,38.849959999999996,0.5369968
174400,78.2,21.799999999999997,145.6238361266294,38.8632,0.5370560000000001
174480,78.19,21.810000000000002,145.60521415270017,38.87644,0.5371152
174560,78.18,21.819999999999993,145.58659217877096,38.88968,0.5371744
174640,78.17,21.83,145.5679702048417,38.902919999999995,0.5372336000000001
174720,78.16,21.840000000000003,145.54934823091247,38.91616,0.5372928
174800,78.15,21.849999999999994,145.53072625698323,38.9294,0.537352
174880,78.14,21.86,145.512104283054,38.94264,0.5374112
174960,78.13,21.870000000000005,145.49348230912474,38.95588,0.5374704
175040,78.12,21.879999999999995,145.47486033519553,38.969120000000004,0.5375296
175120,78.11,21.89,145.4562383612663,38.98236,0.5375888
175200,78.1,21.900000000000006,145.43761638733704,38.995599999999996,0.537648
175280,78.09,21.909999999999997,145.41899441340783,39.00884,0.5377072
175360,78.08,21.92,145.40037243947856,39.02208,0.5377664
175440,78.07,21.930000000000007,145.38175046554932,39.03532,0.5378256
175520,78.06,21.939999999999998,145.3631284916201,39.048559999999995,0.5378848
175600,78.05,21.950000000000003,145.34450651769086,39.0618,0.537944
175680,78.03999999999999,21.960000000000008,145.32588454376162,39.07504,0.5380032
175760,78.03,21.97,145.3072625698324,39.08828,0.5380624
175840,78.02,21.980000000000004,145.28864059590316,39.101519999999994,0.5381216
175920,78.00999999999999,21.99000000000001,145.2700186219739,39.11476,0.5381808
176000,78.0,22.0,145.25139664804468,39.128,0.53824
176080,77.99,22.010000000000005,145.23277467411543,39.141239999999996,0.5382992
176160,77.98,22.019999999999996,145.21415270018622,39.15448,0.5383584000000001
176240,77.97,22.03,145.19553072625698,39.16772,0.5384176
176320,77.96000000000001,22.039999999999992,145.17690875232776,39.18096,0.5384768000000001
176400,77.95,22.049999999999997,145.15828677839852,39.194199999999995,0.5385360000000001
176480,77.94,22.060000000000002,145.13966480446925,39.20744,0.5385952
176560,77.93,22.069999999999993,145.12104283054003,39.22068,0.5386544
176640,77.92,22.08,145.1024208566108,39.23392,0.5387136
176720,77.91,22.090000000000003,145.08379888268155,39.247159999999994,0.5387728
176800,77.9,22.099999999999994,145.06517690875233,39.2604,0.5388320000000001
176880,77.89,22.11,145.0465549348231,39.27364,0.5388912000000001
176960,77.88,22.120000000000005,145.02793296089385,39.28688,0.5389504
177040,77.87,22.129999999999995,145.0093109869646,39.30012,0.5390096000000001
177120,77.86,22.14,144.99068901303536,39.313359999999996,0.5390688
177200,77.85,22.150000000000006,144.97206703910612,39.3266,0.539128
177280,77.84,22.159999999999997,144.9534450651769,39.33984,0.5391872
177360,77.83,22.17,144.93482309124767,39.35308,0.5392464
177440,77.82,22.180000000000007,144.91620111731842,39.36632,0.5393056
177520,77.81,22.189999999999998,144.8975791433892,39.37956,0.5393648000000001
177600,77.8,22.200000000000003,144.87895716945994,39.392799999999994,0.539424
177680,77.78999999999999,22.210000000000008,144.8603351955307,39.40604,0.5394832
177760,77.78,22.22,144.84171322160148,39.41928,0.5395424
177840,77.77,22.230000000000004,144.82309124767224,39.43252,0.5396016
177920,77.75999999999999,22.24000000000001,144.804469273743,39.44575999999999,0.5396608
178000,77.75,22.25,144.78584729981378,39.458999999999996,0.53972
178080,77.74,22.260000000000005,144.76722532588454,39.47224,0.5397792
178160,77.73,22.269999999999996,144.7486033519553,39.48548,0.5398384
178240,77.72,22.28,144.72998137802605,39.49872,0.5398976000000001
178320,77.71000000000001,22.289999999999992,144.71135940409684,39.51196,0.5399568
178400,77.7,22.299999999999997,144.6927374301676,39.5252,0.540016
178480,77.69,22.310000000000002,144.67411545623835,39.53844,0.5400752
178560,77.68,22.319999999999993,144.65549348230914,39.55168,0.5401344000000001
178640,77.67,22.33,144.63687150837987,39.56492,0.5401936
178720,77.66,22.340000000000003,144.61824953445063,39.57816,0.5402528
178800,77.65,22.349999999999994,144.5996275605214,39.5914,0.5403120000000001
178880,77.64,22.36,144.58100558659217,39.604639999999996,0.5403712
178960,77.63,22.370000000000005,144.56238361266293,39.61788,0.5404304
179040,77.62,22.379999999999995,144.5437616387337,39.631119999999996,0.5404896
179120,77.61,22.39,144.52513966480447,39.64436,0.5405488
179200,77.6,22.400000000000006,144.5065176908752,39.657599999999995,0.540608
179280,77.59,22.409999999999997,144.48789571694599,39.67084,0.5406672000000001
179360,77.58,22.42,144.46927374301674,39.68408,0.5407264
179440,77.57,22.430000000000007,144.4506517690875,39.69732,0.5407856
179520,77.56,22.439999999999998,144.4320297951583,39.71056,0.5408448
179600,77.55,22.450000000000003,144.41340782122904,39.7238,0.540904
179680,77.53999999999999,22.460000000000008,144.3947858472998,39.73704,0.5409632
179760,77.53,22.47,144.37616387337056,39.750280000000004,0.5410224
179840,77.52,22.480000000000004,144.35754189944132,39.76352,0.5410816
179920,77.50999999999999,22.49000000000001,144.33891992551207,39.776759999999996,0.5411408
180000,77.5,22.5,144.32029795158286,39.79,0.5412
180080,77.49,22.510000000000005,144.30167597765362,39.80324,0.5412592
180160,77.48,22.519999999999996,144.2830540037244,39.81648,0.5413184
180240,77.47,22.53,144.26443202979516,39.829719999999995,0.5413776
180320,77.46000000000001,22.539999999999992,144.24581005586592,39.84296,0.5414368
180400,77.45,22.549999999999997,144.22718808193667,39.8562,0.5414960000000001
180480,77.44,22.560000000000002,144.20856610800743,39.86944,0.5415552
180560,77.43,22.569999999999993,144.18994413407822,39.88268,0.5416144
180640,77.42,22.58,144.17132216014897,39.895920000000004,0.5416736000000001
180720,77.41,22.590000000000003,144.15270018621973,39.90916,0.5417328
180800,77.4,22.599999999999994,144.13407821229052,39.9224,0.541792
180880,77.39,22.61,144.11545623836125,39.93563999999999,0.5418512
180960,77.38,22.620000000000005,144.096834264432,39.948879999999996,0.5419104
181040,77.37,22.629999999999995,144.0782122905028,39.96212,0.5419696
181120,77.36,22.64,144.05959031657355,39.975359999999995,0.5420288000000001
181200,77.35,22.650000000000006,144.0409683426443,39.9886,0.542088
181280,77.34,22.659999999999997,144.0223463687151,40.00184,0.5421472
181360,77.33,22.67,144.00372439478585,40.01508,0.5422064
181440,77.32,22.680000000000007,143.98510242085658,40.02832,0.5422656
181520,77.31,22.689999999999998,143.96648044692736,40.04156,0.5423248
181600,77.3,22.700000000000003,143.94785847299812,40.0548,0.542384
181680,77.28999999999999,22.710000000000008,143.92923649906888,40.068039999999996,0.5424432
181760,77.28,22.72,143.91061452513966,40.08128,0.5425024
181840,77.27,22.730000000000004,143.89199255121042,40.09452,0.5425616000000001
181920,77.25999999999999,22.74000000000001,143.87337057728118,40.10776,0.5426208
182000,77.25,22.75,143.85474860335194,40.121,0.54268
182080,77.24,22.760000000000005,143.8361266294227,40.13423999999999,0.5427392
182160,77.23,22.769999999999996,143.81750465549348,40.147479999999995,0.5427984000000001
182240,77.22,22.78,143.79888268156424,40.16072,0.5428576
182320,77.21000000000001,22.789999999999992,143.78026070763502,40.17396,0.5429168000000001
182400,77.2,22.799999999999997,143.76163873370578,40.1872,0.542976
182480,77.19,22.810000000000002,143.7430167597765,40.20044,0.5430352
182560,77.18,22.819999999999993,143.7243947858473,40.213680000000004,0.5430944000000001
182640,77.17,22.83,143.70577281191805,40.22692,0.5431536
182720,77.16,22.840000000000003,143.6871508379888,40.240159999999996,0.5432128
182800,77.15,22.849999999999994,143.6685288640596,40.2534,0.5432720000000001
182880,77.14,22.86,143.64990689013035,40.266639999999995,0.5433312000000001
182960,77.13,22.870000000000005,143.6312849162011,40.27988,0.5433904
183040,77.12,22.879999999999995,143.61266294227187,40.29312,0.5434496000000001
183120,77.11,22.89,143.59404096834263,40.30636,0.5435088
183200,77.1,22.900000000000006,143.57541899441338,40.3196,0.543568
183280,77.09,22.909999999999997,143.55679702048417,40.332840000000004,0.5436272000000001
183360,77.08,22.92,143.53817504655493,40.34607999999999,0.5436864
183440,77.07,22.930000000000007,143.51955307262568,40.35932,0.5437456
183520,77.06,22.939999999999998,143.50093109869647,40.37256,0.5438048000000001
183600,77.05,22.950000000000003,143.4823091247672,40.385799999999996,0.543864
183680,77.03999999999999,22.960000000000008,143.46368715083796,40.39904,0.5439232
183760,77.03,22.97,143.44506517690874,40.41228,0.5439824
183840,77.02,22.980000000000004,143.4264432029795,40.42552,0.5440416
183920,77.00999999999999,22.99000000000001,143.40782122905026,40.43876,0.5441008
184000,77.0,23.0,143.38919925512104,40.452,0.54416
184080,76.99,23.010000000000005,143.3705772811918,40.465239999999994,0.5442192
184160,76.98,23.019999999999996,143.35195530726256,40.47848,0.5442784
184240,76.97,23.03,143.33333333333331,40.49172,0.5443376000000001
184320,76.96000000000001,23.039999999999992,143.3147113594041,40.50496,0.5443968000000001
184400,76.95,23.049999999999997,143.29608938547486,40.5182,0.544456
184480,76.94,23.060000000000002,143.27746741154562,40.53144,0.5445152
184560,76.93,23.069999999999993,143.2588454376164,40.54468,0.5445744000000001
184640,76.92,23.08,143.24022346368716,40.557919999999996,0.5446336
184720,76.91,23.090000000000003,143.2216014897579,40.57116,0.5446928
184800,76.9,23.099999999999994,143.20297951582867,40.5844,0.544752
184880,76.89,23.11,143.18435754189943,40.59764,0.5448112
184960,76.88,23.120000000000005,143.1657355679702,40.61088,0.5448704
185040,76.87,23.129999999999995,143.14711359404097,40.624120000000005,0.5449296000000001
185120,76.86,23.14,143.12849162011173,40.63736,0.5449888
185200,76.85,23.150000000000006,143.1098696461825,40.6506,0.545048
185280,76.84,23.159999999999997,143.09124767225325,40.66383999999999,0.5451072000000001
185360,76.83,23.17,143.072625698324,40.67708,0.5451664
185440,76.82,23.180000000000007,143.05400372439476,40.69032,0.5452256
185520,76.81,23.189999999999998,143.03538175046555,40.703559999999996,0.5452848
185600,76.8,23.200000000000003,143.0167597765363,40.7168,0.545344
185680,76.78999999999999,23.210000000000008,142.99813780260706,40.73004,0.5454032
185760,76.78,23.22,142.97951582867785,40.74328,0.5454624000000001
185840,76.77,23.230000000000004,142.96089385474858,40.756519999999995,0.5455216
185920,76.75999999999999,23.24000000000001,142.94227188081933,40.76976,0.5455808
186000,76.75,23.25,142.92364990689012,40.783,0.54564
186080,76.74,23.260000000000005,142.90502793296088,40.79624,0.5456992
186160,76.73,23.269999999999996,142.88640595903166,40.80948,0.5457584
186240,76.72,23.28,142.86778398510242,40.822720000000004,0.5458176
186320,76.71000000000001,23.289999999999992,142.84916201117318,40.83596,0.5458768
186400,76.7,23.299999999999997,142.83054003724394,40.8492,0.5459360000000001
186480,76.69,23.310000000000002,142.8119180633147,40.86243999999999,0.5459952000000001
186560,76.68,23.319999999999993,142.79329608938548,40.875679999999996,0.5460544
186640,76.67,23.33,142.77467411545624,40.88892,0.5461136
186720,76.66,23.340000000000003,142.756052141527,40.902159999999995,0.5461728
186800,76.65,23.349999999999994,142.73743016759778,40.9154,0.546232
186880,76.64,23.36,142.7188081936685,40.92864,0.5462912
186960,76.63,23.370000000000005,142.70018621973927,40.94188,0.5463504
187040,76.62,23.379999999999995,142.68156424581005,40.955119999999994,0.5464096
187120,76.61,23.39,142.6629422718808,40.96836,0.5464688000000001
187200,76.6,23.400000000000006,142.64432029795157,40.9816,0.546528
187280,76.59,23.409999999999997,142.62569832402235,40.994839999999996,0.5465872
187360,76.58,23.42,142.6070763500931,41.00808,0.5466464
187440,76.57,23.430000000000007,142.58845437616384,41.02132,0.5467056
187520,76.56,23.439999999999998,142.56983240223462,41.03456,0.5467648
187600,76.55,23.450000000000003,142.55121042830538,41.0478,0.546824
187680,76.53999999999999,23.460000000000008,142.53258845437614,41.06103999999999,0.5468832
187760,76.53,23.47,142.51396648044692,41.074279999999995,0.5469424
187840,76.52,23.480000000000004,142.49534450651768,41.08752,0.5470016
187920,76.50999999999999,23.49000000000001,142.47672253258844,41.100759999999994,0.5470608
188000,76.5,23.5,142.4581005586592,41.114,0.54712
188080,76.49,23.510000000000005,142.43947858472995,41.12724,0.5471792
188160,76.48,23.519999999999996,142.42085661080074,41.140480000000004,0.5472384000000001
188240,76.47,23.53,142.4022346368715,41.15372,0.5472976
188320,76.46000000000001,23.539999999999992,142.38361266294228,41.166959999999996,0.5473568000000001
188400,76.45,23.549999999999997,142.36499068901304,41.1802,0.547416
188480,76.44,23.560000000000002,142.3463687150838,41.193439999999995,0.5474752
188560,76.43,23.569999999999993,142.32774674115456,41.20668,0.5475344000000001
188640,76.42,23.58,142.3091247672253,41.21992,0.5475936
188720,76.41,23.590000000000003,142.29050279329607,41.23316,0.5476528
188800,76.4,23.599999999999994,142.27188081936686,41.2464,0.5477120000000001
188880,76.39,23.61,142.2532588454376,41.25964,0.5477712000000001
188960,76.38,23.620000000000005,142.23463687150837,41.272879999999994,0.5478304
189040,76.37,23.629999999999995,142.21601489757916,41.28612,0.5478896
189120,76.36,23.64,142.1973929236499,41.29936,0.5479488
189200,76.35,23.650000000000006,142.17877094972064,41.312599999999996,0.548008
189280,76.34,23.659999999999997,142.16014897579143,41.32584,0.5480672000000001
189360,76.33,23.67,142.1415270018622,41.33908,0.5481264
189440,76.32,23.680000000000007,142.12290502793294,41.35232,0.5481856
189520,76.31,23.689999999999998,142.10428305400373,41.365559999999995,0.5482448000000001
189600,76.3,23.700000000000003,142.0856610800745,41.3788,0.548304
189680,76.28999999999999,23.710000000000008,142.06703910614522,41.392039999999994,0.5483632
189760,76.28,23.72,142.048417132216,41.40528,0.5484224
189840,76.27,23.730000000000004,142.02979515828676,41.41852,0.5484816
189920,76.25999999999999,23.74000000000001,142.01117318435752,41.43176,0.5485408
190000,76.25,23.75,141.9925512104283,41.445,0.5486000000000001
190080,76.24,23.760000000000005,141.97392923649906,41.45824,0.5486592
190160,76.23,23.769999999999996,141.95530726256982,41.47148,0.5487184
190240,76.22,23.78,141.93668528864058,41.484719999999996,0.5487776
190320,76.21000000000001,23.789999999999992,141.91806331471136,41.49796,0.5488368000000001
190400,76.2,23.799999999999997,141.89944134078212,41.5112,0.548896
190480,76.19,23.810000000000002,141.88081936685288,41.52444,0.5489552
190560,76.18,23.819999999999993,141.86219739292366,41.53768,0.5490144000000001
190640,76.17,23.83,141.84357541899442,41.550920000000005,0.5490736
190720,76.16,23.840000000000003,141.82495344506515,41.56416,0.5491328000000001
190800,76.15,23.849999999999994,141.80633147113593,41.5774,0.549192
190880,76.14,23.86,141.7877094972067,41.59063999999999,0.5492512
190960,76.13,23.870000000000005,141.76908752327745,41.60388,0.5493104
191040,76.12,23.879999999999995,141.75046554934823,41.61712,0.5493696000000001
191120,76.11,23.89,141.731843575419,41.630359999999996,0.5494288
191200,76.1,23.900000000000006,141.71322160148975,41.6436,0.549488
191280,76.09,23.909999999999997,141.6945996275605,41.65684,0.5495472
191360,76.08,23.92,141.67597765363126,41.67008,0.5496064
191440,76.07,23.930000000000007,141.65735567970202,41.683319999999995,0.5496656
191520,76.06,23.939999999999998,141.6387337057728,41.69656,0.5497248
191600,76.05,23.950000000000003,141.62011173184356,41.7098,0.549784
191680,76.03999999999999,23.960000000000008,141.60148975791432,41.72304,0.5498432
191760,76.03,23.97,141.5828677839851,41.73628,0.5499024000000001
191840,76.02,23.980000000000004,141.56424581005584,41.749520000000004,0.5499616
191920,76.00999999999999,23.99000000000001,141.5456238361266,41.76276,0.5500208
192000,76.0,24.0,141.52700186219738,41.775999999999996,0.55008
192080,75.99,24.010000000000005,141.50837988826814,41.78923999999999,0.5501392
192160,75.98,24.019999999999996,141.48975791433892,41.802479999999996,0.5501984000000001
192240,75.97,24.03,141.47113594040968,41.81572,0.5502576
192320,75.96000000000001,24.039999999999992,141.45251396648047,41.82896,0.5503168
192400,75.95,24.049999999999997,141.4338919925512,41.8422,0.5503760000000001
192480,75.94,24.060000000000002,141.41527001862195,41.85544,0.5504352
192560,75.93,24.069999999999993,141.39664804469274,41.868680000000005,0.5504944
192640,75.92,24.08,141.3780260707635,41.881919999999994,0.5505536
192720,75.91,24.090000000000003,141.35940409683425,41.89516,0.5506128
192800,75.9,24.099999999999994,141.34078212290504,41.9084,0.550672
192880,75.89,24.11,141.3221601489758,41.92164,0.5507312000000001
192960,75.88,24.120000000000005,141.30353817504653,41.93488,0.5507904
193040,75.87,24.129999999999995,141.2849162011173,41.94812,0.5508496
193120,75.86,24.14,141.26629422718807,41.96136,0.5509088000000001
193200,75.85,24.150000000000006,141.24767225325883,41.9746,0.550968
193280,75.84,24.159999999999997,141.2290502793296,41.98784,0.5510272
193360,75.83,24.17,141.21042830540037,42.001079999999995,0.5510864
193440,75.82,24.180000000000007,141.19180633147113,42.01432,0.5511456
193520,75.81,24.189999999999998,141.17318435754188,42.02756,0.5512048
193600,75.8,24.200000000000003,141.15456238361264,42.0408,0.551264
193680,75.78999999999999,24.210000000000008,141.1359404096834,42.05404,0.5513232
193760,75.78,24.22,141.11731843575419,42.067280000000004,0.5513824
193840,75.77,24.230000000000004,141.09869646182494,42.08051999999999,0.5514416
193920,75.75999999999999,24.24000000000001,141.0800744878957,42.093759999999996,0.5515008
194000,75.75,24.25,141.06145251396646,42.107,0.55156
194080,75.74,24.260000000000005,141.04283054003722,42.120239999999995,0.5516192
194160,75.73,24.269999999999996,141.024208566108,42.13348,0.5516784000000001
194240,75.72,24.28,141.00558659217876,42.14672,0.5517376
194320,75.71000000000001,24.289999999999992,140.98696461824954,42.15996,0.5517968000000001
194400,75.7,24.299999999999997,140.9683426443203,42.1732,0.551856
194480,75.69,24.310000000000002,140.94972067039106,42.18644,0.5519152
194560,75.68,24.319999999999993,140.93109869646182,42.19968,0.5519744000000001
194640,75.67,24.33,140.91247672253257,42.21292,0.5520336000000001
194720,75.66,24.340000000000003,140.89385474860333,42.22616,0.5520928
194800,75.65,24.349999999999994,140.87523277467412,42.2394,0.5521520000000001
194880,75.64,24.36,140.85661080074487,42.25264,0.5522112
194960,75.63,24.370000000000005,140.83798882681563,42.26588,0.5522704
195040,75.62,24.379999999999995,140.81936685288642,42.279120000000006,0.5523296
195120,75.61,24.39,140.80074487895715,42.292359999999995,0.5523888
195200,75.6,24.400000000000006,140.7821229050279,42.3056,0.552448
195280,75.59,24.409999999999997,140.7635009310987,42.318839999999994,0.5525072000000001
195360,75.58,24.42,140.74487895716945,42.33208,0.5525664000000001
195440,75.57,24.430000000000007,140.7262569832402,42.34532,0.5526256
195520,75.56,24.439999999999998,140.707635009311,42.35856,0.5526848
195600,75.55,24.450000000000003,140.68901303538175,42.3718,0.552744
195680,75.53999999999999,24.460000000000008,140.67039106145248,42.385040000000004,0.5528032
195760,75.53,24.47,140.65176908752326,42.39828,0.5528624
195840,75.52,24.480000000000004,140.63314711359402,42.411519999999996,0.5529216
195920,75.50999999999999,24.49000000000001,140.61452513966478,42.42476,0.5529808
196000,75.5,24.5,140.59590316573556,42.438,0.5530400000000001
196080,75.49,24.510000000000005,140.57728119180632,42.45124,0.5530992
196160,75.48,24.519999999999996,140.5586592178771,42.46448,0.5531584
196240,75.47,24.53,140.54003724394784,42.477720000000005,0.5532176
196320,75.46000000000001,24.539999999999992,140.52141527001862,42.490959999999994,0.5532768000000001
196400,75.45,24.549999999999997,140.50279329608938,42.5042,0.553336
196480,75.44,24.560000000000002,140.48417132216014,42.51743999999999,0.5533952
196560,75.43,24.569999999999993,140.46554934823092,42.53068,0.5534544000000001
196640,75.42,24.58,140.44692737430168,42.54392,0.5535136
196720,75.41,24.590000000000003,140.42830540037244,42.557159999999996,0.5535728
196800,75.4,24.599999999999994,140.4096834264432,42.5704,0.5536320000000001
196880,75.39,24.61,140.39106145251395,42.58364,0.5536912
196960,75.38,24.620000000000005,140.3724394785847,42.59688,0.5537504
197040,75.37,24.629999999999995,140.3538175046555,42.610119999999995,0.5538096000000001
197120,75.36,24.64,140.33519553072625,42.62336,0.5538688
197200,75.35,24.650000000000006,140.316573556797,42.6366,0.553928
197280,75.34,24.659999999999997,140.29795158286777,42.64984,0.5539872
197360,75.33,24.67,140.27932960893853,42.66308,0.5540464
197440,75.32,24.680000000000007,140.26070763500928,42.676320000000004,0.5541056
197520,75.31,24.689999999999998,140.24208566108007,42.68956,0.5541648
197600,75.3,24.700000000000003,140.22346368715083,42.702799999999996,0.554224
197680,75.28999999999999,24.710000000000008,140.20484171322158,42.71603999999999,0.5542832
197760,75.28,24.72,140.18621973929237,42.729279999999996,0.5543424000000001
197840,75.27,24.730000000000004,140.16759776536313,42.74252,0.5544016
197920,75.25999999999999,24.74000000000001,140.14897579143386,42.755759999999995,0.5544608
198000,75.25,24.75,140.13035381750464,42.769,0.55452
198080,75.24,24.760000000000005,140.1117318435754,42.78224,0.5545792
198160,75.23,24.769999999999996,140.09310986964618,42.79548,0.5546384000000001
198240,75.22,24.78,140.07448789571694,42.808719999999994,0.5546976
198320,75.21000000000001,24.789999999999992,140.05586592178773,42.82196,0.5547568
198400,75.2,24.799999999999997,140.03724394785846,42.8352,0.5548160000000001
198480,75.19,24.810000000000002,140.0186219739292,42.84844,0.5548752
198560,75.18,24.819999999999993,140.0,42.86168,0.5549344
198640,75.17,24.83,139.98137802607076,42.87492,0.5549936
198720,75.16,24.840000000000003,139.96275605214151,42.88816,0.5550528
198800,75.15,24.849999999999994,139.9441340782123,42.901399999999995,0.555112
198880,75.14,24.86,139.92551210428306,42.91464,0.5551712000000001
198960,75.13,24.870000000000005,139.9068901303538,42.927879999999995,0.5552304
199040,75.12,24.879999999999995,139.88826815642457,42.94112,0.5552896
199120,75.11,24.89,139.86964618249533,42.95436,0.5553488
199200,75.1,24.900000000000006,139.8510242085661,42.9676,0.555408
199280,75.09,24.909999999999997,139.83240223463687,42.98084,0.5554672
199360,75.08,24.92,139.81378026070763,42.994080000000004,0.5555264
199440,75.07,24.930000000000007,139.7951582867784,43.00731999999999,0.5555856
199520,75.06,24.939999999999998,139.77653631284915,43.020559999999996,0.5556448
199600,75.05,24.950000000000003,139.7579143389199,43.0338,0.5557040000000001
199680,75.03999999999999,24.960000000000008,139.73929236499066,43.047039999999996,0.5557632
199760,75.03,24.97,139.72067039106145,43.06028,0.5558224
199840,75.02,24.980000000000004,139.7020484171322,43.07352,0.5558816
199920,75.00999999999999,24.99000000000001,139.68342644320296,43.08676,0.5559408
200000,75.0,25.0,139.66480446927375,43.1,0.556
200080,74.99,25.010000000000005,139.64618249534448,43.11324,0.5560592
200160,74.98,25.019999999999996,139.62756052141526,43.12648,0.5561184000000001
200240,74.97,25.03,139.60893854748602,43.13972,0.5561776
200320,74.96000000000001,25.039999999999992,139.5903165735568,43.15296,0.5562368000000001
200400,74.95,25.049999999999997,139.57169459962756,43.1662,0.556296
200480,74.94,25.060000000000002,139.55307262569832,43.17944,0.5563552
200560,74.93,25.069999999999993,139.5344506517691,43.19268,0.5564144000000001
200640,74.92,25.08,139.51582867783983,43.20591999999999,0.5564736000000001
200720,74.91,25.090000000000003,139.4972067039106,43.219159999999995,0.5565328
200800,74.9,25.099999999999994,139.47858472998138,43.2324,0.556592
200880,74.89,25.11,139.45996275605214,43.245639999999995,0.5566512000000001
200960,74.88,25.120000000000005,139.4413407821229,43.25888,0.5567104
201040,74.87,25.129999999999995,139.42271880819368,43.27212,0.5567696000000001
201120,74.86,25.14,139.40409683426444,43.28536,0.5568288
201200,74.85,25.150000000000006,139.38547486033517,43.2986,0.556888
201280,74.84,25.159999999999997,139.36685288640595,43.31184,0.5569472000000001
201360,74.83,25.17,139.3482309124767,43.32508,0.5570064000000001
201440,74.82,25.180000000000007,139.32960893854747,43.338319999999996,0.5570656
201520,74.81,25.189999999999998,139.31098696461825,43.35156,0.5571248
201600,74.8,25.200000000000003,139.292364990689,43.3648,0.557184
201680,74.78999999999999,25.210000000000008,139.27374301675977,43.37804,0.5572432
201760,74.78,25.22,139.25512104283052,43.39128,0.5573024000000001
201840,74.77,25.230000000000004,139.23649906890128,43.404520000000005,0.5573616
201920,74.75999999999999,25.24000000000001,139.21787709497204,43.417759999999994,0.5574208
202000,74.75,25.25,139.19925512104282,43.431,0.55748
202080,74.74,25.260000000000005,139.18063314711358,43.44423999999999,0.5575392000000001
202160,74.73,25.269999999999996,139.16201117318437,43.45748,0.5575984
202240,74.72,25.28,139.1433891992551,43.47072,0.5576576
202320,74.71000000000001,25.289999999999992,139.12476722532588,43.48396,0.5577168000000001
202400,74.7,25.299999999999997,139.10614525139664,43.4972,0.557776
202480,74.69,25.310000000000002,139.0875232774674,43.51044,0.5578352000000001
202560,74.68,25.319999999999993,139.06890130353818,43.52368,0.5578944000000001
202640,74.67,25.33,139.05027932960894,43.536919999999995,0.5579536
202720,74.66,25.340000000000003,139.0316573556797,43.55016,0.5580128
202800,74.65,25.349999999999994,139.01303538175046,43.5634,0.5580720000000001
202880,74.64,25.36,138.9944134078212,43.57664,0.5581312
202960,74.63,25.370000000000005,138.97579143389197,43.58988,0.5581904
203040,74.62,25.379999999999995,138.95716945996276,43.603120000000004,0.5582496000000001
203120,74.61,25.39,138.9385474860335,43.61635999999999,0.5583088
203200,74.6,25.400000000000006,138.91992551210427,43.629599999999996,0.558368
203280,74.59,25.409999999999997,138.90130353817506,43.64284,0.5584272000000001
203360,74.58,25.42,138.8826815642458,43.656079999999996,0.5584864
203440,74.57,25.430000000000007,138.86405959031654,43.66932,0.5585456
203520,74.56,25.439999999999998,138.84543761638733,43.68256,0.5586048000000001
203600,74.55,25.450000000000003,138.8268156424581,43.6958,0.558664
203680,74.53999999999999,25.460000000000008,138.80819366852884,43.70904,0.5587232
203760,74.53,25.47,138.78957169459963,43.72228,0.5587824000000001
203840,74.52,25.480000000000004,138.7709497206704,43.735519999999994,0.5588416
203920,74.50999999999999,25.49000000000001,138.75232774674112,43.74876,0.5589008
204000,74.5,25.5,138.7337057728119,43.762,0.55896
204080,74.49,25.510000000000005,138.71508379888266,43.77524,0.5590192
204160,74.48,25.519999999999996,138.69646182495345,43.78848,0.5590784000000001
204240,74.47,25.53,138.6778398510242,43.80172,0.5591376000000001
204320,74.46000000000001,25.539999999999992,138.659217877095,43.81496,0.5591968
204400,74.45,25.549999999999997,138.64059590316575,43.828199999999995,0.559256
204480,74.44,25.560000000000002,138.62197392923647,43.84144,0.5593152
204560,74.43,25.569999999999993,138.60335195530726,43.85468,0.5593744
204640,74.42,25.58,138.58472998137802,43.86792,0.5594336
204720,74.41,25.590000000000003,138.56610800744878,43.88116,0.5594928
204800,74.4,25.599999999999994,138.54748603351956,43.894400000000005,0.559552
204880,74.39,25.61,138.52886405959032,43.90764,0.5596112
204960,74.38,25.620000000000005,138.51024208566108,43.92088,0.5596704000000001
205040,74.37,25.629999999999995,138.49162011173183,43.93411999999999,0.5597296
205120,74.36,25.64,138.4729981378026,43.947359999999996,0.5597888
205200,74.35,25.650000000000006,138.45437616387335,43.9606,0.559848
205280,74.34,25.659999999999997,138.43575418994413,43.973839999999996,0.5599072
205360,74.33,25.67,138.4171322160149,43.98708,0.5599664
205440,74.32,25.680000000000007,138.39851024208565,44.00032,0.5600256
205520,74.31,25.689999999999998,138.3798882681564,44.01356,0.5600848
205600,74.3,25.700000000000003,138.36126629422716,44.026799999999994,0.560144
205680,74.28999999999999,25.710000000000008,138.34264432029792,44.04004,0.5602032
205760,74.28,25.72,138.3240223463687,44.05328,0.5602624
205840,74.27,25.730000000000004,138.30540037243946,44.06652,0.5603216
205920,74.25999999999999,25.74000000000001,138.28677839851022,44.07976,0.5603808
206000,74.25,25.75,138.268156424581,44.093,0.56044
206080,74.24,25.760000000000005,138.24953445065174,44.10624,0.5604992
206160,74.23,25.769999999999996,138.23091247672252,44.11948,0.5605584000000001
206240,74.22,25.78,138.21229050279328,44.13271999999999,0.5606176
206320,74.21000000000001,25.789999999999992,138.19366852886407,44.145959999999995,0.5606768000000001
206400,74.2,25.799999999999997,138.17504655493482,44.1592,0.5607360000000001
206480,74.19,25.810000000000002,138.15642458100558,44.172439999999995,0.5607952
206560,74.18,25.819999999999993,138.13780260707637,44.18568,0.5608544000000001
206640,74.17,25.83,138.1191806331471,44.19892,0.5609136000000001
206720,74.16,25.840000000000003,138.10055865921785,44.21216,0.5609728
206800,74.15,25.849999999999994,138.08193668528864,44.2254,0.561032
206880,74.14,25.86,138.0633147113594,44.23864,0.5610912
206960,74.13,25.870000000000005,138.04469273743015,44.25188,0.5611504
207040,74.12,25.879999999999995,138.02607076350094,44.265119999999996,0.5612096000000001
207120,74.11,25.89,138.0074487895717,44.27836,0.5612688
207200,74.1,25.900000000000006,137.98882681564243,44.2916,0.561328
207280,74.09,25.909999999999997,137.9702048417132,44.30484,0.5613872
207360,74.08,25.92,137.95158286778397,44.31808,0.5614464000000001
207440,74.07,25.930000000000007,137.93296089385473,44.33131999999999,0.5615056
207520,74.06,25.939999999999998,137.9143389199255,44.344559999999994,0.5615648
207600,74.05,25.950000000000003,137.89571694599627,44.3578,0.561624
207680,74.03999999999999,25.960000000000008,137.87709497206703,44.371039999999994,0.5616832
207760,74.03,25.97,137.85847299813778,44.38428,0.5617424000000001
207840,74.02,25.980000000000004,137.83985102420854,44.39752,0.5618016
207920,74.00999999999999,25.99000000000001,137.8212290502793,44.410759999999996,0.5618608
208000,74.0,26.0,137.80260707635009,44.424,0.56192
208080,73.99,26.010000000000005,137.78398510242084,44.437239999999996,0.5619792
208160,73.98,26.019999999999996,137.76536312849163,44.45048,0.5620384
208240,73.97,26.03,137.7467411545624,44.463719999999995,0.5620976
208320,73.96000000000001,26.039999999999992,137.72811918063314,44.47696,0.5621568000000001
208400,73.95,26.049999999999997,137.7094972067039,44.4902,0.562216
208480,73.94,26.060000000000002,137.69087523277466,44.50344,0.5622752
208560,73.93,26.069999999999993,137.67225325884544,44.51668,0.5623344000000001
208640,73.92,26.08,137.6536312849162,44.529920000000004,0.5623936
208720,73.91,26.090000000000003,137.63500931098696,44.54315999999999,0.5624528
208800,73.9,26.099999999999994,137.61638733705772,44.5564,0.5625120000000001
208880,73.89,26.11,137.59776536312847,44.56964,0.5625712
208960,73.88,26.120000000000005,137.57914338919923,44.582879999999996,0.5626304
209040,73.87,26.129999999999995,137.56052141527002,44.59612,0.5626896000000001
209120,73.86,26.14,137.54189944134077,44.60936,0.5627488
209200,73.85,26.150000000000006,137.52327746741153,44.6226,0.562808
209280,73.84,26.159999999999997,137.50465549348232,44.63584,0.5628672
209360,73.83,26.17,137.48603351955308,44.64908,0.5629264
209440,73.82,26.180000000000007,137.4674115456238,44.662319999999994,0.5629856
209520,73.81,26.189999999999998,137.4487895716946,44.67556,0.5630448000000001
209600,73.8,26.200000000000003,137.43016759776535,44.6888,0.563104
209680,73.78999999999999,26.210000000000008,137.4115456238361,44.70204,0.5631632
209760,73.78,26.22,137.3929236499069,44.71528,0.5632224000000001
209840,73.77,26.230000000000004,137.37430167597765,44.72852,0.5632816
209920,73.75999999999999,26.24000000000001,137.3556797020484,44.74175999999999,0.5633408
210000,73.75,26.25,137.33705772811916,44.754999999999995,0.5634
210080,73.74,26.260000000000005,137.31843575418992,44.76824,0.5634592
210160,73.73,26.269999999999996,137.2998137802607,44.78148,0.5635184000000001
210240,73.72,26.28,137.28119180633146,44.79472,0.5635776000000001
210320,73.71000000000001,26.289999999999992,137.26256983240225,44.80796,0.5636368
210400,73.7,26.299999999999997,137.243947858473,44.821200000000005,0.563696
210480,73.69,26.310000000000002,137.22532588454374,44.83444,0.5637552
210560,73.68,26.319999999999993,137.20670391061452,44.84768,0.5638144
210640,73.67,26.33,137.18808193668528,44.86091999999999,0.5638736000000001
210720,73.66,26.340000000000003,137.16945996275604,44.874159999999996,0.5639328
210800,73.65,26.349999999999994,137.15083798882682,44.8874,0.563992
210880,73.64,26.36,137.13221601489758,44.900639999999996,0.5640512
210960,73.63,26.370000000000005,137.11359404096834,44.91388,0.5641104000000001
211040,73.62,26.379999999999995,137.0949720670391,44.92712,0.5641696
211120,73.61,26.39,137.07635009310985,44.94036,0.5642288
211200,73.6,26.400000000000006,137.0577281191806,44.953599999999994,0.564288
211280,73.59,26.409999999999997,137.0391061452514,44.96684,0.5643472
211360,73.58,26.42,137.02048417132215,44.98008,0.5644064000000001
211440,73.57,26.430000000000007,137.0018621973929,44.99332,0.5644656
211520,73.56,26.439999999999998,136.9832402234637,45.00656,0.5645248
211600,73.55,26.450000000000003,136.96461824953442,45.019800000000004,0.564584
211680,73.53999999999999,26.460000000000008,136.94599627560518,45.03304,0.5646432
211760,73.53,26.47,136.92737430167597,45.046279999999996,0.5647024
211840,73.52,26.480000000000004,136.90875232774673,45.05951999999999,0.5647616
211920,73.50999999999999,26.49000000000001,136.89013035381748,45.072759999999995,0.5648208
212000,73.5,26.5,136.87150837988827,45.086,0.56488
212080,73.49,26.510000000000005,136.85288640595903,45.099239999999995,0.5649392
212160,73.48,26.519999999999996,136.83426443202978,45.11248,0.5649984000000001
212240,73.47,26.53,136.81564245810054,45.12572,0.5650576
212320,73.46000000000001,26.539999999999992,136.79702048417133,45.138960000000004,0.5651168000000001
212400,73.45,26.549999999999997,136.77839851024208,45.15219999999999,0.5651760000000001
212480,73.44,26.560000000000002,136.75977653631284,45.16544,0.5652352
212560,73.43,26.569999999999993,136.74115456238363,45.17868,0.5652944000000001
212640,73.42,26.58,136.72253258845438,45.191919999999996,0.5653536000000001
212720,73.41,26.590000000000003,136.7039106145251,45.20516,0.5654128
212800,73.4,26.599999999999994,136.6852886405959,45.2184,0.5654720000000001
212880,73.39,26.61,136.66666666666666,45.23164,0.5655312
212960,73.38,26.620000000000005,136.64804469273741,45.24488,0.5655904
213040,73.37,26.629999999999995,136.6294227188082,45.25812,0.5656496000000001
213120,73.36,26.64,136.61080074487896,45.271359999999994,0.5657088000000001
213200,73.35,26.650000000000006,136.59217877094972,45.2846,0.565768
213280,73.34,26.659999999999997,136.57355679702047,45.29784,0.5658272
213360,73.33,26.67,136.55493482309123,45.31108,0.5658864000000001
213440,73.32,26.680000000000007,136.536312849162,45.32432,0.5659456
213520,73.31,26.689999999999998,136.51769087523277,45.33756,0.5660048
213600,73.3,26.700000000000003,136.49906890130353,45.3508,0.566064
213680,73.28999999999999,26.710000000000008,136.4804469273743,45.364039999999996,0.5661232
213760,73.28,26.72,136.46182495344505,45.37728,0.5661824000000001
213840,73.27,26.730000000000004,136.4432029795158,45.390519999999995,0.5662416000000001
213920,73.25999999999999,26.74000000000001,136.42458100558656,45.40376,0.5663008
214000,73.25,26.75,136.40595903165735,45.417,0.56636
214080,73.24,26.760000000000005,136.3873370577281,45.43024,0.5664192
214160,73.23,26.769999999999996,136.3687150837989,45.44348,0.5664784
214240,73.22,26.78,136.35009310986965,45.45672,0.5665376
214320,73.21000000000001,26.789999999999992,136.3314711359404,45.46996,0.5665968000000001
214400,73.2,26.799999999999997,136.31284916201116,45.4832,0.566656
214480,73.19,26.810000000000002,136.29422718808192,45.49644,0.5667152
214560,73.18,26.819999999999993,136.2756052141527,45.50968,0.5667744000000001
214640,73.17,26.83,136.25698324022346,45.52292,0.5668336
214720,73.16,26.840000000000003,136.23836126629422,45.53616,0.5668928
214800,73.15,26.849999999999994,136.219739292365,45.549400000000006,0.5669520000000001
214880,73.14,26.86,136.20111731843573,45.562639999999995,0.5670112
214960,73.13,26.870000000000005,136.1824953445065,45.57588,0.5670704
215040,73.12,26.879999999999995,136.16387337057728,45.589119999999994,0.5671296000000001
215120,73.11,26.89,136.14525139664804,45.60236,0.5671888
215200,73.1,26.900000000000006,136.1266294227188,45.6156,0.567248
215280,73.09,26.909999999999997,136.10800744878958,45.62884,0.5673072000000001
215360,73.08,26.92,136.08938547486034,45.64208,0.5673664
215440,73.07,26.930000000000007,136.07076350093106,45.65532,0.5674256
215520,73.06,26.939999999999998,136.05214152700185,45.66856,0.5674848000000001
215600,73.05,26.950000000000003,136.0335195530726,45.681799999999996,0.567544
215680,73.03999999999999,26.960000000000008,136.01489757914337,45.69504,0.5676032
215760,73.03,26.97,135.99627560521415,45.70828,0.5676624
215840,73.02,26.980000000000004,135.9776536312849,45.72152,0.5677216
215920,73.00999999999999,26.99000000000001,135.95903165735567,45.73476,0.5677808
216000,73.0,27.0,135.94040968342642,45.748000000000005,0.56784
216080,72.99,27.010000000000005,135.92178770949718,45.76124,0.5678992
216160,72.98,27.019999999999996,135.90316573556797,45.77448,0.5679584
216240,72.97,27.03,135.88454376163872,45.78771999999999,0.5680176000000001
216320,72.96000000000001,27.039999999999992,135.8659217877095,45.800959999999996,0.5680768
216400,72.95,27.049999999999997,135.84729981378027,45.8142,0.568136
216480,72.94,27.060000000000002,135.82867783985103,45.827439999999996,0.5681952
216560,72.93,27.069999999999993,135.81005586592178,45.84068,0.5682544
216640,72.92,27.08,135.79143389199254,45.85392,0.5683136000000001
216720,72.91,27.090000000000003,135.7728119180633,45.86716,0.5683728
216800,72.9,27.099999999999994,135.75418994413408,45.880399999999995,0.568432
216880,72.89,27.11,135.73556797020484,45.89364,0.5684912
216960,72.88,27.120000000000005,135.7169459962756,45.90688,0.5685504
217040,72.87,27.129999999999995,135.69832402234636,45.92012,0.5686096
217120,72.86,27.14,135.6797020484171,45.93336,0.5686688
217200,72.85,27.150000000000006,135.66108007448787,45.946600000000004,0.568728
217280,72.84,27.159999999999997,135.64245810055866,45.95984,0.5687872
217360,72.83,27.17,135.6238361266294,45.973079999999996,0.5688464
217440,72.82,27.180000000000007,135.60521415270017,45.98631999999999,0.5689056
217520,72.81,27.189999999999998,135.58659217877096,45.999559999999995,0.5689648
217600,72.8,27.200000000000003,135.56797020484169,46.0128,0.569024
217680,72.78999999999999,27.210000000000008,135.54934823091244,46.026039999999995,0.5690832
217760,72.78,27.22,135.53072625698323,46.03928,0.5691424
217840,72.77,27.230000000000004,135.512104283054,46.05252,0.5692016
217920,72.75999999999999,27.24000000000001,135.49348230912474,46.06576,0.5692608
218000,72.75,27.25,135.47486033519553,46.07899999999999,0.56932
218080,72.74,27.260000000000005,135.4562383612663,46.09224,0.5693792
218160,72.73,27.269999999999996,135.43761638733704,46.10548,0.5694384
218240,72.72,27.28,135.4189944134078,46.118719999999996,0.5694976
218320,72.71000000000001,27.289999999999992,135.4003724394786,46.13196,0.5695568000000001
218400,72.7,27.299999999999997,135.38175046554935,46.1452,0.5696160000000001
218480,72.69,27.310000000000002,135.3631284916201,46.15844,0.5696752
218560,72.68,27.319999999999993,135.3445065176909,46.171679999999995,0.5697344
218640,72.67,27.33,135.32588454376165,46.18492,0.5697936000000001
218720,72.66,27.340000000000003,135.30726256983237,46.198159999999994,0.5698528
218800,72.65,27.349999999999994,135.28864059590316,46.2114,0.5699120000000001
218880,72.64,27.36,135.27001862197392,46.22464,0.5699712
218960,72.63,27.370000000000005,135.25139664804468,46.23788,0.5700304
219040,72.62,27.379999999999995,135.23277467411546,46.25112,0.5700896000000001
219120,72.61,27.39,135.21415270018622,46.26436,0.5701488000000001
219200,72.6,27.400000000000006,135.19553072625698,46.27759999999999,0.570208
219280,72.59,27.409999999999997,135.17690875232773,46.290839999999996,0.5702672
219360,72.58,27.42,135.1582867783985,46.30408,0.5703264
219440,72.57,27.430000000000007,135.13966480446925,46.317319999999995,0.5703856
219520,72.56,27.439999999999998,135.12104283054003,46.33056,0.5704448000000001
219600,72.55,27.450000000000003,135.1024208566108,46.3438,0.570504
219680,72.53999999999999,27.460000000000008,135.08379888268155,46.35704,0.5705632
219760,72.53,27.47,135.06517690875233,46.37028,0.5706224
219840,72.52,27.480000000000004,135.04655493482306,46.38352,0.5706816000000001
219920,72.50999999999999,27.49000000000001,135.02793296089382,46.39675999999999,0.5707408
220000,72.5,27.5,135.0093109869646,46.41,0.5708
220080,72.49,27.510000000000005,134.99068901303536,46.42324,0.5708592
220160,72.48,27.519999999999996,134.97206703910615,46.43648,0.5709184
220240,72.47,27.53,134.9534450651769,46.44972,0.5709776000000001
220320,72.46000000000001,27.539999999999992,134.93482309124767,46.46296,0.5710368000000001
220400,72.45,27.549999999999997,134.91620111731842,46.476200000000006,0.571096
220480,72.44,27.560000000000002,134.89757914338918,46.489439999999995,0.5711552
220560,72.43,27.569999999999993,134.87895716945997,46.50268,0.5712144000000001
220640,72.42,27.58,134.86033519553072,46.515919999999994,0.5712736
220720,72.41,27.590000000000003,134.84171322160148,46.52916,0.5713328
220800,72.4,27.599999999999994,134.82309124767227,46.5424,0.5713920000000001
220880,72.39,27.61,134.804469273743,46.55564,0.5714512
220960,72.38,27.620000000000005,134.78584729981375,46.56888,0.5715104
221040,72.37,27.629999999999995,134.76722532588454,46.582119999999996,0.5715696000000001
221120,72.36,27.64,134.7486033519553,46.59536,0.5716288
221200,72.35,27.650000000000006,134.72998137802605,46.608599999999996,0.571688
221280,72.34,27.659999999999997,134.71135940409684,46.62184,0.5717472000000001
221360,72.33,27.67,134.6927374301676,46.63508,0.5718064
221440,72.32,27.680000000000007,134.67411545623835,46.64832,0.5718656
221520,72.31,27.689999999999998,134.6554934823091,46.66156,0.5719248000000001
221600,72.3,27.700000000000003,134.63687150837987,46.674800000000005,0.571984
221680,72.28999999999999,27.710000000000008,134.61824953445063,46.688039999999994,0.5720432
221760,72.28,27.72,134.5996275605214,46.70128,0.5721024
221840,72.27,27.730000000000004,134.58100558659217,46.71451999999999,0.5721616
221920,72.25999999999999,27.74000000000001,134.56238361266293,46.727759999999996,0.5722208
222000,72.25,27.75,134.54376163873368,46.741,0.5722800000000001
222080,72.24,27.760000000000005,134.52513966480444,46.754239999999996,0.5723392
222160,72.23,27.769999999999996,134.50651769087523,46.76748,0.5723984
222240,72.22,27.78,134.48789571694599,46.78072,0.5724576000000001
222320,72.21000000000001,27.789999999999992,134.46927374301677,46.79396,0.5725168
222400,72.2,27.799999999999997,134.45065176908753,46.807199999999995,0.5725760000000001
222480,72.19,27.810000000000002,134.4320297951583,46.82044,0.5726352
222560,72.18,27.819999999999993,134.41340782122904,46.83368,0.5726944
222640,72.17,27.83,134.3947858472998,46.84692,0.5727536000000001
222720,72.16,27.840000000000003,134.37616387337056,46.86016,0.5728128000000001
222800,72.15,27.849999999999994,134.35754189944134,46.873400000000004,0.572872
222880,72.14,27.86,134.3389199255121,46.88664,0.5729312
222960,72.13,27.870000000000005,134.32029795158286,46.899879999999996,0.5729904
223040,72.12,27.879999999999995,134.30167597765364,46.91312,0.5730496
223120,72.11,27.89,134.28305400372437,46.926359999999995,0.5731088
223200,72.1,27.900000000000006,134.26443202979513,46.9396,0.573168
223280,72.09,27.909999999999997,134.24581005586592,46.95284,0.5732272
223360,72.08,27.92,134.22718808193667,46.96608,0.5732864
223440,72.07,27.930000000000007,134.20856610800743,46.97932,0.5733456000000001
223520,72.06,27.939999999999998,134.18994413407822,46.99256,0.5734048
223600,72.05,27.950000000000003,134.17132216014897,47.005799999999994,0.573464
223680,72.03999999999999,27.960000000000008,134.1527001862197,47.01904,0.5735232
223760,72.03,27.97,134.1340782122905,47.03228,0.5735824
223840,72.02,27.980000000000004,134.11545623836125,47.045519999999996,0.5736416
223920,72.00999999999999,27.99000000000001,134.096834264432,47.05876,0.5737008
224000,72.0,28.0,134.0782122905028,47.072,0.57376
224080,71.99,28.010000000000005,134.05959031657355,47.08524,0.5738192
224160,71.98,28.019999999999996,134.04096834264433,47.098479999999995,0.5738784000000001
224240,71.97,28.03,134.02234636871506,47.11172,0.5739376
224320,71.96000000000001,28.039999999999992,134.00372439478585,47.12496,0.5739968000000001
224400,71.95,28.049999999999997,133.9851024208566,47.1382,0.5740560000000001
224480,71.94,28.060000000000002,133.96648044692736,47.15144,0.5741152
224560,71.93,28.069999999999993,133.94785847299815,47.164680000000004,0.5741744
224640,71.92,28.08,133.9292364990689,47.17792,0.5742336000000001
224720,71.91,28.090000000000003,133.91061452513966,47.19116,0.5742928
224800,71.9,28.099999999999994,133.89199255121042,47.20439999999999,0.5743520000000001
224880,71.89,28.11,133.87337057728118,47.217639999999996,0.5744112000000001
224960,71.88,28.120000000000005,133.85474860335194,47.23088,0.5744704
225040,71.87,28.129999999999995,133.83612662942272,47.244119999999995,0.5745296000000001
225120,71.86,28.14,133.81750465549348,47.25736,0.5745888000000001
225200,71.85,28.150000000000006,133.79888268156424,47.2706,0.574648
225280,71.84,28.159999999999997,133.780260707635,47.28384,0.5747072
225360,71.83,28.17,133.76163873370575,47.297079999999994,0.5747664
225440,71.82,28.180000000000007,133.7430167597765,47.31032,0.5748256
225520,71.81,28.189999999999998,133.7243947858473,47.32356,0.5748848000000001
225600,71.8,28.200000000000003,133.70577281191805,47.3368,0.574944
225680,71.78999999999999,28.210000000000008,133.6871508379888,47.35004,0.5750032
225760,71.78,28.22,133.6685288640596,47.36328,0.5750624
225840,71.77,28.230000000000004,133.64990689013032,47.37652,0.5751216
225920,71.75999999999999,28.24000000000001,133.63128491620108,47.38976,0.5751808
226000,71.75,28.25,133.61266294227187,47.40299999999999,0.57524
226080,71.74,28.260000000000005,133.59404096834263,47.416239999999995,0.5752992
226160,71.73,28.269999999999996,133.5754189944134,47.42948,0.5753584
226240,71.72,28.28,133.55679702048417,47.442719999999994,0.5754176
226320,71.71000000000001,28.289999999999992,133.53817504655495,47.45596,0.5754768000000001
226400,71.7,28.299999999999997,133.51955307262568,47.4692,0.575536
226480,71.69,28.310000000000002,133.50093109869644,47.48244,0.5755952
226560,71.68,28.319999999999993,133.48230912476723,47.49568,0.5756544000000001
226640,71.67,28.33,133.46368715083798,47.508919999999996,0.5757136
226720,71.66,28.340000000000003,133.44506517690874,47.52216,0.5757728
226800,71.65,28.349999999999994,133.42644320297953,47.535399999999996,0.5758320000000001
226880,71.64,28.36,133.40782122905028,47.54864,0.5758912
226960,71.63,28.370000000000005,133.389199255121,47.56188,0.5759504
227040,71.62,28.379999999999995,133.3705772811918,47.57512,0.5760096
227120,71.61,28.39,133.35195530726256,47.58836,0.5760688
227200,71.6,28.400000000000006,133.33333333333331,47.601600000000005,0.576128
227280,71.59,28.409999999999997,133.3147113594041,47.614839999999994,0.5761872000000001
227360,71.58,28.42,133.29608938547486,47.62808,0.5762464
227440,71.57,28.430000000000007,133.27746741154562,47.64131999999999,0.5763056
227520,71.56,28.439999999999998,133.25884543761637,47.65456,0.5763648000000001
227600,71.55,28.450000000000003,133.24022346368713,47.6678,0.576424
227680,71.53999999999999,28.460000000000008,133.2216014897579,47.681039999999996,0.5764832
227760,71.53,28.47,133.20297951582867,47.69428,0.5765424
227840,71.52,28.480000000000004,133.18435754189943,47.707519999999995,0.5766016
227920,71.50999999999999,28.49000000000001,133.1657355679702,47.72076,0.5766608
228000,71.5,28.5,133.14711359404097,47.733999999999995,0.5767200000000001
228080,71.49,28.510000000000005,133.1284916201117,47.74724,0.5767792
228160,71.48,28.519999999999996,133.1098696461825,47.76048,0.5768384
228240,71.47,28.53,133.09124767225325,47.77372,0.5768976
228320,71.46000000000001,28.539999999999992,133.07262569832403,47.78696,0.5769568
228400,71.45,28.549999999999997,133.0540037243948,47.800200000000004,0.5770160000000001
228480,71.44,28.560000000000002,133.03538175046555,47.81343999999999,0.5770752
228560,71.43,28.569999999999993,133.0167597765363,47.826679999999996,0.5771344
228640,71.42,28.58,132.99813780260706,47.83992,0.5771936
228720,71.41,28.590000000000003,132.97951582867782,47.853159999999995,0.5772528000000001
228800,71.4,28.599999999999994,132.9608938547486,47.8664,0.577312
228880,71.39,28.61,132.94227188081936,47.87964,0.5773712
228960,71.38,28.620000000000005,132.92364990689012,47.89288,0.5774304
229040,71.37,28.629999999999995,132.9050279329609,47.90612,0.5774896
229120,71.36,28.64,132.88640595903163,47.91936,0.5775488000000001
229200,71.35,28.650000000000006,132.8677839851024,47.932599999999994,0.577608
229280,71.34,28.659999999999997,132.84916201117318,47.94584,0.5776672
229360,71.33,28.67,132.83054003724394,47.95908,0.5777264
229440,71.32,28.680000000000007,132.8119180633147,47.972319999999996,0.5777856
229520,71.31,28.689999999999998,132.79329608938548,47.98556,0.5778448
229600,71.3,28.700000000000003,132.77467411545624,47.9988,0.577904
229680,71.28999999999999,28.710000000000008,132.75605214152696,48.01204,0.5779632
229760,71.28,28.72,132.73743016759775,48.025279999999995,0.5780224
229840,71.27,28.730000000000004,132.7188081936685,48.03852,0.5780816
229920,71.25999999999999,28.74000000000001,132.70018621973927,48.051759999999994,0.5781408
230000,71.25,28.75,132.68156424581005,48.065,0.5782
230080,71.24,28.760000000000005,132.6629422718808,48.07824,0.5782592
230160,71.23,28.769999999999996,132.6443202979516,48.091480000000004,0.5783184000000001
230240,71.22,28.78,132.62569832402232,48.10472,0.5783776
230320,71.21000000000001,28.789999999999992,132.6070763500931,48.11796,0.5784368000000001
230400,71.2,28.799999999999997,132.58845437616387,48.13119999999999,0.5784960000000001
230480,71.19,28.810000000000002,132.56983240223462,48.144439999999996,0.5785552
230560,71.18,28.819999999999993,132.5512104283054,48.15768,0.5786144000000001
230640,71.17,28.83,132.53258845437617,48.170919999999995,0.5786736
230720,71.16,28.840000000000003,132.51396648044692,48.18416,0.5787328
230800,71.15,28.849999999999994,132.49534450651768,48.1974,0.5787920000000001
230880,71.14,28.86,132.47672253258844,48.21064,0.5788512000000001
230960,71.13,28.870000000000005,132.4581005586592,48.223879999999994,0.5789104
231040,71.12,28.879999999999995,132.43947858472998,48.23712,0.5789696
231120,71.11,28.89,132.42085661080074,48.25036,0.5790288000000001
231200,71.1,28.900000000000006,132.4022346368715,48.2636,0.579088
231280,71.09,28.909999999999997,132.38361266294228,48.27684,0.5791472000000001
231360,71.08,28.92,132.364990689013,48.29008,0.5792064
231440,71.07,28.930000000000007,132.34636871508377,48.30332,0.5792656
231520,71.06,28.939999999999998,132.32774674115456,48.31656,0.5793248000000001
231600,71.05,28.950000000000003,132.3091247672253,48.32979999999999,0.5793840000000001
231680,71.03999999999999,28.960000000000008,132.29050279329607,48.343039999999995,0.5794432
231760,71.03,28.97,132.27188081936686,48.35628,0.5795024
231840,71.02,28.980000000000004,132.2532588454376,48.369519999999994,0.5795616
231920,71.00999999999999,28.99000000000001,132.23463687150834,48.38276,0.5796208
232000,71.0,29.0,132.21601489757913,48.396,0.5796800000000001
232080,70.99,29.010000000000005,132.1973929236499,48.40924,0.5797392
232160,70.98,29.019999999999996,132.17877094972067,48.42247999999999,0.5797984
232240,70.97,29.03,132.16014897579143,48.435719999999996,0.5798576
232320,70.96000000000001,29.039999999999992,132.14152700186222,48.44896,0.5799168000000001
232400,70.95,29.049999999999997,132.12290502793294,48.462199999999996,0.579976
232480,70.94,29.060000000000002,132.1042830540037,48.47544,0.5800352
232560,70.93,29.069999999999993,132.0856610800745,48.48868,0.5800944000000001
232640,70.92,29.08,132.06703910614524,48.50192,0.5801536
232720,70.91,29.090000000000003,132.048417132216,48.51516,0.5802128
232800,70.9,29.099999999999994,132.0297951582868,48.5284,0.5802720000000001
232880,70.89,29.11,132.01117318435755,48.541639999999994,0.5803312
232960,70.88,29.120000000000005,131.9925512104283,48.55488,0.5803904
233040,70.87,29.129999999999995,131.97392923649906,48.56812,0.5804496000000001
233120,70.86,29.14,131.95530726256982,48.58136,0.5805088
233200,70.85,29.150000000000006,131.93668528864058,48.5946,0.580568
233280,70.84,29.159999999999997,131.91806331471136,48.60784,0.5806272000000001
233360,70.83,29.17,131.89944134078212,48.62108,0.5806864
233440,70.82,29.180000000000007,131.88081936685288,48.634319999999995,0.5807456
233520,70.81,29.189999999999998,131.86219739292363,48.64756,0.5808048000000001
233600,70.8,29.200000000000003,131.8435754189944,48.660799999999995,0.580864
233680,70.78999999999999,29.210000000000008,131.82495344506515,48.67404,0.5809232
233760,70.78,29.22,131.80633147113593,48.68728,0.5809824000000001
233840,70.77,29.230000000000004,131.7877094972067,48.70052,0.5810416
233920,70.75999999999999,29.24000000000001,131.76908752327745,48.71376,0.5811008
234000,70.75,29.25,131.75046554934823,48.727000000000004,0.5811600000000001
234080,70.74,29.260000000000005,131.73184357541896,48.74023999999999,0.5812192
234160,70.73,29.269999999999996,131.71322160148975,48.753479999999996,0.5812784
234240,70.72,29.28,131.6945996275605,48.76672,0.5813376
234320,70.71000000000001,29.289999999999992,131.6759776536313,48.77996,0.5813968
234400,70.7,29.299999999999997,131.65735567970205,48.7932,0.5814560000000001
234480,70.69,29.310000000000002,131.6387337057728,48.80644,0.5815152000000001
234560,70.68,29.319999999999993,131.6201117318436,48.819680000000005,0.5815744
234640,70.67,29.33,131.60148975791432,48.832919999999994,0.5816336
234720,70.66,29.340000000000003,131.58286778398508,48.84616,0.5816928000000001
234800,70.65,29.349999999999994,131.56424581005587,48.859399999999994,0.581752
234880,70.64,29.36,131.54562383612662,48.87264,0.5818112
234960,70.63,29.370000000000005,131.52700186219738,48.88588,0.5818704
235040,70.62,29.379999999999995,131.50837988826817,48.899119999999996,0.5819296
235120,70.61,29.39,131.48975791433892,48.91236,0.5819888000000001
235200,70.6,29.400000000000006,131.47113594040965,48.9256,0.582048
235280,70.59,29.409999999999997,131.45251396648044,48.93884,0.5821072
235360,70.58,29.42,131.4338919925512,48.952079999999995,0.5821664
235440,70.57,29.430000000000007,131.41527001862195,48.96532,0.5822256
235520,70.56,29.439999999999998,131.39664804469274,48.97856,0.5822848
235600,70.55,29.450000000000003,131.3780260707635,48.9918,0.582344
235680,70.53999999999999,29.460000000000008,131.35940409683425,49.00504,0.5824032
235760,70.53,29.47,131.340782122905,49.018280000000004,0.5824624
235840,70.52,29.480000000000004,131.32216014897577,49.03152,0.5825216
235920,70.50999999999999,29.49000000000001,131.30353817504653,49.04476,0.5825808
236000,70.5,29.5,131.2849162011173,49.05799999999999,0.58264
236080,70.49,29.510000000000005,131.26629422718807,49.071239999999996,0.5826992
236160,70.48,29.519999999999996,131.24767225325886,49.08448,0.5827584000000001
236240,70.47,29.53,131.2290502793296,49.097719999999995,0.5828176
236320,70.46000000000001,29.539999999999992,131.21042830540037,49.11096,0.5828768000000001
236400,70.45,29.549999999999997,131.19180633147113,49.1242,0.5829360000000001
236480,70.44,29.560000000000002,131.17318435754188,49.13744,0.5829952
236560,70.43,29.569999999999993,131.15456238361267,49.150679999999994,0.5830544000000001
236640,70.42,29.58,131.13594040968343,49.16392,0.5831136
236720,70.41,29.590000000000003,131.11731843575419,49.17716,0.5831728
236800,70.4,29.599999999999994,131.09869646182494,49.1904,0.5832320000000001
236880,70.39,29.61,131.0800744878957,49.20364,0.5832912000000001
236960,70.38,29.620000000000005,131.06145251396646,49.21688,0.5833504
237040,70.37,29.629999999999995,131.04283054003724,49.23012,0.5834096
237120,70.36,29.64,131.024208566108,49.243359999999996,0.5834688
237200,70.35,29.650000000000006,131.00558659217876,49.25659999999999,0.583528
237280,70.34,29.659999999999997,130.98696461824954,49.269839999999995,0.5835872000000001
237360,70.33,29.67,130.96834264432027,49.28308,0.5836464
237440,70.32,29.680000000000007,130.94972067039103,49.296319999999994,0.5837056
237520,70.31,29.689999999999998,130.93109869646182,49.30956,0.5837648
237600,70.3,29.700000000000003,130.91247672253257,49.3228,0.5838240000000001
237680,70.28999999999999,29.710000000000008,130.89385474860333,49.33604,0.5838832
237760,70.28,29.72,130.87523277467412,49.34927999999999,0.5839424
237840,70.27,29.730000000000004,130.85661080074487,49.362519999999996,0.5840016
237920,70.25999999999999,29.74000000000001,130.8379888268156,49.37576,0.5840608
238000,70.25,29.75,130.8193668528864,49.388999999999996,0.5841200000000001
238080,70.24,29.760000000000005,130.80074487895715,49.40224,0.5841792
238160,70.23,29.769999999999996,130.78212290502793,49.41548,0.5842384
238240,70.22,29.78,130.7635009310987,49.42872,0.5842976
238320,70.21000000000001,29.789999999999992,130.74487895716948,49.44196,0.5843568000000001
238400,70.2,29.799999999999997,130.72625698324023,49.4552,0.584416
238480,70.19,29.810000000000002,130.70763500931096,49.468439999999994,0.5844752
238560,70.18,29.819999999999993,130.68901303538175,49.48168,0.5845344000000001
238640,70.17,29.83,130.6703910614525,49.49492,0.5845936
238720,70.16,29.840000000000003,130.65176908752326,49.50816,0.5846528
238800,70.15,29.849999999999994,130.63314711359405,49.5214,0.5847120000000001
238880,70.14,29.86,130.6145251396648,49.53464,0.5847712
238960,70.13,29.870000000000005,130.59590316573556,49.54787999999999,0.5848304
239040,70.12,29.879999999999995,130.57728119180632,49.561119999999995,0.5848896000000001
239120,70.11,29.89,130.55865921787708,49.57436,0.5849488
239200,70.1,29.900000000000006,130.54003724394784,49.587599999999995,0.585008
239280,70.09,29.909999999999997,130.52141527001862,49.60084,0.5850672000000001
239360,70.08,29.92,130.50279329608938,49.61408,0.5851264
239440,70.07,29.930000000000007,130.48417132216014,49.62732,0.5851856
239520,70.06,29.939999999999998,130.46554934823092,49.64056,0.5852448
239600,70.05,29.950000000000003,130.44692737430165,49.6538,0.585304
239680,70.03999999999999,29.960000000000008,130.4283054003724,49.66703999999999,0.5853632
239760,70.03,29.97,130.4096834264432,49.680279999999996,0.5854224000000001
239840,70.02,29.980000000000004,130.39106145251395,49.69352,0.5854816
239920,70.00999999999999,29.99000000000001,130.3724394785847,49.706759999999996,0.5855408
240000,70.0,30.0,130.3538175046555,49.72,0.5856000000000001
240080,69.99,30.010000000000005,130.33519553072625,49.73324,0.5856592
240160,69.98,30.019999999999996,130.316573556797,49.746480000000005,0.5857184000000001
240240,69.97,30.03,130.29795158286777,49.759719999999994,0.5857776
240320,69.96000000000001,30.039999999999992,130.27932960893855,49.77296,0.5858368
240400,69.95,30.049999999999997,130.2607076350093,49.786199999999994,0.5858960000000001
240480,69.94,30.060000000000002,130.24208566108007,49.79944,0.5859552000000001
240560,69.93,30.069999999999993,130.22346368715085,49.81268,0.5860144
240640,69.92,30.08,130.20484171322158,49.825919999999996,0.5860736
240720,69.91,30.090000000000003,130.18621973929234,49.83916,0.5861328
240800,69.9,30.099999999999994,130.16759776536313,49.8524,0.586192
240880,69.89,30.11,130.14897579143388,49.86564,0.5862512000000001
240960,69.88,30.120000000000005,130.13035381750464,49.878879999999995,0.5863104
241040,69.87,30.129999999999995,130.11173184357543,49.89212,0.5863696
241120,69.86,30.14,130.09310986964618,49.90536,0.5864288
241200,69.85,30.150000000000006,130.0744878957169,49.9186,0.5864880000000001
241280,69.84,30.159999999999997,130.0558659217877,49.93184,0.5865472
241360,69.83,30.17,130.03724394785846,49.945080000000004,0.5866064
241440,69.82,30.180000000000007,130.0186219739292,49.95831999999999,0.5866656
241520,69.81,30.189999999999998,130.0,49.97156,0.5867248
241600,69.8,30.200000000000003,129.98137802607076,49.98479999999999,0.586784
241680,69.78999999999999,30.210000000000008,129.96275605214151,49.998039999999996,0.5868432
241760,69.78,30.22,129.94413407821227,50.01128,0.5869024
241840,69.77,30.230000000000004,129.92551210428303,50.024519999999995,0.5869616
241920,69.75999999999999,30.24000000000001,129.9068901303538,50.03776,0.5870208
242000,69.75,30.25,129.88826815642457,50.051,0.58708
242080,69.74,30.260000000000005,129.86964618249533,50.06424,0.5871392
242160,69.73,30.269999999999996,129.85102420856612,50.077479999999994,0.5871984000000001
242240,69.72,30.28,129.83240223463687,50.09072,0.5872576
242320,69.71000000000001,30.289999999999992,129.81378026070763,50.10396,0.5873168
242400,69.7,30.299999999999997,129.7951582867784,50.1172,0.5873760000000001
242480,69.69,30.310000000000002,129.77653631284915,50.13044,0.5874352
242560,69.68,30.319999999999993,129.75791433891993,50.14368,0.5874944000000001
242640,69.67,30.33,129.7392923649907,50.15692,0.5875536000000001
242720,69.66,30.340000000000003,129.72067039106145,50.170159999999996,0.5876128
242800,69.65,30.349999999999994,129.70204841713223,50.1834,0.5876720000000001
242880,69.64,30.36,129.68342644320296,50.196639999999995,0.5877312000000001
242960,69.63,30.370000000000005,129.66480446927372,50.20988,0.5877904
243040,69.62,30.379999999999995,129.6461824953445,50.22312,0.5878496
243120,69.61,30.39,129.62756052141526,50.23636,0.5879088
243200,69.6,30.400000000000006,129.60893854748602,50.2496,0.587968
243280,69.59,30.409999999999997,129.5903165735568,50.262840000000004,0.5880272000000001
243360,69.58,30.42,129.57169459962756,50.27607999999999,0.5880864000000001
243440,69.57,30.430000000000007,129.5530726256983,50.28932,0.5881456
243520,69.56,30.439999999999998,129.53445065176908,50.30256,0.5882048
243600,69.55,30.450000000000003,129.51582867783983,50.315799999999996,0.5882640000000001
243680,69.53999999999999,30.460000000000008,129.4972067039106,50.32904,0.5883232
243760,69.53,30.47,129.47858472998138,50.34228,0.5883824
243840,69.52,30.480000000000004,129.45996275605214,50.35552,0.5884416
243920,69.50999999999999,30.49000000000001,129.4413407821229,50.368759999999995,0.5885008
244000,69.5,30.5,129.42271880819365,50.382,0.5885600000000001
244080,69.49,30.510000000000005,129.4040968342644,50.395239999999994,0.5886192000000001
244160,69.48,30.519999999999996,129.3854748603352,50.40848,0.5886784
244240,69.47,30.53,129.36685288640595,50.42172,0.5887376
244320,69.46000000000001,30.539999999999992,129.34823091247674,50.434960000000004,0.5887968000000001
244400,69.45,30.549999999999997,129.3296089385475,50.4482,0.588856
244480,69.44,30.560000000000002,129.31098696461822,50.46144,0.5889152
244560,69.43,30.569999999999993,129.292364990689,50.47467999999999,0.5889744000000001
244640,69.42,30.58,129.27374301675977,50.487919999999995,0.5890336
244720,69.41,30.590000000000003,129.25512104283052,50.50116,0.5890928
244800,69.4,30.599999999999994,129.2364990689013,50.514399999999995,0.5891520000000001
244880,69.39,30.61,129.21787709497207,50.52764,0.5892112
244960,69.38,30.620000000000005,129.19925512104282,50.54088,0.5892704
245040,69.37,30.629999999999995,129.18063314711358,50.55412,0.5893296000000001
245120,69.36,30.64,129.16201117318434,50.56736,0.5893888
245200,69.35,30.650000000000006,129.1433891992551,50.5806,0.589448
245280,69.34,30.659999999999997,129.12476722532588,50.59384,0.5895072000000001
245360,69.33,30.67,129.10614525139664,50.607079999999996,0.5895664
245440,69.32,30.680000000000007,129.0875232774674,50.62032,0.5896256
245520,69.31,30.689999999999998,129.06890130353818,50.63356,0.5896848
245600,69.3,30.700000000000003,129.0502793296089,50.6468,0.589744
245680,69.28999999999999,30.710000000000008,129.03165735567967,50.66004,0.5898032
245760,69.28,30.72,129.01303538175046,50.67327999999999,0.5898624000000001
245840,69.27,30.730000000000004,128.9944134078212,50.686519999999994,0.5899216
245920,69.25999999999999,30.74000000000001,128.97579143389197,50.69976,0.5899808
246000,69.25,30.75,128.95716945996276,50.712999999999994,0.5900400000000001
246080,69.24,30.760000000000005,128.9385474860335,50.72624,0.5900992
246160,69.23,30.769999999999996,128.91992551210427,50.73948,0.5901584000000001
246240,69.22,30.78,128.90130353817503,50.75272,0.5902176
246320,69.21000000000001,30.789999999999992,128.88268156424581,50.76596,0.5902768
246400,69.2,30.799999999999997,128.86405959031657,50.779199999999996,0.5903360000000001
246480,69.19,30.810000000000002,128.84543761638733,50.79244,0.5903952000000001
246560,69.18,30.819999999999993,128.82681564245812,50.805679999999995,0.5904544
246640,69.17,30.83,128.80819366852887,50.81892,0.5905136
246720,69.16,30.840000000000003,128.7895716945996,50.83216,0.5905728
246800,69.15,30.849999999999994,128.7709497206704,50.8454,0.590632
246880,69.14,30.86,128.75232774674114,50.85864,0.5906912000000001
246960,69.13,30.870000000000005,128.7337057728119,50.871880000000004,0.5907504
247040,69.12,30.879999999999995,128.7150837988827,50.88511999999999,0.5908096
247120,69.11,30.89,128.69646182495345,50.89836,0.5908688
247200,69.1,30.900000000000006,128.6778398510242,50.91159999999999,0.5909280000000001
247280,69.09,30.909999999999997,128.65921787709496,50.924839999999996,0.5909872
247360,69.08,30.92,128.64059590316572,50.93808,0.5910464
247440,69.07,30.930000000000007,128.62197392923647,50.951319999999996,0.5911056
247520,69.06,30.939999999999998,128.60335195530726,50.96456,0.5911648
247600,69.05,30.950000000000003,128.58472998137802,50.9778,0.5912240000000001
247680,69.03999999999999,30.960000000000008,128.56610800744878,50.99104,0.5912832
247760,69.03,30.97,128.54748603351956,51.004279999999994,0.5913424
247840,69.02,30.980000000000004,128.5288640595903,51.01752,0.5914016
247920,69.00999999999999,30.99000000000001,128.51024208566105,51.03076,0.5914608
248000,69.0,31.0,128.49162011173183,51.044,0.59152
248080,68.99,31.010000000000005,128.4729981378026,51.05724,0.5915792
248160,68.98,31.019999999999996,128.45437616387338,51.07048,0.5916384000000001
248240,68.97,31.03,128.43575418994413,51.08371999999999,0.5916976
248320,68.96000000000001,31.039999999999992,128.4171322160149,51.096959999999996,0.5917568000000001
248400,68.95,31.049999999999997,128.39851024208565,51.1102,0.591816
248480,68.94,31.060000000000002,128.3798882681564,51.123439999999995,0.5918752
248560,68.93,31.069999999999993,128.3612662942272,51.13668,0.5919344000000001
248640,68.92,31.08,128.34264432029795,51.14992,0.5919936000000001
248720,68.91,31.090000000000003,128.3240223463687,51.16316,0.5920528
248800,68.9,31.099999999999994,128.3054003724395,51.1764,0.592112
248880,68.89,31.11,128.28677839851022,51.18964,0.5921712000000001
248960,68.88,31.120000000000005,128.26815642458098,51.20287999999999,0.5922304
249040,68.87,31.129999999999995,128.24953445065177,51.21612,0.5922896000000001
249120,68.86,31.14,128.23091247672252,51.22936,0.5923488
249200,68.85,31.150000000000006,128.21229050279328,51.242599999999996,0.592408
249280,68.84,31.159999999999997,128.19366852886407,51.25584,0.5924672000000001
249360,68.83,31.17,128.17504655493482,51.26908,0.5925264000000001
249440,68.82,31.180000000000007,128.15642458100555,51.28232,0.5925856
249520,68.81,31.189999999999998,128.13780260707634,51.295559999999995,0.5926448
249600,68.8,31.200000000000003,128.1191806331471,51.3088,0.592704
249680,68.78999999999999,31.210000000000008,128.10055865921785,51.322039999999994,0.5927632
249760,68.78,31.22,128.08193668528864,51.33528,0.5928224000000001
249840,68.77,31.230000000000004,128.0633147113594,51.34852,0.5928816
249920,68.75999999999999,31.24000000000001,128.04469273743015,51.36176,0.5929408
250000,68.75,31.25,128.0260707635009,51.375,0.593
250080,68.74,31.260000000000005,128.00744878957167,51.38824,0.5930592000000001
250160,68.73,31.269999999999996,127.98882681564245,51.40147999999999,0.5931184
250240,68.72,31.28,127.97020484171321,51.414719999999996,0.5931776
250320,68.71000000000001,31.289999999999992,127.951582867784,51.42796,0.5932368000000001
250400,68.7,31.299999999999997,127.93296089385474,51.441199999999995,0.593296
250480,68.69,31.310000000000002,127.9143389199255,51.45444,0.5933552000000001
250560,68.68,31.319999999999993,127.89571694599628,51.46768,0.5934144000000001
250640,68.67,31.33,127.87709497206703,51.48092,0.5934736
250720,68.66,31.340000000000003,127.85847299813778,51.494159999999994,0.5935328
250800,68.65,31.349999999999994,127.83985102420857,51.5074,0.5935920000000001
250880,68.64,31.36,127.82122905027933,51.52064,0.5936512
250960,68.63,31.370000000000005,127.80260707635007,51.533879999999996,0.5937104
251040,68.62,31.379999999999995,127.78398510242086,51.54712,0.5937696000000001
251120,68.61,31.39,127.76536312849161,51.56036,0.5938288
251200,68.6,31.400000000000006,127.74674115456237,51.5736,0.593888
251280,68.59,31.409999999999997,127.72811918063314,51.58684,0.5939472000000001
251360,68.58,31.42,127.7094972067039,51.60007999999999,0.5940064
251440,68.57,31.430000000000007,127.69087523277466,51.613319999999995,0.5940656
251520,68.56,31.439999999999998,127.67225325884543,51.62656,0.5941248000000001
251600,68.55,31.450000000000003,127.65363128491619,51.639799999999994,0.594184
251680,68.53999999999999,31.460000000000008,127.63500931098694,51.65304,0.5942432
251760,68.53,31.47,127.61638733705772,51.66628,0.5943024000000001
251840,68.52,31.480000000000004,127.59776536312847,51.67952,0.5943616
251920,68.50999999999999,31.49000000000001,127.57914338919923,51.69276,0.5944208
252000,68.5,31.5,127.56052141527002,51.705999999999996,0.59448
252080,68.49,31.510000000000005,127.54189944134076,51.71924,0.5945392
252160,68.48,31.519999999999996,127.52327746741155,51.732479999999995,0.5945984000000001
252240,68.47,31.53,127.5046554934823,51.74572,0.5946576000000001
252320,68.46000000000001,31.539999999999992,127.48603351955308,51.75896,0.5947168
252400,68.45,31.549999999999997,127.46741154562383,51.7722,0.594776
252480,68.44,31.560000000000002,127.44878957169459,51.78544,0.5948352000000001
252560,68.43,31.569999999999993,127.43016759776536,51.798680000000004,0.5948944
252640,68.42,31.58,127.41154562383612,51.81191999999999,0.5949536
252720,68.41,31.590000000000003,127.39292364990688,51.82516,0.5950128
252800,68.4,31.599999999999994,127.37430167597766,51.8384,0.595072
252880,68.39,31.61,127.3556797020484,51.851639999999996,0.5951312000000001
252960,68.38,31.620000000000005,127.33705772811916,51.86488,0.5951904000000001
253040,68.37,31.629999999999995,127.31843575418995,51.87812,0.5952496
253120,68.36,31.64,127.29981378026069,51.89136,0.5953088
253200,68.35,31.650000000000006,127.28119180633145,51.904599999999995,0.595368
253280,68.34,31.659999999999997,127.26256983240224,51.91784,0.5954272
253360,68.33,31.67,127.24394785847299,51.931079999999994,0.5954864
253440,68.32,31.680000000000007,127.22532588454374,51.94432,0.5955456
253520,68.31,31.689999999999998,127.20670391061452,51.95756,0.5956048
253600,68.3,31.700000000000003,127.18808193668528,51.9708,0.595664
253680,68.28999999999999,31.710000000000008,127.16945996275604,51.98404,0.5957232000000001
253760,68.28,31.72,127.15083798882681,51.99728,0.5957824
253840,68.27,31.730000000000004,127.13221601489757,52.01051999999999,0.5958416
253920,68.25999999999999,31.74000000000001,127.11359404096832,52.023759999999996,0.5959008
254000,68.25,31.75,127.0949720670391,52.037,0.59596
254080,68.24,31.760000000000005,127.07635009310985,52.050239999999995,0.5960192
254160,68.23,31.769999999999996,127.05772811918064,52.06348,0.5960784000000001
254240,68.22,31.78,127.03910614525138,52.07672,0.5961376
254320,68.21000000000001,31.789999999999992,127.02048417132217,52.089960000000005,0.5961968000000001
254400,68.2,31.799999999999997,127.00186219739292,52.1032,0.5962560000000001
254480,68.19,31.810000000000002,126.98324022346368,52.11644,0.5963152
254560,68.18,31.819999999999993,126.96461824953445,52.12967999999999,0.5963744000000001
254640,68.17,31.83,126.94599627560521,52.14292,0.5964336000000001
254720,68.16,31.840000000000003,126.92737430167597,52.15616,0.5964928
254800,68.15,31.849999999999994,126.90875232774674,52.169399999999996,0.596552
254880,68.14,31.86,126.8901303538175,52.18264,0.5966112000000001
254960,68.13,31.870000000000005,126.87150837988825,52.19588,0.5966704
255040,68.12,31.879999999999995,126.85288640595903,52.20912,0.5967296000000001
255120,68.11,31.89,126.83426443202978,52.222359999999995,0.5967888
255200,68.1,31.900000000000006,126.81564245810054,52.2356,0.596848
255280,68.09,31.909999999999997,126.79702048417133,52.24884,0.5969072000000001
255360,68.08,31.92,126.77839851024207,52.26208,0.5969664000000001
255440,68.07,31.930000000000007,126.75977653631283,52.27532,0.5970256
255520,68.06,31.939999999999998,126.74115456238361,52.288560000000004,0.5970848
255600,68.05,31.950000000000003,126.72253258845436,52.3018,0.597144
255680,68.03999999999999,31.960000000000008,126.70391061452511,52.315039999999996,0.5972032
255760,68.03,31.97,126.6852886405959,52.32827999999999,0.5972624000000001
255840,68.02,31.980000000000004,126.66666666666666,52.341519999999996,0.5973216
255920,68.00999999999999,31.99000000000001,126.6480446927374,52.35476,0.5973808
256000,68.0,32.0,126.62942271880819,52.367999999999995,0.59744
256080,67.99000000000001,32.00999999999999,126.61080074487897,52.38124,0.5974992000000001
256160,67.97999999999999,32.02000000000001,126.59217877094969,52.39448,0.5975584
256240,67.97,32.03,126.57355679702047,52.40772,0.5976176
256320,67.96000000000001,32.03999999999999,126.55493482309126,52.420959999999994,0.5976768000000001
256400,67.95,32.05,126.536312849162,52.4342,0.597736
256480,67.94,32.06,126.51769087523276,52.44744,0.5977952000000001
256560,67.93,32.06999999999999,126.49906890130354,52.460679999999996,0.5978544000000001
256640,67.92,32.08,126.4804469273743,52.47392,0.5979136
256720,67.91,32.09,126.46182495344505,52.48716,0.5979728
256800,67.9,32.099999999999994,126.44320297951583,52.5004,0.5980320000000001
256880,67.89,32.11,126.42458100558659,52.51364,0.5980912
256960,67.88,32.120000000000005,126.40595903165735,52.52687999999999,0.5981504
257040,67.87,32.129999999999995,126.38733705772812,52.540119999999995,0.5982096000000001
257120,67.86,32.14,126.36871508379888,52.55336,0.5982688
257200,67.85,32.150000000000006,126.35009310986963,52.566599999999994,0.598328
257280,67.84,32.16,126.3314711359404,52.57984,0.5983872000000001
257360,67.83,32.17,126.31284916201116,52.59308,0.5984464
257440,67.82,32.18000000000001,126.29422718808192,52.60632,0.5985056
257520,67.81,32.19,126.27560521415269,52.61955999999999,0.5985648000000001
257600,67.8,32.2,126.25698324022345,52.632799999999996,0.598624
257680,67.78999999999999,32.21000000000001,126.2383612662942,52.64604,0.5986832
257760,67.78,32.22,126.21973929236499,52.659279999999995,0.5987424000000001
257840,67.77,32.230000000000004,126.20111731843573,52.67252,0.5988016
257920,67.75999999999999,32.24000000000001,126.18249534450649,52.68576,0.5988608
258000,67.75,32.25,126.16387337057728,52.699,0.59892
258080,67.74000000000001,32.25999999999999,126.14525139664805,52.71224,0.5989792
258160,67.72999999999999,32.27000000000001,126.12662942271878,52.72547999999999,0.5990384
258240,67.72,32.28,126.10800744878956,52.738719999999994,0.5990976000000001
258320,67.71000000000001,32.28999999999999,126.08938547486034,52.75196,0.5991568
258400,67.7,32.3,126.0707635009311,52.7652,0.599216
258480,67.69,32.31,126.05214152700185,52.778439999999996,0.5992752000000001
258560,67.68,32.31999999999999,126.03351955307264,52.79168,0.5993344
258640,67.67,32.33,126.01489757914338,52.80492,0.5993936000000001
258720,67.66,32.34,125.99627560521414,52.81816,0.5994528
258800,67.65,32.349999999999994,125.97765363128492,52.831399999999995,0.599512
258880,67.64,32.36,125.95903165735567,52.84464,0.5995712
258960,67.63,32.370000000000005,125.94040968342642,52.857879999999994,0.5996304000000001
259040,67.62,32.379999999999995,125.92178770949721,52.87112,0.5996896
259120,67.61,32.39,125.90316573556797,52.88436,0.5997488
259200,67.6,32.400000000000006,125.88454376163871,52.8976,0.599808
259280,67.59,32.41,125.8659217877095,52.91084,0.5998672
259360,67.58,32.42,125.84729981378025,52.924080000000004,0.5999264000000001
259440,67.57,32.43000000000001,125.82867783985101,52.93731999999999,0.5999856
259520,67.56,32.44,125.81005586592178,52.950559999999996,0.6000448
259600,67.55,32.45,125.79143389199254,52.9638,0.600104
259680,67.53999999999999,32.46000000000001,125.7728119180633,52.977039999999995,0.6001632
259760,67.53,32.47,125.75418994413407,52.99028,0.6002224
259840,67.52,32.480000000000004,125.73556797020483,53.00352,0.6002816
259920,67.50999999999999,32.49000000000001,125.71694599627558,53.01676,0.6003408
260000,67.5,32.5,125.69832402234636,53.029999999999994,0.6004
260080,67.49000000000001,32.50999999999999,125.67970204841714,53.04324,0.6004592000000001
260160,67.47999999999999,32.52000000000001,125.66108007448787,53.05647999999999,0.6005184
260240,67.47,32.53,125.64245810055866,53.06972,0.6005776
260320,67.46000000000001,32.53999999999999,125.62383612662943,53.08296,0.6006368000000001
260400,67.45,32.55,125.60521415270019,53.096199999999996,0.6006960000000001
260480,67.44,32.56,125.58659217877094,53.10944,0.6007552
260560,67.43,32.56999999999999,125.56797020484171,53.12268,0.6008144000000001
260640,67.42,32.58,125.54934823091247,53.13592,0.6008736000000001
260720,67.41,32.59,125.53072625698323,53.149159999999995,0.6009328
260800,67.4,32.599999999999994,125.512104283054,53.1624,0.6009920000000001
260880,67.39,32.61,125.49348230912476,53.17564,0.6010512
260960,67.38,32.620000000000005,125.47486033519552,53.18888,0.6011104
261040,67.37,32.629999999999995,125.4562383612663,53.20212,0.6011696000000001
261120,67.36,32.64,125.43761638733704,53.215360000000004,0.6012288000000001
261200,67.35,32.650000000000006,125.4189944134078,53.2286,0.601288
261280,67.34,32.66,125.40037243947859,53.241839999999996,0.6013472
261360,67.33,32.67,125.38175046554933,53.25507999999999,0.6014064000000001
261440,67.32,32.68000000000001,125.36312849162009,53.268319999999996,0.6014656
261520,67.31,32.69,125.34450651769087,53.28156,0.6015248
261600,67.3,32.7,125.32588454376163,53.294799999999995,0.601584
261680,67.28999999999999,32.71000000000001,125.30726256983237,53.30804,0.6016432
261760,67.28,32.72,125.28864059590316,53.32128,0.6017024000000001
261840,67.27,32.730000000000004,125.27001862197392,53.33452,0.6017616000000001
261920,67.25999999999999,32.74000000000001,125.25139664804466,53.347759999999994,0.6018208
262000,67.25,32.75,125.23277467411545,53.361,0.60188
262080,67.24000000000001,32.75999999999999,125.21415270018623,53.37424,0.6019392000000001
262160,67.22999999999999,32.77000000000001,125.19553072625696,53.38748,0.6019984
262240,67.22,32.78,125.17690875232773,53.40072,0.6020576
262320,67.21000000000001,32.78999999999999,125.15828677839852,53.41396,0.6021168000000001
262400,67.2,32.8,125.13966480446928,53.4272,0.602176
262480,67.19,32.81,125.12104283054002,53.440439999999995,0.6022352
262560,67.18,32.81999999999999,125.1024208566108,53.45368,0.6022944000000001
262640,67.17,32.83,125.08379888268156,53.466919999999995,0.6023536
262720,67.16,32.84,125.06517690875232,53.48016,0.6024128
262800,67.15,32.849999999999994,125.04655493482309,53.4934,0.6024720000000001
262880,67.14,32.86,125.02793296089385,53.50664,0.6025312
262960,67.13,32.870000000000005,125.0093109869646,53.51988,0.6025904
263040,67.12,32.879999999999995,124.99068901303538,53.533120000000004,0.6026496000000001
263120,67.11,32.89,124.97206703910614,53.54635999999999,0.6027088
263200,67.1,32.900000000000006,124.9534450651769,53.559599999999996,0.602768
263280,67.09,32.91,124.93482309124767,53.57284,0.6028272000000001
263360,67.08,32.92,124.91620111731842,53.586079999999995,0.6028864
263440,67.07,32.93000000000001,124.89757914338918,53.59932,0.6029456
263520,67.06,32.94,124.87895716945997,53.61256,0.6030048000000001
263600,67.05,32.95,124.86033519553071,53.6258,0.603064
263680,67.03999999999999,32.96000000000001,124.84171322160147,53.63904,0.6031232
263760,67.03,32.97,124.82309124767225,53.65228,0.6031824000000001
263840,67.02,32.980000000000004,124.804469273743,53.665519999999994,0.6032416
263920,67.00999999999999,32.99000000000001,124.78584729981375,53.67876,0.6033008
264000,67.0,33.0,124.76722532588454,53.692,0.6033600000000001
264080,66.99000000000001,33.00999999999999,124.74860335195531,53.70524,0.6034192
264160,66.97999999999999,33.02000000000001,124.72998137802604,53.71848,0.6034784
264240,66.97,33.03,124.71135940409683,53.73172,0.6035376000000001
264320,66.96000000000001,33.03999999999999,124.69273743016761,53.74495999999999,0.6035968
264400,66.95,33.05,124.67411545623835,53.758199999999995,0.603656
264480,66.94,33.06,124.65549348230911,53.77144,0.6037152
264560,66.93,33.06999999999999,124.6368715083799,53.784679999999994,0.6037744
264640,66.92,33.08,124.61824953445064,53.79792,0.6038336000000001
264720,66.91,33.09,124.5996275605214,53.81116,0.6038928
264800,66.9,33.099999999999994,124.58100558659218,53.8244,0.603952
264880,66.89,33.11,124.56238361266294,53.83764,0.6040112
264960,66.88,33.120000000000005,124.54376163873368,53.85088,0.6040704000000001
265040,66.87,33.129999999999995,124.52513966480447,53.86412,0.6041296
265120,66.86,33.14,124.50651769087523,53.877359999999996,0.6041888
265200,66.85,33.150000000000006,124.48789571694597,53.8906,0.604248
265280,66.84,33.16,124.46927374301676,53.90384,0.6043072
265360,66.83,33.17,124.45065176908751,53.91708,0.6043664000000001
265440,66.82,33.18000000000001,124.43202979515827,53.93032,0.6044256
265520,66.81,33.19,124.41340782122904,53.943560000000005,0.6044848
265600,66.8,33.2,124.3947858472998,53.956799999999994,0.604544
265680,66.78999999999999,33.21000000000001,124.37616387337056,53.97004,0.6046032
265760,66.78,33.22,124.35754189944133,53.98327999999999,0.6046624
265840,66.77,33.230000000000004,124.33891992551209,53.99652,0.6047216
265920,66.75999999999999,33.24000000000001,124.32029795158284,54.00976,0.6047808
266000,66.75,33.25,124.30167597765363,54.022999999999996,0.60484
266080,66.74000000000001,33.25999999999999,124.2830540037244,54.03624,0.6048992000000001
266160,66.72999999999999,33.27000000000001,124.26443202979513,54.04948,0.6049584
266240,66.72,33.28,124.24581005586592,54.06272,0.6050176
266320,66.71000000000001,33.28999999999999,124.22718808193669,54.075959999999995,0.6050768000000001
266400,66.7,33.3,124.20856610800745,54.0892,0.6051360000000001
266480,66.69,33.31,124.1899441340782,54.10244,0.6051952
266560,66.68,33.31999999999999,124.17132216014897,54.11568,0.6052544000000001
266640,66.67,33.33,124.15270018621973,54.12892,0.6053136000000001
266720,66.66,33.34,124.13407821229049,54.142160000000004,0.6053728
266800,66.65,33.349999999999994,124.11545623836128,54.15539999999999,0.6054320000000001
266880,66.64,33.36,124.09683426443202,54.168639999999996,0.6054912
266960,66.63,33.370000000000005,124.07821229050278,54.18187999999999,0.6055504
267040,66.62,33.379999999999995,124.05959031657356,54.195119999999996,0.6056096000000001
267120,66.61,33.39,124.0409683426443,54.20836,0.6056688000000001
267200,66.6,33.400000000000006,124.02234636871506,54.221599999999995,0.605728
267280,66.59,33.41,124.00372439478585,54.23484,0.6057872
267360,66.58,33.42,123.9851024208566,54.24808,0.6058464000000001
267440,66.57,33.43000000000001,123.96648044692735,54.26132,0.6059056
267520,66.56,33.44,123.94785847299813,54.274559999999994,0.6059648000000001
267600,66.55,33.45,123.92923649906889,54.2878,0.606024
267680,66.53999999999999,33.46000000000001,123.91061452513964,54.30104,0.6060832
267760,66.53,33.47,123.89199255121042,54.31428,0.6061424000000001
267840,66.52,33.480000000000004,123.87337057728118,54.32752,0.6062016000000001
267920,66.50999999999999,33.49000000000001,123.85474860335194,54.34076,0.6062608
268000,66.5,33.5,123.83612662942271,54.354,0.60632
268080,66.49000000000001,33.50999999999999,123.8175046554935,54.367239999999995,0.6063792000000001
268160,66.47999999999999,33.52000000000001,123.79888268156422,54.38047999999999,0.6064384
268240,66.47,33.53,123.780260707635,54.393719999999995,0.6064976000000001
268320,66.46000000000001,33.53999999999999,123.76163873370578,54.40696,0.6065568000000001
268400,66.45,33.55,123.74301675977654,54.4202,0.606616
268480,66.44,33.56,123.7243947858473,54.43344,0.6066752
268560,66.43,33.56999999999999,123.70577281191807,54.44668,0.6067344000000001
268640,66.42,33.58,123.68715083798882,54.45992,0.6067936
268720,66.41,33.59,123.66852886405958,54.47315999999999,0.6068528
268800,66.4,33.599999999999994,123.64990689013035,54.486399999999996,0.6069120000000001
268880,66.39,33.61,123.63128491620111,54.49964,0.6069712
268960,66.38,33.620000000000005,123.61266294227187,54.512879999999996,0.6070304000000001
269040,66.37,33.629999999999995,123.59404096834264,54.52612,0.6070896000000001
269120,66.36,33.64,123.5754189944134,54.53936,0.6071488
269200,66.35,33.650000000000006,123.55679702048415,54.5526,0.607208
269280,66.34,33.66,123.53817504655494,54.565839999999994,0.6072672000000001
269360,66.33,33.67,123.51955307262568,54.57908,0.6073264
269440,66.32,33.68000000000001,123.50093109869644,54.592319999999994,0.6073856
269520,66.31,33.69,123.48230912476723,54.60556,0.6074448000000001
269600,66.3,33.7,123.46368715083797,54.6188,0.607504
269680,66.28999999999999,33.71000000000001,123.44506517690873,54.632039999999996,0.6075632
269760,66.28,33.72,123.42644320297951,54.64528,0.6076224000000001
269840,66.27,33.730000000000004,123.40782122905027,54.65852,0.6076816
269920,66.25999999999999,33.74000000000001,123.38919925512101,54.67175999999999,0.6077408
270000,66.25,33.75,123.3705772811918,54.684999999999995,0.6078000000000001
270080,66.24000000000001,33.75999999999999,123.35195530726259,54.69824,0.6078592
270160,66.22999999999999,33.77000000000001,123.3333333333333,54.711479999999995,0.6079184
270240,66.22,33.78,123.31471135940409,54.72472,0.6079776000000001
270320,66.21000000000001,33.78999999999999,123.29608938547487,54.73796,0.6080368
270400,66.2,33.8,123.27746741154562,54.7512,0.6080960000000001
270480,66.19,33.81,123.25884543761637,54.76444,0.6081552
270560,66.18,33.81999999999999,123.24022346368716,54.77768,0.6082144
270640,66.17,33.83,123.22160148975792,54.79092,0.6082736000000001
270720,66.16,33.84,123.20297951582866,54.804159999999996,0.6083328000000001
270800,66.15,33.849999999999994,123.18435754189944,54.8174,0.608392
270880,66.14,33.86,123.1657355679702,54.83064,0.6084512
270960,66.13,33.870000000000005,123.14711359404095,54.84388,0.6085104
271040,66.12,33.879999999999995,123.12849162011173,54.85712,0.6085696
271120,66.11,33.89,123.10986964618249,54.87035999999999,0.6086288
271200,66.1,33.900000000000006,123.09124767225325,54.883599999999994,0.608688
271280,66.09,33.91,123.07262569832402,54.89684,0.6087472
271360,66.08,33.92,123.05400372439478,54.910079999999994,0.6088064
271440,66.07,33.93000000000001,123.03538175046553,54.92332,0.6088656000000001
271520,66.06,33.94,123.0167597765363,54.93656,0.6089248
271600,66.05,33.95,122.99813780260706,54.949799999999996,0.608984
271680,66.03999999999999,33.96000000000001,122.97951582867782,54.96304,0.6090432
271760,66.03,33.97,122.9608938547486,54.976279999999996,0.6091024
271840,66.02,33.980000000000004,122.94227188081935,54.98952,0.6091616
271920,66.00999999999999,33.99000000000001,122.9236499068901,55.002759999999995,0.6092208
272000,66.0,34.0,122.90502793296089,55.016,0.60928
272080,65.99000000000001,34.00999999999999,122.88640595903166,55.02924,0.6093392000000001
272160,65.97999999999999,34.02000000000001,122.86778398510239,55.04248,0.6093984
272240,65.97,34.03,122.84916201117318,55.05572,0.6094576
272320,65.96000000000001,34.03999999999999,122.83054003724395,55.068960000000004,0.6095168000000001
272400,65.95,34.05,122.8119180633147,55.08219999999999,0.6095760000000001
272480,65.94,34.06,122.79329608938546,55.095439999999996,0.6096352
272560,65.93,34.06999999999999,122.77467411545625,55.10868,0.6096944
272640,65.92,34.08,122.756052141527,55.121919999999996,0.6097536000000001
272720,65.91,34.09,122.73743016759775,55.13516,0.6098128
272800,65.9,34.099999999999994,122.71880819366854,55.1484,0.6098720000000001
272880,65.89,34.11,122.70018621973928,55.16164,0.6099312000000001
272960,65.88,34.120000000000005,122.68156424581004,55.17488,0.6099904
273040,65.87,34.129999999999995,122.66294227188082,55.18812,0.6100496000000001
273120,65.86,34.14,122.64432029795158,55.201359999999994,0.6101088000000001
273200,65.85,34.150000000000006,122.62569832402232,55.2146,0.610168
273280,65.84,34.16,122.60707635009311,55.22784,0.6102272
273360,65.83,34.17,122.58845437616387,55.24108,0.6102864
273440,65.82,34.18000000000001,122.56983240223461,55.25432,0.6103456
273520,65.81,34.19,122.5512104283054,55.26756,0.6104048000000001
273600,65.8,34.2,122.53258845437615,55.28079999999999,0.610464
273680,65.78999999999999,34.21000000000001,122.51396648044691,55.294039999999995,0.6105232
273760,65.78,34.22,122.49534450651768,55.30728,0.6105824
273840,65.77,34.230000000000004,122.47672253258844,55.320519999999995,0.6106416000000001
273920,65.75999999999999,34.24000000000001,122.4581005586592,55.33376,0.6107008
274000,65.75,34.25,122.43947858472997,55.347,0.61076
274080,65.74000000000001,34.25999999999999,122.42085661080075,55.360240000000005,0.6108192000000001
274160,65.72999999999999,34.27000000000001,122.40223463687148,55.37348,0.6108784
274240,65.72,34.28,122.38361266294227,55.38672,0.6109376000000001
274320,65.71000000000001,34.28999999999999,122.36499068901304,55.39995999999999,0.6109968000000001
274400,65.69999999999999,34.30000000000001,122.34636871508377,55.413199999999996,0.611056
274480,65.69,34.31,122.32774674115456,55.42644,0.6111152
274560,65.68,34.31999999999999,122.30912476722533,55.439679999999996,0.6111744000000001
274640,65.67,34.33,122.29050279329608,55.45292,0.6112336
274720,65.66,34.34,122.27188081936684,55.46616,0.6112928
274800,65.65,34.349999999999994,122.25325884543761,55.4794,0.6113520000000001
274880,65.64,34.36,122.23463687150837,55.492639999999994,0.6114112
274960,65.63,34.370000000000005,122.21601489757913,55.50588,0.6114704
275040,65.62,34.379999999999995,122.19739292364991,55.51912,0.6115296000000001
275120,65.61,34.39,122.17877094972066,55.53236,0.6115888
275200,65.6,34.400000000000006,122.16014897579142,55.5456,0.611648
275280,65.59,34.41,122.1415270018622,55.558840000000004,0.6117072000000001
275360,65.58,34.42,122.12290502793294,55.57208,0.6117664
275440,65.57,34.43000000000001,122.1042830540037,55.585319999999996,0.6118256
275520,65.56,34.44,122.08566108007449,55.59855999999999,0.6118848000000001
275600,65.55,34.45,122.06703910614524,55.611799999999995,0.611944
275680,65.53999999999999,34.46000000000001,122.04841713221599,55.62504,0.6120032
275760,65.53,34.47,122.02979515828677,55.638279999999995,0.6120624
275840,65.52,34.480000000000004,122.01117318435753,55.65152,0.6121216
275920,65.50999999999999,34.49000000000001,121.99255121042827,55.66476,0.6121808
276000,65.5,34.5,121.97392923649906,55.678,0.6122400000000001
276080,65.49000000000001,34.50999999999999,121.95530726256985,55.69123999999999,0.6122992
276160,65.47999999999999,34.52000000000001,121.93668528864058,55.70448,0.6123584
276240,65.47,34.53,121.91806331471135,55.71772,0.6124176000000001
276320,65.46000000000001,34.53999999999999,121.89944134078213,55.730959999999996,0.6124768
276400,65.44999999999999,34.55000000000001,121.88081936685286,55.7442,0.612536
276480,65.44,34.56,121.86219739292363,55.75744,0.6125952
276560,65.43,34.56999999999999,121.84357541899442,55.77068,0.6126544
276640,65.42,34.58,121.82495344506518,55.78392,0.6127136000000001
276720,65.41,34.59,121.80633147113592,55.79715999999999,0.6127728000000001
276800,65.4,34.599999999999994,121.7877094972067,55.810399999999994,0.612832
276880,65.39,34.61,121.76908752327746,55.82364,0.6128912
276960,65.38,34.620000000000005,121.75046554934822,55.836879999999994,0.6129504
277040,65.37,34.629999999999995,121.73184357541899,55.85012,0.6130096
277120,65.36,34.64,121.71322160148975,55.86336,0.6130688000000001
277200,65.35,34.650000000000006,121.6945996275605,55.876599999999996,0.613128
277280,65.34,34.66,121.67597765363128,55.88984,0.6131872
277360,65.33,34.67,121.65735567970204,55.903079999999996,0.6132464
277440,65.32,34.68000000000001,121.6387337057728,55.91632,0.6133056000000001
277520,65.31,34.69,121.62011173184358,55.929559999999995,0.6133648
277600,65.3,34.7,121.60148975791432,55.9428,0.613424
277680,65.28999999999999,34.71000000000001,121.58286778398508,55.95604,0.6134832
277760,65.28,34.72,121.56424581005587,55.96928,0.6135424
277840,65.27,34.730000000000004,121.54562383612661,55.98252,0.6136016000000001
277920,65.25999999999999,34.74000000000001,121.52700186219737,55.99575999999999,0.6136608
278000,65.25,34.75,121.50837988826815,56.00899999999999,0.61372
278080,65.24000000000001,34.75999999999999,121.48975791433892,56.02224,0.6137792000000001
278160,65.22999999999999,34.77000000000001,121.47113594040965,56.03547999999999,0.6138384
278240,65.22,34.78,121.45251396648044,56.048719999999996,0.6138976
278320,65.21000000000001,34.78999999999999,121.43389199255122,56.06196,0.6139568000000001
278400,65.19999999999999,34.80000000000001,121.41527001862194,56.075199999999995,0.614016
278480,65.19,34.81,121.39664804469272,56.08844,0.6140752
278560,65.18,34.81999999999999,121.37802607076351,56.101679999999995,0.6141344000000001
278640,65.17,34.83,121.35940409683425,56.11492,0.6141936000000001
278720,65.16,34.84,121.34078212290501,56.128159999999994,0.6142528
278800,65.15,34.849999999999994,121.3221601489758,56.1414,0.6143120000000001
278880,65.14,34.86,121.30353817504655,56.15464,0.6143712000000001
278960,65.13,34.870000000000005,121.2849162011173,56.16788,0.6144304
279040,65.12,34.879999999999995,121.26629422718808,56.18112,0.6144896000000001
279120,65.11,34.89,121.24767225325884,56.19436,0.6145488000000001
279200,65.1,34.900000000000006,121.22905027932958,56.20759999999999,0.614608
279280,65.09,34.91,121.21042830540037,56.220839999999995,0.6146672000000001
279360,65.08,34.92,121.19180633147113,56.23408,0.6147264
279440,65.07,34.93000000000001,121.17318435754188,56.247319999999995,0.6147856
279520,65.06,34.94,121.15456238361266,56.26056,0.6148448000000001
279600,65.05,34.95,121.13594040968341,56.2738,0.6149040000000001
279680,65.03999999999999,34.96000000000001,121.11731843575417,56.28704,0.6149632
279760,65.03,34.97,121.09869646182494,56.30028,0.6150224
279840,65.02,34.980000000000004,121.0800744878957,56.31352,0.6150816000000001
279920,65.00999999999999,34.99000000000001,121.06145251396646,56.32675999999999,0.6151408
280000,65.0,35.0,121.04283054003723,56.339999999999996,0.6152
280080,64.99000000000001,35.00999999999999,121.02420856610802,56.35324,0.6152592000000001
280160,64.97999999999999,35.02000000000001,121.00558659217874,56.366479999999996,0.6153184
280240,64.97,35.03,120.98696461824953,56.37972,0.6153776000000001
280320,64.96000000000001,35.03999999999999,120.9683426443203,56.39296,0.6154368000000001
280400,64.94999999999999,35.05000000000001,120.94972067039103,56.40619999999999,0.615496
280480,64.94,35.06,120.93109869646182,56.419439999999994,0.6155552
280560,64.93,35.06999999999999,120.91247672253259,56.43268,0.6156144000000001
280640,64.92,35.08,120.89385474860335,56.44592,0.6156736
280720,64.91,35.09,120.8752327746741,56.45916,0.6157328
280800,64.9,35.099999999999994,120.85661080074489,56.4724,0.6157920000000001
280880,64.89,35.11,120.83798882681563,56.485640000000004,0.6158512
280960,64.88,35.120000000000005,120.81936685288639,56.49888,0.6159104
281040,64.87,35.129999999999995,120.80074487895718,56.512119999999996,0.6159696000000001
281120,64.86,35.14,120.78212290502792,56.52535999999999,0.6160288
281200,64.85,35.150000000000006,120.76350093109868,56.538599999999995,0.616088
281280,64.84,35.16,120.74487895716946,56.55184,0.6161472000000001
281360,64.83,35.17,120.72625698324022,56.565079999999995,0.6162064
281440,64.82,35.18000000000001,120.70763500931096,56.57832,0.6162656
281520,64.81,35.19,120.68901303538175,56.59156,0.6163248000000001
281600,64.8,35.2,120.6703910614525,56.6048,0.616384
281680,64.78999999999999,35.21000000000001,120.65176908752325,56.61803999999999,0.6164432
281760,64.78,35.22,120.63314711359403,56.63128,0.6165024000000001
281840,64.77,35.230000000000004,120.61452513966479,56.64452,0.6165616
281920,64.75999999999999,35.24000000000001,120.59590316573555,56.657759999999996,0.6166208
282000,64.75,35.25,120.57728119180632,56.671,0.6166800000000001
282080,64.74000000000001,35.25999999999999,120.5586592178771,56.68424,0.6167392
282160,64.72999999999999,35.27000000000001,120.54003724394784,56.69748,0.6167984
282240,64.72,35.28,120.52141527001861,56.710719999999995,0.6168576
282320,64.71000000000001,35.28999999999999,120.5027932960894,56.72396,0.6169168
282400,64.69999999999999,35.30000000000001,120.48417132216012,56.737199999999994,0.616976
282480,64.69,35.31,120.4655493482309,56.75044,0.6170352000000001
282560,64.68,35.31999999999999,120.44692737430168,56.76368,0.6170944
282640,64.67,35.33,120.42830540037244,56.77692,0.6171536
282720,64.66,35.34,120.4096834264432,56.79016,0.6172128000000001
282800,64.65,35.349999999999994,120.39106145251397,56.8034,0.617272
282880,64.64,35.36,120.37243947858472,56.81663999999999,0.6173312
282960,64.63,35.370000000000005,120.35381750465548,56.829879999999996,0.6173904
283040,64.62,35.379999999999995,120.33519553072625,56.84312,0.6174496
283120,64.61,35.39,120.31657355679701,56.856359999999995,0.6175088000000001
283200,64.6,35.400000000000006,120.29795158286777,56.8696,0.617568
283280,64.59,35.41,120.27932960893855,56.88284,0.6176272
283360,64.58,35.42,120.2607076350093,56.89608,0.6176864
283440,64.57,35.43000000000001,120.24208566108005,56.90932,0.6177456
283520,64.56,35.44,120.22346368715084,56.92256,0.6178048
283600,64.55,35.45,120.20484171322158,56.93579999999999,0.617864
283680,64.53999999999999,35.46000000000001,120.18621973929234,56.94904,0.6179232
283760,64.53,35.47,120.16759776536313,56.96228,0.6179824
283840,64.52,35.480000000000004,120.14897579143388,56.975519999999996,0.6180416
283920,64.50999999999999,35.49000000000001,120.13035381750463,56.98876,0.6181008
284000,64.5,35.5,120.11173184357541,57.002,0.61816
284080,64.49000000000001,35.50999999999999,120.0931098696462,57.015240000000006,0.6182192000000001
284160,64.47999999999999,35.52000000000001,120.07448789571691,57.028479999999995,0.6182784
284240,64.47,35.53,120.0558659217877,57.04172,0.6183376
284320,64.46000000000001,35.53999999999999,120.03724394785849,57.054959999999994,0.6183968000000001
284400,64.44999999999999,35.55000000000001,120.01862197392921,57.0682,0.618456
284480,64.44,35.56,119.99999999999999,57.08144,0.6185152
284560,64.43,35.56999999999999,119.98137802607077,57.09468,0.6185744000000001
284640,64.42,35.58,119.96275605214153,57.10792,0.6186336
284720,64.41,35.59,119.94413407821227,57.121159999999996,0.6186928
284800,64.4,35.599999999999994,119.92551210428306,57.1344,0.6187520000000001
284880,64.39,35.61,119.90689013035382,57.147639999999996,0.6188112000000001
284960,64.38,35.620000000000005,119.88826815642456,57.16088,0.6188704
285040,64.37,35.629999999999995,119.86964618249534,57.17412,0.6189296
285120,64.36,35.64,119.8510242085661,57.18736,0.6189888000000001
285200,64.35,35.650000000000006,119.83240223463686,57.2006,0.619048
285280,64.34,35.66,119.81378026070763,57.213840000000005,0.6191072000000001
285360,64.33,35.67,119.79515828677839,57.227079999999994,0.6191664
285440,64.32,35.68000000000001,119.77653631284915,57.24032,0.6192256
285520,64.31,35.69,119.75791433891992,57.25355999999999,0.6192848000000001
285600,64.3,35.7,119.73929236499067,57.266799999999996,0.6193440000000001
285680,64.28999999999999,35.71000000000001,119.72067039106143,57.28004,0.6194032
285760,64.28,35.72,119.7020484171322,57.293279999999996,0.6194624
285840,64.27,35.730000000000004,119.68342644320296,57.30652,0.6195216
285920,64.25999999999999,35.74000000000001,119.66480446927372,57.31976,0.6195808
286000,64.25,35.75,119.6461824953445,57.333,0.6196400000000001
286080,64.24000000000001,35.75999999999999,119.62756052141528,57.346239999999995,0.6196992000000001
286160,64.22999999999999,35.77000000000001,119.608938547486,57.35948,0.6197584
286240,64.22,35.78,119.59031657355679,57.37272,0.6198176
286320,64.21000000000001,35.78999999999999,119.57169459962756,57.38596,0.6198768000000001
286400,64.19999999999999,35.80000000000001,119.55307262569829,57.3992,0.619936
286480,64.19,35.81,119.53445065176908,57.412440000000004,0.6199952
286560,64.18,35.81999999999999,119.51582867783986,57.42568,0.6200544000000001
286640,64.17,35.83,119.4972067039106,57.438919999999996,0.6201136
286720,64.16,35.84,119.47858472998136,57.45215999999999,0.6201728000000001
286800,64.15,35.849999999999994,119.45996275605215,57.465399999999995,0.6202320000000001
286880,64.14,35.86,119.4413407821229,57.47864,0.6202912
286960,64.13,35.870000000000005,119.42271880819365,57.491879999999995,0.6203504
287040,64.12,35.879999999999995,119.40409683426444,57.50512,0.6204096000000001
287120,64.11,35.89,119.3854748603352,57.51836,0.6204688
287200,64.1,35.900000000000006,119.36685288640594,57.5316,0.620528
287280,64.09,35.91,119.34823091247672,57.54483999999999,0.6205872000000001
287360,64.08,35.92,119.32960893854748,57.55808,0.6206464
287440,64.07,35.93000000000001,119.31098696461822,57.57132,0.6207056
287520,64.06,35.94,119.29236499068901,57.584559999999996,0.6207648000000001
287600,64.05,35.95,119.27374301675977,57.5978,0.620824
287680,64.03999999999999,35.96000000000001,119.25512104283052,57.61104,0.6208832
287760,64.03,35.97,119.2364990689013,57.62428,0.6209424000000001
287840,64.02,35.980000000000004,119.21787709497205,57.637519999999995,0.6210016
287920,64.00999999999999,35.99000000000001,119.19925512104281,57.65075999999999,0.6210608
288000,64.0,36.0,119.18063314711358,57.663999999999994,0.6211200000000001
288080,63.99,36.01,119.16201117318435,57.67724,0.6211792
288160,63.98,36.02,119.14338919925511,57.690479999999994,0.6212384
288240,63.97,36.03,119.12476722532587,57.70372,0.6212976
288320,63.96,36.04,119.10614525139664,57.71696,0.6213568
288400,63.949999999999996,36.050000000000004,119.0875232774674,57.730199999999996,0.621416
288480,63.94,36.06,119.06890130353817,57.74343999999999,0.6214752000000001
288560,63.93,36.07,119.05027932960893,57.756679999999996,0.6215344
288640,63.92,36.08,119.0316573556797,57.76992,0.6215936
288720,63.91,36.09,119.01303538175046,57.783159999999995,0.6216528000000001
288800,63.9,36.1,118.99441340782121,57.7964,0.621712
288880,63.89,36.11,118.97579143389198,57.80964,0.6217712000000001
288960,63.88,36.12,118.95716945996276,57.82288,0.6218304000000001
289040,63.87,36.13,118.93854748603351,57.836119999999994,0.6218896
289120,63.86,36.14,118.91992551210427,57.84936,0.6219488000000001
289200,63.85,36.15,118.90130353817504,57.86259999999999,0.6220080000000001
289280,63.839999999999996,36.160000000000004,118.8826815642458,57.87584,0.6220672
289360,63.83,36.17,118.86405959031656,57.88908,0.6221264
289440,63.82,36.18,118.84543761638733,57.902319999999996,0.6221856
289520,63.81,36.19,118.8268156424581,57.91556,0.6222448
289600,63.8,36.2,118.80819366852886,57.9288,0.622304
289680,63.79,36.21,118.78957169459962,57.94203999999999,0.6223632000000001
289760,63.78,36.22,118.77094972067039,57.955279999999995,0.6224224
289840,63.769999999999996,36.230000000000004,118.75232774674114,57.96852,0.6224816
289920,63.76,36.24,118.7337057728119,57.981759999999994,0.6225408000000001
290000,63.75,36.25,118.71508379888267,57.995,0.6226
290080,63.74,36.26,118.69646182495345,58.00824,0.6226592000000001
290160,63.73,36.27,118.67783985102419,58.02148,0.6227184
290240,63.72,36.28,118.65921787709496,58.03472,0.6227776
290320,63.71,36.29,118.64059590316573,58.047959999999996,0.6228368000000001
290400,63.699999999999996,36.300000000000004,118.62197392923649,58.06119999999999,0.6228960000000001
290480,63.69,36.31,118.60335195530725,58.074439999999996,0.6229552
290560,63.68,36.32,118.58472998137802,58.08768,0.6230144
290640,63.67,36.33,118.56610800744879,58.10092,0.6230736000000001
290720,63.66,36.34,118.54748603351953,58.11416,0.6231328
290800,63.65,36.35,118.5288640595903,58.1274,0.6231920000000001
290880,63.64,36.36,118.51024208566108,58.140640000000005,0.6232512000000001
290960,63.63,36.37,118.49162011173185,58.153879999999994,0.6233104
291040,63.62,36.38,118.47299813780259,58.16712,0.6233696
291120,63.61,36.39,118.45437616387336,58.18035999999999,0.6234288000000001
291200,63.6,36.4,118.43575418994413,58.193599999999996,0.623488
291280,63.589999999999996,36.410000000000004,118.41713221601488,58.20684,0.6235472
291360,63.58,36.42,118.39851024208565,58.220079999999996,0.6236064000000001
291440,63.57,36.43,118.37988826815642,58.23332,0.6236656
291520,63.56,36.44,118.36126629422718,58.246559999999995,0.6237248000000001
291600,63.55,36.45,118.34264432029794,58.2598,0.6237840000000001
291680,63.54,36.46,118.32402234636871,58.273039999999995,0.6238432
291760,63.53,36.47,118.30540037243948,58.28628,0.6239024
291840,63.519999999999996,36.480000000000004,118.28677839851022,58.29952,0.6239616
291920,63.51,36.49,118.268156424581,58.31276,0.6240208
292000,63.5,36.5,118.24953445065177,58.326,0.6240800000000001
292080,63.49,36.51,118.23091247672252,58.339240000000004,0.6241392000000001
292160,63.48,36.52,118.21229050279328,58.35247999999999,0.6241984
292240,63.47,36.53,118.19366852886405,58.365719999999996,0.6242576
292320,63.46,36.54,118.17504655493482,58.37895999999999,0.6243168
292400,63.449999999999996,36.550000000000004,118.15642458100557,58.392199999999995,0.624376
292480,63.44,36.56,118.13780260707634,58.40544,0.6244352
292560,63.43,36.57,118.11918063314711,58.418679999999995,0.6244944000000001
292640,63.42,36.58,118.10055865921787,58.43192,0.6245536
292720,63.41,36.59,118.08193668528862,58.44516,0.6246128
292800,63.4,36.6,118.0633147113594,58.4584,0.6246720000000001
292880,63.39,36.61,118.04469273743017,58.471639999999994,0.6247312
292960,63.38,36.62,118.02607076350093,58.48488,0.6247904000000001
293040,63.37,36.63,118.00744878957168,58.49812,0.6248496
293120,63.36,36.64,117.98882681564245,58.511359999999996,0.6249088
293200,63.35,36.65,117.97020484171321,58.5246,0.6249680000000001
293280,63.339999999999996,36.660000000000004,117.95158286778397,58.53784,0.6250272000000001
293360,63.33,36.67,117.93296089385474,58.55108,0.6250864
293440,63.32,36.68,117.9143389199255,58.564319999999995,0.6251456
293520,63.31,36.69,117.89571694599627,58.57756,0.6252048
293600,63.3,36.7,117.87709497206703,58.590799999999994,0.625264
293680,63.29,36.71,117.8584729981378,58.60404,0.6253232000000001
293760,63.28,36.72,117.83985102420856,58.61728,0.6253824000000001
293840,63.269999999999996,36.730000000000004,117.82122905027931,58.63052,0.6254416
293920,63.26,36.74,117.80260707635009,58.64376,0.6255008
294000,63.25,36.75,117.78398510242084,58.657,0.6255600000000001
294080,63.24,36.76,117.76536312849161,58.67023999999999,0.6256192
294160,63.23,36.77,117.74674115456237,58.683479999999996,0.6256784
294240,63.22,36.78,117.72811918063314,58.69672,0.6257376
294320,63.21,36.79,117.7094972067039,58.709959999999995,0.6257968
294400,63.199999999999996,36.800000000000004,117.69087523277466,58.7232,0.625856
294480,63.19,36.81,117.67225325884543,58.73644,0.6259152000000001
294560,63.18,36.82,117.65363128491619,58.74968,0.6259744
294640,63.17,36.83,117.63500931098696,58.762919999999994,0.6260336
294720,63.16,36.84,117.61638733705772,58.77616,0.6260928
294800,63.15,36.85,117.59776536312849,58.78939999999999,0.626152
294880,63.14,36.86,117.57914338919925,58.80264,0.6262112000000001
294960,63.13,36.87,117.56052141527002,58.81588,0.6262704000000001
295040,63.12,36.88,117.54189944134077,58.829119999999996,0.6263296
295120,63.11,36.89,117.52327746741153,58.84236,0.6263888
295200,63.1,36.9,117.5046554934823,58.8556,0.6264480000000001
295280,63.089999999999996,36.910000000000004,117.48603351955306,58.86883999999999,0.6265072
295360,63.08,36.92,117.46741154562383,58.882079999999995,0.6265664
295440,63.07,36.93,117.44878957169459,58.89532,0.6266256000000001
295520,63.06,36.94,117.43016759776536,58.908559999999994,0.6266848
295600,63.05,36.95,117.41154562383612,58.9218,0.6267440000000001
295680,63.04,36.96,117.39292364990688,58.93504,0.6268032000000001
295760,63.03,36.97,117.37430167597765,58.94828,0.6268624
295840,63.019999999999996,36.980000000000004,117.3556797020484,58.96151999999999,0.6269216
295920,63.01,36.99,117.33705772811916,58.974759999999996,0.6269808
296000,63.0,37.0,117.31843575418993,58.988,0.62704
296080,62.99,37.01,117.2998137802607,59.001239999999996,0.6270992000000001
296160,62.98,37.02,117.28119180633146,59.01448,0.6271584000000001
296240,62.97,37.03,117.26256983240222,59.02772,0.6272176
296320,62.96,37.04,117.24394785847299,59.04096,0.6272768
296400,62.949999999999996,37.050000000000004,117.22532588454375,59.0542,0.6273360000000001
296480,62.94,37.06,117.20670391061451,59.06743999999999,0.6273952
296560,62.93,37.07,117.18808193668528,59.080679999999994,0.6274544
296640,62.92,37.08,117.16945996275605,59.09392,0.6275136000000001
296720,62.91,37.09,117.15083798882681,59.10715999999999,0.6275728
296800,62.9,37.1,117.13221601489757,59.1204,0.6276320000000001
296880,62.89,37.11,117.11359404096834,59.13364,0.6276912000000001
296960,62.88,37.12,117.09497206703911,59.146879999999996,0.6277504
297040,62.87,37.13,117.07635009310985,59.16012,0.6278096
297120,62.86,37.14,117.05772811918062,59.173359999999995,0.6278688
297200,62.85,37.15,117.0391061452514,59.1866,0.627928
297280,62.839999999999996,37.160000000000004,117.02048417132215,59.199839999999995,0.6279872
297360,62.83,37.17,117.00186219739291,59.21308,0.6280464000000001
297440,62.82,37.18,116.98324022346368,59.22632,0.6281056
297520,62.81,37.19,116.96461824953445,59.23956,0.6281648
297600,62.8,37.2,116.9459962756052,59.2528,0.6282240000000001
297680,62.79,37.21,116.92737430167597,59.266040000000004,0.6282832
297760,62.78,37.22,116.90875232774674,59.27927999999999,0.6283424000000001
297840,62.769999999999996,37.230000000000004,116.8901303538175,59.292519999999996,0.6284016
297920,62.76,37.24,116.87150837988825,59.30575999999999,0.6284608
298000,62.75,37.25,116.85288640595903,59.318999999999996,0.6285200000000001
298080,62.74,37.26,116.8342644320298,59.33224,0.6285792000000001
298160,62.73,37.27,116.81564245810054,59.345479999999995,0.6286384
298240,62.72,37.28,116.79702048417131,59.35872,0.6286976
298320,62.71,37.29,116.77839851024208,59.371959999999994,0.6287568
298400,62.699999999999996,37.300000000000004,116.75977653631283,59.3852,0.628816
298480,62.69,37.31,116.7411545623836,59.398439999999994,0.6288752000000001
298560,62.68,37.32,116.72253258845437,59.41168,0.6289344000000001
298640,62.67,37.33,116.70391061452514,59.42492,0.6289936
298720,62.66,37.34,116.68528864059589,59.438159999999996,0.6290528
298800,62.65,37.35,116.66666666666666,59.4514,0.6291120000000001
298880,62.64,37.36,116.64804469273743,59.46464,0.6291712
298960,62.63,37.37,116.62942271880819,59.47787999999999,0.6292304000000001
299040,62.62,37.38,116.61080074487894,59.491119999999995,0.6292896
299120,62.61,37.39,116.59217877094972,59.50436,0.6293488
299200,62.6,37.4,116.57355679702047,59.517599999999995,0.6294080000000001
299280,62.589999999999996,37.410000000000004,116.55493482309123,59.53084,0.6294672000000001
299360,62.58,37.42,116.536312849162,59.54408,0.6295264
299440,62.57,37.43,116.51769087523277,59.55732,0.6295856
299520,62.56,37.44,116.49906890130353,59.57056,0.6296448000000001
299600,62.55,37.45,116.48044692737429,59.5838,0.629704
299680,62.54,37.46,116.46182495344506,59.59703999999999,0.6297632000000001
299760,62.53,37.47,116.44320297951582,59.610279999999996,0.6298224000000001
299840,62.519999999999996,37.480000000000004,116.42458100558657,59.62352,0.6298816
299920,62.51,37.49,116.40595903165735,59.636759999999995,0.6299408
300000,62.5,37.5,116.38733705772812,59.65,0.6300000000000001
300080,62.49,37.51,116.36871508379888,59.66324,0.6300592
300160,62.48,37.52,116.35009310986963,59.67648,0.6301184
300240,62.47,37.53,116.3314711359404,59.689719999999994,0.6301776000000001
300320,62.46,37.54,116.31284916201116,59.70296,0.6302368
300400,62.449999999999996,37.550000000000004,116.29422718808192,59.71619999999999,0.6302960000000001
300480,62.44,37.56,116.27560521415269,59.72944,0.6303552000000001
300560,62.43,37.57,116.25698324022346,59.74268,0.6304144
300640,62.42,37.58,116.23836126629422,59.75592,0.6304736
300720,62.41,37.59,116.21973929236498,59.76916,0.6305328
300800,62.4,37.6,116.20111731843575,59.782399999999996,0.630592
300880,62.39,37.61,116.1824953445065,59.79563999999999,0.6306512000000001
300960,62.38,37.62,116.16387337057728,59.808879999999995,0.6307104000000001
301040,62.37,37.63,116.14525139664804,59.82212,0.6307696
301120,62.36,37.64,116.1266294227188,59.835359999999994,0.6308288
301200,62.35,37.65,116.10800744878956,59.8486,0.6308880000000001
301280,62.339999999999996,37.660000000000004,116.08938547486032,59.86184,0.6309472
301360,62.33,37.67,116.0707635009311,59.87508,0.6310064
301440,62.32,37.68,116.05214152700185,59.88831999999999,0.6310656000000001
301520,62.31,37.69,116.03351955307262,59.901559999999996,0.6311248
301600,62.3,37.7,116.01489757914338,59.9148,0.6311840000000001
301680,62.29,37.71,115.99627560521414,59.928039999999996,0.6312432000000001
301760,62.28,37.72,115.97765363128491,59.94128,0.6313024
301840,62.269999999999996,37.730000000000004,115.95903165735567,59.95452,0.6313616
301920,62.26,37.74,115.94040968342644,59.96776,0.6314208
302000,62.25,37.75,115.9217877094972,59.981,0.63148
302080,62.24,37.76,115.90316573556797,59.99423999999999,0.6315392000000001
302160,62.23,37.77,115.88454376163872,60.007479999999994,0.6315984000000001
302240,62.22,37.78,115.86592178770948,60.02072,0.6316576
302320,62.21,37.79,115.84729981378025,60.03395999999999,0.6317168
302400,62.199999999999996,37.800000000000004,115.82867783985101,60.0472,0.6317760000000001
302480,62.19,37.81,115.81005586592178,60.06044,0.6318352
302560,62.18,37.82,115.79143389199254,60.073679999999996,0.6318944000000001
302640,62.17,37.83,115.77281191806331,60.08692,0.6319536000000001
302720,62.16,37.84,115.75418994413407,60.100159999999995,0.6320128
302800,62.15,37.85,115.73556797020483,60.1134,0.6320720000000001
302880,62.14,37.86,115.7169459962756,60.126639999999995,0.6321312000000001
302960,62.13,37.87,115.69832402234637,60.13988,0.6321904
303040,62.12,37.88,115.67970204841713,60.15312,0.6322496
303120,62.11,37.89,115.66108007448788,60.16636,0.6323088
303200,62.1,37.9,115.64245810055866,60.1796,0.632368
303280,62.089999999999996,37.910000000000004,115.62383612662941,60.19283999999999,0.6324272000000001
303360,62.08,37.92,115.60521415270017,60.20607999999999,0.6324864000000001
303440,62.07,37.93,115.58659217877094,60.219319999999996,0.6325456
303520,62.06,37.94,115.56797020484171,60.23256,0.6326048
303600,62.05,37.95,115.54934823091246,60.245799999999996,0.632664
303680,62.04,37.96,115.53072625698323,60.25904,0.6327232
303760,62.03,37.97,115.512104283054,60.27228,0.6327824000000001
303840,62.019999999999996,37.980000000000004,115.49348230912476,60.28552,0.6328416
303920,62.01,37.99,115.47486033519552,60.298759999999994,0.6329008
304000,62.0,38.0,115.45623836126629,60.312,0.63296
304080,61.99,38.01,115.43761638733706,60.325239999999994,0.6330192000000001
304160,61.98,38.02,115.4189944134078,60.33848,0.6330784
304240,61.97,38.03,115.40037243947857,60.35172,0.6331376
304320,61.96,38.04,115.38175046554935,60.364959999999996,0.6331968000000001
304400,61.949999999999996,38.050000000000004,115.3631284916201,60.3782,0.633256
304480,61.94,38.06,115.34450651769086,60.39144,0.6333152000000001
304560,61.93,38.07,115.32588454376163,60.40467999999999,0.6333744000000001
304640,61.92,38.08,115.3072625698324,60.417919999999995,0.6334336
304720,61.91,38.09,115.28864059590315,60.43116,0.6334928
304800,61.9,38.1,115.27001862197392,60.444399999999995,0.633552
304880,61.89,38.11,115.25139664804469,60.45764,0.6336112
304960,61.88,38.12,115.23277467411545,60.47088,0.6336704000000001
305040,61.87,38.13,115.2141527001862,60.48412,0.6337296000000001
305120,61.86,38.14,115.19553072625698,60.49735999999999,0.6337888
305200,61.85,38.15,115.17690875232775,60.5106,0.633848
305280,61.839999999999996,38.160000000000004,115.15828677839849,60.52383999999999,0.6339072000000001
305360,61.83,38.17,115.13966480446926,60.537079999999996,0.6339664
305440,61.82,38.18,115.12104283054003,60.55032,0.6340256
305520,61.81,38.19,115.10242085661079,60.563559999999995,0.6340848000000001
305600,61.8,38.2,115.08379888268155,60.5768,0.634144
305680,61.79,38.21,115.06517690875232,60.59004,0.6342032000000001
305760,61.78,38.22,115.04655493482309,60.60328,0.6342624000000001
305840,61.769999999999996,38.230000000000004,115.02793296089384,60.616519999999994,0.6343216
305920,61.76,38.24,115.0093109869646,60.62976,0.6343808
306000,61.75,38.25,114.99068901303538,60.643,0.63444
306080,61.74,38.26,114.97206703910614,60.65624,0.6344992
306160,61.73,38.27,114.9534450651769,60.66948,0.6345584
306240,61.72,38.28,114.93482309124767,60.68272,0.6346176000000001
306320,61.71,38.29,114.91620111731844,60.69596,0.6346768
306400,61.699999999999996,38.300000000000004,114.89757914338918,60.709199999999996,0.634736
306480,61.69,38.31,114.87895716945995,60.72243999999999,0.6347952000000001
306560,61.68,38.32,114.86033519553072,60.735679999999995,0.6348544
306640,61.67,38.33,114.84171322160148,60.74892,0.6349136000000001
306720,61.66,38.34,114.82309124767224,60.762159999999994,0.6349728
306800,61.65,38.35,114.80446927374301,60.7754,0.635032
306880,61.64,38.36,114.78584729981378,60.78864,0.6350912000000001
306960,61.63,38.37,114.76722532588454,60.80188,0.6351504000000001
307040,61.62,38.38,114.7486033519553,60.81511999999999,0.6352096
307120,61.61,38.39,114.72998137802607,60.828359999999996,0.6352688
307200,61.6,38.4,114.71135940409683,60.8416,0.6353280000000001
307280,61.589999999999996,38.410000000000004,114.69273743016758,60.854839999999996,0.6353872
307360,61.58,38.42,114.67411545623835,60.86808,0.6354464000000001
307440,61.57,38.43,114.65549348230911,60.88132,0.6355056000000001
307520,61.56,38.44,114.63687150837988,60.89456,0.6355648
307600,61.55,38.45,114.61824953445064,60.907799999999995,0.635624
307680,61.54,38.46,114.59962756052141,60.92103999999999,0.6356832000000001
307760,61.53,38.47,114.58100558659217,60.934279999999994,0.6357424
307840,61.519999999999996,38.480000000000004,114.56238361266293,60.94752,0.6358016
307920,61.51,38.49,114.5437616387337,60.96075999999999,0.6358608
308000,61.5,38.5,114.52513966480446,60.974,0.63592
308080,61.49,38.51,114.50651769087523,60.98724,0.6359792000000001
308160,61.48,38.52,114.48789571694599,61.000479999999996,0.6360384000000001
308240,61.47,38.53,114.46927374301676,61.01371999999999,0.6360976
308320,61.46,38.54,114.45065176908751,61.026959999999995,0.6361568
308400,61.449999999999996,38.550000000000004,114.43202979515827,61.0402,0.636216
308480,61.44,38.56,114.41340782122904,61.053439999999995,0.6362752
308560,61.43,38.57,114.3947858472998,61.06668,0.6363344000000001
308640,61.42,38.58,114.37616387337057,61.07992,0.6363936000000001
308720,61.41,38.59,114.35754189944133,61.09316,0.6364528
308800,61.4,38.6,114.3389199255121,61.1064,0.636512
308880,61.39,38.61,114.32029795158286,61.11964,0.6365712000000001
308960,61.38,38.62,114.30167597765363,61.13287999999999,0.6366304
309040,61.37,38.63,114.28305400372439,61.146119999999996,0.6366896
309120,61.36,38.64,114.26443202979515,61.15936,0.6367488000000001
309200,61.35,38.65,114.24581005586592,61.172599999999996,0.636808
309280,61.339999999999996,38.660000000000004,114.22718808193667,61.18584,0.6368672000000001
309360,61.33,38.67,114.20856610800743,61.19908,0.6369264000000001
309440,61.32,38.68,114.1899441340782,61.21232,0.6369856
309520,61.31,38.69,114.17132216014897,61.225559999999994,0.6370448
309600,61.3,38.7,114.15270018621973,61.2388,0.637104
309680,61.29,38.71,114.13407821229049,61.252039999999994,0.6371632
309760,61.28,38.72,114.11545623836126,61.26528,0.6372224000000001
309840,61.269999999999996,38.730000000000004,114.09683426443202,61.27852,0.6372816
309920,61.26,38.74,114.07821229050278,61.29176,0.6373408
310000,61.25,38.75,114.05959031657355,61.305,0.6374
310080,61.24,38.76,114.04096834264432,61.318239999999996,0.6374592000000001
310160,61.23,38.77,114.02234636871508,61.33147999999999,0.6375184
310240,61.22,38.78,114.00372439478583,61.344719999999995,0.6375776000000001
310320,61.21,38.79,113.9851024208566,61.35796,0.6376368
310400,61.199999999999996,38.800000000000004,113.96648044692736,61.371199999999995,0.637696
310480,61.19,38.81,113.94785847299812,61.38444,0.6377552000000001
310560,61.18,38.82,113.92923649906889,61.39768,0.6378144000000001
310640,61.17,38.83,113.91061452513966,61.410920000000004,0.6378736
310720,61.16,38.84,113.89199255121042,61.42415999999999,0.6379328
310800,61.15,38.85,113.87337057728118,61.4374,0.637992
310880,61.14,38.86,113.85474860335195,61.45063999999999,0.6380512
310960,61.13,38.87,113.83612662942272,61.463879999999996,0.6381104000000001
311040,61.12,38.88,113.81750465549347,61.47712,0.6381696
311120,61.11,38.89,113.79888268156424,61.490359999999995,0.6382288
311200,61.1,38.9,113.78026070763501,61.5036,0.6382880000000001
311280,61.089999999999996,38.910000000000004,113.76163873370577,61.51684,0.6383472000000001
311360,61.08,38.92,113.74301675977652,61.53008,0.6384064
311440,61.07,38.93,113.7243947858473,61.543319999999994,0.6384656000000001
311520,61.06,38.94,113.70577281191807,61.55656,0.6385248000000001
311600,61.05,38.95,113.68715083798881,61.5698,0.638584
311680,61.04,38.96,113.66852886405958,61.58304,0.6386432000000001
311760,61.03,38.97,113.64990689013035,61.59628,0.6387024000000001
311840,61.019999999999996,38.980000000000004,113.6312849162011,61.60952,0.6387616
311920,61.01,38.99,113.61266294227187,61.62275999999999,0.6388208
312000,61.0,39.0,113.59404096834264,61.635999999999996,0.63888
312080,60.99,39.01,113.57541899441341,61.64923999999999,0.6389392
312160,60.98,39.02,113.55679702048415,61.662479999999995,0.6389984000000001
312240,60.97,39.03,113.53817504655493,61.67572,0.6390576000000001
312320,60.96,39.04,113.5195530726257,61.688959999999994,0.6391168
312400,60.949999999999996,39.050000000000004,113.50093109869644,61.7022,0.639176
312480,60.94,39.06,113.48230912476721,61.71544,0.6392352000000001
312560,60.93,39.07,113.46368715083798,61.72868,0.6392944
312640,60.92,39.08,113.44506517690874,61.74191999999999,0.6393536000000001
312720,60.91,39.09,113.4264432029795,61.75516,0.6394128
312800,60.9,39.1,113.40782122905027,61.7684,0.639472
312880,60.89,39.11,113.38919925512104,61.781639999999996,0.6395312000000001
312960,60.88,39.12,113.3705772811918,61.79488,0.6395904000000001
313040,60.87,39.13,113.35195530726256,61.80812,0.6396496
313120,60.86,39.14,113.33333333333333,61.82136,0.6397088000000001
313200,60.85,39.15,113.31471135940409,61.834599999999995,0.639768
313280,60.839999999999996,39.160000000000004,113.29608938547484,61.84783999999999,0.6398272
313360,60.83,39.17,113.27746741154562,61.861079999999994,0.6398864000000001
313440,60.82,39.18,113.25884543761639,61.87432,0.6399456000000001
313520,60.81,39.19,113.24022346368714,61.88756,0.6400048
313600,60.8,39.2,113.2216014897579,61.9008,0.640064
313680,60.79,39.21,113.20297951582867,61.91404,0.6401232000000001
313760,60.78,39.22,113.18435754189943,61.92728,0.6401824
313840,60.769999999999996,39.230000000000004,113.16573556797019,61.94051999999999,0.6402416000000001
313920,60.76,39.24,113.14711359404096,61.953759999999996,0.6403008
314000,60.75,39.25,113.12849162011173,61.967,0.64036
314080,60.74,39.26,113.10986964618249,61.980239999999995,0.6404192
314160,60.73,39.27,113.09124767225325,61.99348,0.6404784000000001
314240,60.72,39.28,113.07262569832402,62.00672,0.6405376
314320,60.71,39.29,113.05400372439478,62.01996,0.6405968000000001
314400,60.699999999999996,39.300000000000004,113.03538175046553,62.033199999999994,0.640656
314480,60.69,39.31,113.0167597765363,62.04644,0.6407152
314560,60.68,39.32,112.99813780260708,62.05967999999999,0.6407744000000001
314640,60.67,39.33,112.97951582867783,62.072919999999996,0.6408336000000001
314720,60.66,39.34,112.96089385474859,62.08616,0.6408928
314800,60.65,39.35,112.94227188081936,62.099399999999996,0.640952
314880,60.64,39.36,112.92364990689012,62.11264,0.6410112
314960,60.63,39.37,112.90502793296089,62.12588,0.6410704
315040,60.62,39.38,112.88640595903165,62.13911999999999,0.6411296000000001
315120,60.61,39.39,112.8677839851024,62.152359999999994,0.6411888
315200,60.6,39.4,112.84916201117318,62.1656,0.641248
315280,60.589999999999996,39.410000000000004,112.83054003724394,62.178839999999994,0.6413072
315360,60.58,39.42,112.8119180633147,62.19208,0.6413664000000001
315440,60.57,39.43,112.79329608938546,62.20532,0.6414256
315520,60.56,39.44,112.77467411545624,62.21856,0.6414848000000001
315600,60.55,39.45,112.756052141527,62.2318,0.641544
315680,60.54,39.46,112.73743016759775,62.245039999999996,0.6416032
315760,60.53,39.47,112.71880819366852,62.25828,0.6416624000000001
315840,60.519999999999996,39.480000000000004,112.70018621973928,62.271519999999995,0.6417216
315920,60.51,39.49,112.68156424581005,62.28476,0.6417808
316000,60.5,39.5,112.66294227188081,62.298,0.64184
316080,60.49,39.51,112.64432029795158,62.31124,0.6418992
316160,60.48,39.52,112.62569832402234,62.32448,0.6419584
316240,60.47,39.53,112.6070763500931,62.337720000000004,0.6420176000000001
316320,60.46,39.54,112.58845437616387,62.35095999999999,0.6420768000000001
316400,60.449999999999996,39.550000000000004,112.56983240223462,62.3642,0.642136
316480,60.44,39.56,112.5512104283054,62.37743999999999,0.6421952
316560,60.43,39.57,112.53258845437615,62.390679999999996,0.6422544000000001
316640,60.42,39.58,112.51396648044692,62.40392,0.6423136
316720,60.41,39.59,112.49534450651768,62.417159999999996,0.6423728
316800,60.4,39.6,112.47672253258844,62.4304,0.642432
316880,60.39,39.61,112.45810055865921,62.443639999999995,0.6424912
316960,60.38,39.62,112.43947858472998,62.45688,0.6425504000000001
317040,60.37,39.63,112.42085661080074,62.470119999999994,0.6426096000000001
317120,60.36,39.64,112.4022346368715,62.48336,0.6426688
317200,60.35,39.65,112.38361266294227,62.4966,0.6427280000000001
317280,60.339999999999996,39.660000000000004,112.36499068901303,62.50984,0.6427872
317360,60.33,39.67,112.34636871508378,62.52308,0.6428464
317440,60.32,39.68,112.32774674115456,62.53632,0.6429056000000001
317520,60.31,39.69,112.30912476722533,62.54955999999999,0.6429648000000001
317600,60.3,39.7,112.29050279329607,62.562799999999996,0.643024
317680,60.29,39.71,112.27188081936684,62.57603999999999,0.6430832
317760,60.28,39.72,112.25325884543761,62.589279999999995,0.6431424000000001
317840,60.269999999999996,39.730000000000004,112.23463687150837,62.60252,0.6432016
317920,60.26,39.74,112.21601489757913,62.615759999999995,0.6432608000000001
318000,60.25,39.75,112.1973929236499,62.629,0.64332
318080,60.24,39.76,112.17877094972067,62.64224,0.6433792
318160,60.23,39.77,112.16014897579142,62.65548,0.6434384000000001
318240,60.22,39.78,112.14152700186219,62.66871999999999,0.6434976000000001
318320,60.21,39.79,112.12290502793296,62.68196,0.6435568
318400,60.199999999999996,39.800000000000004,112.10428305400372,62.6952,0.643616
318480,60.19,39.81,112.08566108007447,62.708439999999996,0.6436752
318560,60.18,39.82,112.06703910614524,62.72168,0.6437344
318640,60.17,39.83,112.04841713221602,62.73492,0.6437936000000001
318720,60.16,39.84,112.02979515828676,62.74815999999999,0.6438528
318800,60.15,39.85,112.01117318435753,62.761399999999995,0.643912
318880,60.14,39.86,111.9925512104283,62.77464,0.6439712
318960,60.13,39.87,111.97392923649906,62.787879999999994,0.6440304000000001
319040,60.12,39.88,111.95530726256982,62.80112,0.6440896
319120,60.11,39.89,111.93668528864059,62.81436,0.6441488000000001
319200,60.1,39.9,111.91806331471136,62.8276,0.6442080000000001
319280,60.089999999999996,39.910000000000004,111.8994413407821,62.84084,0.6442672
319360,60.08,39.92,111.88081936685288,62.854079999999996,0.6443264000000001
319440,60.07,39.93,111.86219739292365,62.86731999999999,0.6443856000000001
319520,60.06,39.94,111.8435754189944,62.880559999999996,0.6444448
319600,60.05,39.95,111.82495344506516,62.8938,0.644504
319680,60.04,39.96,111.80633147113593,62.907039999999995,0.6445632
319760,60.03,39.97,111.7877094972067,62.92028,0.6446224
319840,60.019999999999996,39.980000000000004,111.76908752327745,62.93352,0.6446816000000001
319920,60.01,39.99,111.75046554934822,62.94676,0.6447408
320000,60.0,40.0,111.73184357541899,62.959999999999994,0.6448
320080,59.99,40.01,111.71322160148975,62.97324,0.6448592000000001
320160,59.98,40.02,111.6945996275605,62.98647999999999,0.6449184000000001
320240,59.97,40.03,111.67597765363128,62.999719999999996,0.6449776
320320,59.96,40.04,111.65735567970205,63.01296,0.6450368000000001
320400,59.949999999999996,40.050000000000004,111.6387337057728,63.026199999999996,0.645096
320480,59.94,40.06,111.62011173184356,63.03944,0.6451552
320560,59.93,40.07,111.60148975791434,63.05268,0.6452144000000001
320640,59.92,40.08,111.5828677839851,63.06591999999999,0.6452736000000001
320720,59.91,40.09,111.56424581005585,63.079159999999995,0.6453328
320800,59.9,40.1,111.54562383612662,63.0924,0.645392
320880,59.89,40.11,111.52700186219738,63.105639999999994,0.6454512
320960,59.88,40.12,111.50837988826815,63.11888,0.6455104
321040,59.87,40.13,111.48975791433891,63.13212,0.6455696000000001
321120,59.86,40.14,111.47113594040968,63.14536,0.6456288000000001
321200,59.85,40.15,111.45251396648044,63.15859999999999,0.645688
321280,59.839999999999996,40.160000000000004,111.4338919925512,63.171839999999996,0.6457472
321360,59.83,40.17,111.41527001862197,63.18508,0.6458064000000001
321440,59.82,40.18,111.39664804469272,63.198319999999995,0.6458656
321520,59.81,40.19,111.3780260707635,63.21156,0.6459248000000001
321600,59.8,40.2,111.35940409683425,63.2248,0.645984
321680,59.79,40.21,111.34078212290503,63.23804,0.6460432
321760,59.78,40.22,111.32216014897578,63.25128,0.6461024000000001
321840,59.769999999999996,40.230000000000004,111.30353817504654,63.26451999999999,0.6461616000000001
321920,59.76,40.24,111.28491620111731,63.277759999999994,0.6462208
322000,59.75,40.25,111.26629422718807,63.291,0.6462800000000001
322080,59.74,40.26,111.24767225325884,63.30423999999999,0.6463392
322160,59.73,40.27,111.2290502793296,63.317479999999996,0.6463984
322240,59.72,40.28,111.21042830540037,63.33072,0.6464576000000001
322320,59.71,40.29,111.19180633147113,63.343959999999996,0.6465168000000001
322400,59.699999999999996,40.300000000000004,111.17318435754188,63.3572,0.646576
322480,59.69,40.31,111.15456238361266,63.370439999999995,0.6466352
322560,59.68,40.32,111.13594040968341,63.38368,0.6466944000000001
322640,59.67,40.33,111.11731843575419,63.396919999999994,0.6467536
322720,59.66,40.34,111.09869646182494,63.41016,0.6468128000000001
322800,59.65,40.35,111.0800744878957,63.4234,0.646872
322880,59.64,40.36,111.06145251396647,63.43664,0.6469312
322960,59.63,40.37,111.04283054003724,63.44988,0.6469904000000001
323040,59.62,40.38,111.024208566108,63.46312,0.6470496000000001
323120,59.61,40.39,111.00558659217876,63.47635999999999,0.6471088
323200,59.6,40.4,110.98696461824953,63.489599999999996,0.6471680000000001
323280,59.589999999999996,40.410000000000004,110.96834264432029,63.50283999999999,0.6472272
323360,59.58,40.42,110.94972067039105,63.516079999999995,0.6472864
323440,59.57,40.43,110.93109869646182,63.52932,0.6473456000000001
323520,59.56,40.44,110.91247672253259,63.54256,0.6474048000000001
323600,59.55,40.45,110.89385474860335,63.5558,0.647464
323680,59.54,40.46,110.8752327746741,63.569039999999994,0.6475232
323760,59.53,40.47,110.85661080074487,63.58228,0.6475824000000001
323840,59.519999999999996,40.480000000000004,110.83798882681563,63.59551999999999,0.6476416
323920,59.51,40.49,110.81936685288639,63.60876,0.6477008000000001
324000,59.5,40.5,110.80074487895716,63.622,0.6477600000000001
324080,59.49,40.51,110.78212290502793,63.635239999999996,0.6478192
324160,59.48,40.52,110.76350093109869,63.64848,0.6478784000000001
324240,59.47,40.53,110.74487895716945,63.66172,0.6479376000000001
324320,59.46,40.54,110.72625698324022,63.67495999999999,0.6479968
324400,59.449999999999996,40.550000000000004,110.70763500931098,63.688199999999995,0.648056
324480,59.44,40.56,110.68901303538173,63.70144,0.6481152
324560,59.43,40.57,110.6703910614525,63.714679999999994,0.6481744
324640,59.42,40.58,110.65176908752328,63.72792,0.6482336000000001
324720,59.41,40.59,110.63314711359403,63.74116,0.6482928
324800,59.4,40.6,110.61452513966479,63.7544,0.648352
324880,59.39,40.61,110.59590316573556,63.76764,0.6484112000000001
324960,59.38,40.62,110.57728119180634,63.780879999999996,0.6484704
325040,59.37,40.63,110.55865921787708,63.79411999999999,0.6485296
325120,59.36,40.64,110.54003724394785,63.807359999999996,0.6485888000000001
325200,59.35,40.65,110.52141527001862,63.8206,0.6486480000000001
325280,59.339999999999996,40.660000000000004,110.50279329608937,63.833839999999995,0.6487072
325360,59.33,40.67,110.48417132216014,63.84708,0.6487664
325440,59.32,40.68,110.46554934823091,63.86032,0.6488256000000001
325520,59.31,40.69,110.44692737430168,63.87356,0.6488848
325600,59.3,40.7,110.42830540037242,63.886799999999994,0.648944
325680,59.29,40.71,110.4096834264432,63.90004,0.6490032
325760,59.28,40.72,110.39106145251397,63.91328,0.6490624
325840,59.269999999999996,40.730000000000004,110.37243947858471,63.92652,0.6491216000000001
325920,59.26,40.74,110.35381750465548,63.93976,0.6491808000000001
326000,59.25,40.75,110.33519553072625,63.953,0.64924
326080,59.24,40.76,110.31657355679702,63.96624,0.6492992000000001
326160,59.23,40.77,110.29795158286777,63.979479999999995,0.6493584
326240,59.22,40.78,110.27932960893854,63.99271999999999,0.6494176
326320,59.21,40.79,110.26070763500931,64.00596,0.6494768000000001
326400,59.199999999999996,40.800000000000004,110.24208566108005,64.0192,0.649536
326480,59.19,40.81,110.22346368715083,64.03244,0.6495952
326560,59.18,40.82,110.2048417132216,64.04568,0.6496544
326640,59.17,40.83,110.18621973929235,64.05892,0.6497136000000001
326720,59.16,40.84,110.16759776536311,64.07216,0.6497728
326800,59.15,40.85,110.14897579143388,64.08539999999999,0.6498320000000001
326880,59.14,40.86,110.13035381750466,64.09863999999999,0.6498912
326960,59.13,40.87,110.11173184357541,64.11188,0.6499504
327040,59.12,40.88,110.09310986964617,64.12512,0.6500096000000001
327120,59.11,40.89,110.07448789571694,64.13835999999999,0.6500688000000001
327200,59.1,40.9,110.0558659217877,64.1516,0.650128
327280,59.089999999999996,40.910000000000004,110.03724394785846,64.16484,0.6501872
327360,59.08,40.92,110.01862197392923,64.17808,0.6502464
327440,59.07,40.93,110.0,64.19131999999999,0.6503056
327520,59.06,40.94,109.98137802607076,64.20456,0.6503648000000001
327600,59.05,40.95,109.96275605214151,64.2178,0.650424
327680,59.04,40.96,109.94413407821229,64.23104,0.6504832
327760,59.03,40.97,109.92551210428304,64.24428,0.6505424
327840,59.019999999999996,40.980000000000004,109.9068901303538,64.25752,0.6506016000000001
327920,59.01,40.99,109.88826815642457,64.27076,0.6506608
328000,59.0,41.0,109.86964618249534,64.28399999999999,0.6507200000000001
328080,58.99,41.01,109.8510242085661,64.29723999999999,0.6507792000000001
328160,58.98,41.02,109.83240223463686,64.31048,0.6508384
328240,58.97,41.03,109.81378026070763,64.32372,0.6508976000000001
328320,58.96,41.04,109.79515828677839,64.33696,0.6509568000000001
328400,58.949999999999996,41.050000000000004,109.77653631284915,64.3502,0.651016
328480,58.94,41.06,109.75791433891992,64.36344,0.6510752
328560,58.93,41.07,109.73929236499067,64.37668,0.6511344
328640,58.92,41.08,109.72067039106145,64.38991999999999,0.6511936
328720,58.91,41.09,109.7020484171322,64.40316,0.6512528000000001
328800,58.9,41.1,109.68342644320298,64.4164,0.651312
328880,58.89,41.11,109.66480446927373,64.42963999999999,0.6513712
328960,58.88,41.12,109.6461824953445,64.44288,0.6514304000000001
329040,58.87,41.13,109.62756052141526,64.45612,0.6514896000000001
329120,58.86,41.14,109.60893854748602,64.46936,0.6515488
329200,58.85,41.15,109.59031657355679,64.4826,0.6516080000000001
329280,58.839999999999996,41.160000000000004,109.57169459962755,64.49583999999999,0.6516672
329360,58.83,41.17,109.55307262569832,64.50908,0.6517264
329440,58.82,41.18,109.53445065176908,64.52232,0.6517856000000001
329520,58.81,41.19,109.51582867783985,64.53556,0.6518448000000001
329600,58.8,41.2,109.4972067039106,64.5488,0.651904
329680,58.79,41.21,109.47858472998136,64.56204,0.6519632000000001
329760,58.78,41.22,109.45996275605214,64.57527999999999,0.6520224
329840,58.769999999999996,41.230000000000004,109.4413407821229,64.58852,0.6520816
329920,58.76,41.24,109.42271880819366,64.60176,0.6521408000000001
330000,58.75,41.25,109.40409683426442,64.615,0.6522000000000001
330080,58.74,41.26,109.3854748603352,64.62823999999999,0.6522592
330160,58.73,41.27,109.36685288640595,64.64148,0.6523184
330240,58.72,41.28,109.34823091247671,64.65472,0.6523776000000001
330320,58.71,41.29,109.32960893854748,64.66796,0.6524368
330400,58.699999999999996,41.300000000000004,109.31098696461824,64.6812,0.652496
330480,58.69,41.31,109.29236499068901,64.69443999999999,0.6525552
330560,58.68,41.32,109.27374301675977,64.70768,0.6526144
330640,58.67,41.33,109.25512104283054,64.72091999999999,0.6526736000000001
330720,58.66,41.34,109.2364990689013,64.73416,0.6527328000000001
330800,58.65,41.35,109.21787709497205,64.7474,0.652792
330880,58.64,41.36,109.19925512104282,64.76064,0.6528512000000001
330960,58.63,41.37,109.1806331471136,64.77388,0.6529104
331040,58.62,41.38,109.16201117318434,64.78712,0.6529696
331120,58.61,41.39,109.14338919925511,64.80036,0.6530288000000001
331200,58.6,41.4,109.12476722532588,64.8136,0.6530880000000001
331280,58.589999999999996,41.410000000000004,109.10614525139664,64.82683999999999,0.6531472
331360,58.58,41.42,109.0875232774674,64.84008,0.6532064
331440,58.57,41.43,109.06890130353817,64.85332,0.6532656000000001
331520,58.56,41.44,109.05027932960894,64.86655999999999,0.6533248
331600,58.55,41.45,109.03165735567968,64.8798,0.6533840000000001
331680,58.54,41.46,109.01303538175046,64.89304,0.6534432
331760,58.53,41.47,108.99441340782123,64.90628,0.6535024
331840,58.519999999999996,41.480000000000004,108.97579143389198,64.91951999999999,0.6535616000000001
331920,58.51,41.49,108.95716945996274,64.93276,0.6536208000000001
332000,58.5,41.5,108.93854748603351,64.946,0.65368
332080,58.49,41.51,108.91992551210429,64.95924,0.6537392000000001
332160,58.48,41.52,108.90130353817503,64.97248,0.6537984
332240,58.47,41.53,108.8826815642458,64.98572,0.6538576
332320,58.46,41.54,108.86405959031657,64.99896,0.6539168000000001
332400,58.449999999999996,41.550000000000004,108.84543761638733,65.01219999999999,0.653976
332480,58.44,41.56,108.82681564245809,65.02543999999999,0.6540352
332560,58.43,41.57,108.80819366852886,65.03868,0.6540944
332640,58.42,41.58,108.78957169459963,65.05192,0.6541536000000001
332720,58.41,41.59,108.77094972067037,65.06515999999999,0.6542128
332800,58.4,41.6,108.75232774674114,65.0784,0.6542720000000001
332880,58.39,41.61,108.73370577281192,65.09164,0.6543312000000001
332960,58.38,41.62,108.71508379888267,65.10488,0.6543904
333040,58.37,41.63,108.69646182495343,65.11811999999999,0.6544496000000001
333120,58.36,41.64,108.6778398510242,65.13136,0.6545088000000001
333200,58.35,41.65,108.65921787709497,65.1446,0.654568
333280,58.339999999999996,41.660000000000004,108.64059590316572,65.15784,0.6546272
333360,58.33,41.67,108.62197392923649,65.17108,0.6546864
333440,58.32,41.68,108.60335195530726,65.18432,0.6547456
333520,58.31,41.69,108.58472998137802,65.19756,0.6548048000000001
333600,58.3,41.7,108.56610800744878,65.21079999999999,0.654864
333680,58.29,41.71,108.54748603351955,65.22404,0.6549232
333760,58.28,41.72,108.52886405959032,65.23728,0.6549824000000001
333840,58.269999999999996,41.730000000000004,108.51024208566106,65.25052,0.6550416000000001
333920,58.26,41.74,108.49162011173183,65.26375999999999,0.6551008
334000,58.25,41.75,108.4729981378026,65.277,0.6551600000000001
334080,58.24,41.76,108.45437616387336,65.29024,0.6552192000000001
334160,58.23,41.77,108.43575418994412,65.30348000000001,0.6552784
334240,58.22,41.78,108.41713221601489,65.31671999999999,0.6553376000000001
334320,58.21,41.79,108.39851024208565,65.32996,0.6553968000000001
334400,58.199999999999996,41.800000000000004,108.3798882681564,65.3432,0.655456
334480,58.19,41.81,108.36126629422718,65.35643999999999,0.6555152000000001
334560,58.18,41.82,108.34264432029795,65.36968,0.6555744
334640,58.17,41.83,108.32402234636871,65.38292,0.6556336
334720,58.16,41.84,108.30540037243946,65.39616,0.6556928000000001
334800,58.15,41.85,108.28677839851024,65.40939999999999,0.6557520000000001
334880,58.14,41.86,108.268156424581,65.42264,0.6558112
334960,58.13,41.87,108.24953445065177,65.43588,0.6558704000000001
335040,58.12,41.88,108.23091247672252,65.44912,0.6559296000000001
335120,58.11,41.89,108.2122905027933,65.46235999999999,0.6559888
335200,58.1,41.9,108.19366852886405,65.4756,0.6560480000000001
335280,58.089999999999996,41.910000000000004,108.17504655493481,65.48884,0.6561072
335360,58.08,41.92,108.15642458100558,65.50208,0.6561664
335440,58.07,41.93,108.13780260707634,65.51531999999999,0.6562256000000001
335520,58.06,41.94,108.11918063314711,65.52856,0.6562848000000001
335600,58.05,41.95,108.10055865921787,65.5418,0.656344
335680,58.04,41.96,108.08193668528864,65.55503999999999,0.6564032000000001
335760,58.03,41.97,108.0633147113594,65.56828,0.6564624
335840,58.019999999999996,41.980000000000004,108.04469273743015,65.58152,0.6565216
335920,58.01,41.99,108.02607076350093,65.59476,0.6565808000000001
336000,58.0,42.0,108.00744878957168,65.608,0.6566400000000001
336080,57.99,42.01,107.98882681564245,65.62124,0.6566992
336160,57.98,42.02,107.97020484171321,65.63448,0.6567584
336240,57.97,42.03,107.95158286778397,65.64771999999999,0.6568176
336320,57.96,42.04,107.93296089385474,65.66096,0.6568768
336400,57.949999999999996,42.050000000000004,107.9143389199255,65.6742,0.6569360000000001
336480,57.94,42.06,107.89571694599627,65.68744,0.6569952
336560,57.93,42.07,107.87709497206703,65.70068,0.6570544
336640,57.92,42.08,107.8584729981378,65.71392,0.6571136
336720,57.91,42.09,107.83985102420856,65.72716,0.6571728000000001
336800,57.9,42.1,107.82122905027931,65.7404,0.657232
336880,57.89,42.11,107.80260707635009,65.75363999999999,0.6572912000000001
336960,57.88,42.12,107.78398510242086,65.76688,0.6573504000000001
337040,57.87,42.13,107.76536312849161,65.78012,0.6574096
337120,57.86,42.14,107.74674115456237,65.79335999999999,0.6574688000000001
337200,57.85,42.15,107.72811918063314,65.8066,0.6575280000000001
337280,57.839999999999996,42.160000000000004,107.7094972067039,65.81984,0.6575872
337360,57.83,42.17,107.69087523277466,65.83308,0.6576464
337440,57.82,42.18,107.67225325884543,65.84631999999999,0.6577056
337520,57.81,42.19,107.6536312849162,65.85956,0.6577648
337600,57.8,42.2,107.63500931098696,65.8728,0.6578240000000001
337680,57.79,42.21,107.61638733705772,65.88604,0.6578832000000001
337760,57.78,42.22,107.59776536312849,65.89928,0.6579424
337840,57.769999999999996,42.230000000000004,107.57914338919925,65.91252,0.6580016
337920,57.76,42.24,107.56052141527,65.92576,0.6580608000000001
338000,57.75,42.25,107.54189944134077,65.939,0.65812
338080,57.74,42.26,107.52327746741155,65.95223999999999,0.6581792000000001
338160,57.73,42.27,107.5046554934823,65.96548,0.6582384
338240,57.72,42.28,107.48603351955306,65.97872,0.6582976
338320,57.71,42.29,107.46741154562383,65.99196,0.6583568000000001
338400,57.699999999999996,42.300000000000004,107.44878957169459,66.0052,0.658416
338480,57.69,42.31,107.43016759776535,66.01844,0.6584752
338560,57.68,42.32,107.41154562383612,66.03168,0.6585344000000001
338640,57.67,42.33,107.39292364990689,66.04491999999999,0.6585936
338720,57.66,42.34,107.37430167597763,66.05816,0.6586528
338800,57.65,42.35,107.3556797020484,66.0714,0.6587120000000001
338880,57.64,42.36,107.33705772811918,66.08464,0.6587712000000001
338960,57.63,42.37,107.31843575418995,66.09788,0.6588304
339040,57.62,42.38,107.29981378026069,66.11112,0.6588896
339120,57.61,42.39,107.28119180633146,66.12436,0.6589488000000001
339200,57.6,42.4,107.26256983240224,66.13759999999999,0.659008
339280,57.589999999999996,42.410000000000004,107.24394785847298,66.15083999999999,0.6590672000000001
339360,57.58,42.42,107.22532588454375,66.16408,0.6591264
339440,57.57,42.43,107.20670391061452,66.17732,0.6591856
339520,57.56,42.44,107.1880819366853,66.19056,0.6592448000000001
339600,57.55,42.45,107.16945996275604,66.2038,0.6593040000000001
339680,57.54,42.46,107.15083798882681,66.21704,0.6593632
339760,57.53,42.47,107.13221601489758,66.23028,0.6594224000000001
339840,57.519999999999996,42.480000000000004,107.11359404096832,66.24351999999999,0.6594816
339920,57.51,42.49,107.0949720670391,66.25676,0.6595408
340000,57.5,42.5,107.07635009310987,66.27,0.6596000000000001
340080,57.49,42.51,107.05772811918062,66.28323999999999,0.6596592000000001
340160,57.48,42.52,107.03910614525138,66.29648,0.6597184
340240,57.47,42.53,107.02048417132215,66.30972,0.6597776
340320,57.46,42.54,107.00186219739292,66.32296,0.6598368000000001
340400,57.449999999999996,42.550000000000004,106.98324022346367,66.33619999999999,0.659896
340480,57.44,42.56,106.96461824953444,66.34943999999999,0.6599552000000001
340560,57.43,42.57,106.94599627560521,66.36268,0.6600144
340640,57.42,42.58,106.92737430167597,66.37592,0.6600736
340720,57.41,42.59,106.90875232774673,66.38916,0.6601328000000001
340800,57.4,42.6,106.8901303538175,66.4024,0.6601920000000001
340880,57.39,42.61,106.87150837988827,66.41564,0.6602512
340960,57.38,42.62,106.85288640595903,66.42888,0.6603104000000001
341040,57.37,42.63,106.83426443202978,66.44211999999999,0.6603696
341120,57.36,42.64,106.81564245810056,66.45536,0.6604288
341200,57.35,42.65,106.79702048417131,66.4686,0.6604880000000001
341280,57.339999999999996,42.660000000000004,106.77839851024207,66.48183999999999,0.6605472
341360,57.33,42.67,106.75977653631284,66.49508,0.6606064
341440,57.32,42.68,106.74115456238361,66.50832,0.6606656
341520,57.31,42.69,106.72253258845437,66.52156,0.6607248000000001
341600,57.3,42.7,106.70391061452513,66.53479999999999,0.660784
341680,57.29,42.71,106.6852886405959,66.54804,0.6608432000000001
341760,57.28,42.72,106.66666666666666,66.56128,0.6609024000000001
341840,57.269999999999996,42.730000000000004,106.64804469273741,66.57451999999999,0.6609616
341920,57.26,42.74,106.62942271880819,66.58776,0.6610208000000001
342000,57.25,42.75,106.61080074487894,66.601,0.6610800000000001
342080,57.24,42.76,106.59217877094972,66.61424,0.6611392
342160,57.23,42.77,106.57355679702047,66.62748,0.6611984
342240,57.22,42.78,106.55493482309124,66.64071999999999,0.6612576
342320,57.21,42.79,106.536312849162,66.65396,0.6613168
342400,57.199999999999996,42.800000000000004,106.51769087523276,66.6672,0.6613760000000001
342480,57.19,42.81,106.49906890130353,66.68043999999999,0.6614352000000001
342560,57.18,42.82,106.48044692737429,66.69368,0.6614944
342640,57.17,42.83,106.46182495344506,66.70692,0.6615536000000001
342720,57.16,42.84,106.44320297951582,66.72015999999999,0.6616128000000001
342800,57.15,42.85,106.42458100558659,66.7334,0.661672
342880,57.14,42.86,106.40595903165735,66.74664,0.6617312000000001
342960,57.13,42.87,106.38733705772812,66.75988,0.6617904000000001
343040,57.12,42.88,106.36871508379888,66.77311999999999,0.6618496
343120,57.11,42.89,106.35009310986963,66.78636,0.6619088000000001
343200,57.1,42.9,106.3314711359404,66.7996,0.6619680000000001
343280,57.089999999999996,42.910000000000004,106.31284916201116,66.81284,0.6620272
343360,57.08,42.92,106.29422718808193,66.82608,0.6620864000000001
343440,57.07,42.93,106.27560521415269,66.83932,0.6621456
343520,57.06,42.94,106.25698324022346,66.85256,0.6622048
343600,57.05,42.95,106.23836126629422,66.8658,0.6622640000000001
343680,57.04,42.96,106.21973929236498,66.87904,0.6623232000000001
343760,57.03,42.97,106.20111731843575,66.89228,0.6623824
343840,57.019999999999996,42.980000000000004,106.1824953445065,66.90552,0.6624416
343920,57.01,42.99,106.16387337057728,66.91875999999999,0.6625008000000001
344000,57.0,43.0,106.14525139664804,66.932,0.66256
344080,56.99,43.01,106.1266294227188,66.94524,0.6626192000000001
344160,56.98,43.02,106.10800744878956,66.95848,0.6626784
344240,56.97,43.03,106.08938547486032,66.97171999999999,0.6627376
344320,56.96,43.04,106.0707635009311,66.98496,0.6627968000000001
344400,56.949999999999996,43.050000000000004,106.05214152700185,66.9982,0.6628560000000001
344480,56.94,43.06,106.03351955307261,67.01144,0.6629152
344560,56.93,43.07,106.01489757914338,67.02468,0.6629744000000001
344640,56.92,43.08,105.99627560521415,67.03792,0.6630336
344720,56.91,43.09,105.97765363128491,67.05116,0.6630928
344800,56.9,43.1,105.95903165735567,67.06439999999999,0.6631520000000001
344880,56.89,43.11,105.94040968342644,67.07764,0.6632112000000001
344960,56.88,43.12,105.92178770949721,67.09088,0.6632704
345040,56.87,43.13,105.90316573556795,67.10412,0.6633296
345120,56.86,43.14,105.88454376163872,67.11735999999999,0.6633888000000001
345200,56.85,43.15,105.8659217877095,67.1306,0.663448
345280,56.839999999999996,43.160000000000004,105.84729981378025,67.14384,0.6635072000000001
345360,56.83,43.17,105.82867783985101,67.15708,0.6635664
345440,56.82,43.18,105.81005586592178,67.17031999999999,0.6636256
345520,56.81,43.19,105.79143389199255,67.18356,0.6636848000000001
345600,56.8,43.2,105.7728119180633,67.1968,0.6637440000000001
345680,56.79,43.21,105.75418994413407,67.21003999999999,0.6638032
345760,56.78,43.22,105.73556797020484,67.22328,0.6638624000000001
345840,56.769999999999996,43.230000000000004,105.7169459962756,67.23652,0.6639216
345920,56.76,43.24,105.69832402234636,67.24976,0.6639808
346000,56.75,43.25,105.67970204841713,67.26299999999999,0.6640400000000001
346080,56.74,43.26,105.6610800744879,67.27624,0.6640992000000001
346160,56.73,43.27,105.64245810055864,67.28948,0.6641584
346240,56.72,43.28,105.62383612662941,67.30272,0.6642176
346320,56.71,43.29,105.60521415270019,67.31596,0.6642768000000001
346400,56.699999999999996,43.300000000000004,105.58659217877093,67.3292,0.664336
346480,56.69,43.31,105.5679702048417,67.34244,0.6643952000000001
346560,56.68,43.32,105.54934823091247,67.35567999999999,0.6644544000000001
346640,56.67,43.33,105.53072625698324,67.36891999999999,0.6645136
346720,56.66,43.34,105.51210428305399,67.38216,0.6645728000000001
346800,56.65,43.35,105.49348230912476,67.3954,0.6646320000000001
346880,56.64,43.36,105.47486033519553,67.40863999999999,0.6646912
346960,56.63,43.37,105.45623836126629,67.42188,0.6647504000000001
347040,56.62,43.38,105.43761638733704,67.43512,0.6648096
347120,56.61,43.39,105.41899441340782,67.44836,0.6648688
347200,56.6,43.4,105.40037243947859,67.46159999999999,0.6649280000000001
347280,56.589999999999996,43.410000000000004,105.38175046554933,67.47484,0.6649872000000001
347360,56.58,43.42,105.3631284916201,67.48808,0.6650464
347440,56.57,43.43,105.34450651769087,67.50131999999999,0.6651056000000001
347520,56.56,43.44,105.32588454376163,67.51456,0.6651648
347600,56.55,43.45,105.30726256983239,67.5278,0.665224
347680,56.54,43.46,105.28864059590316,67.54104,0.6652832000000001
347760,56.53,43.47,105.27001862197392,67.55428,0.6653424000000001
347840,56.519999999999996,43.480000000000004,105.25139664804468,67.56751999999999,0.6654016
347920,56.51,43.49,105.23277467411545,67.58076,0.6654608
348000,56.5,43.5,105.21415270018622,67.594,0.6655200000000001
348080,56.49,43.51,105.19553072625698,67.60723999999999,0.6655792
348160,56.48,43.52,105.17690875232773,67.62048,0.6656384000000001
348240,56.47,43.53,105.1582867783985,67.63372,0.6656976
348320,56.46,43.54,105.13966480446926,67.64696,0.6657568
348400,56.449999999999996,43.550000000000004,105.12104283054002,67.66019999999999,0.6658160000000001
348480,56.44,43.56,105.10242085661079,67.67344,0.6658752000000001
348560,56.43,43.57,105.08379888268156,67.68668,0.6659344
348640,56.42,43.58,105.06517690875232,67.69991999999999,0.6659936000000001
348720,56.41,43.59,105.04655493482308,67.71316,0.6660528
348800,56.4,43.6,105.02793296089385,67.7264,0.666112
348880,56.39,43.61,105.0093109869646,67.73964,0.6661712000000001
348960,56.38,43.62,104.99068901303538,67.75288,0.6662304000000001
349040,56.37,43.63,104.97206703910614,67.76612,0.6662896
349120,56.36,43.64,104.95344506517691,67.77936,0.6663488
349200,56.35,43.65,104.93482309124767,67.7926,0.6664080000000001
349280,56.339999999999996,43.660000000000004,104.91620111731842,67.80583999999999,0.6664672
349360,56.33,43.67,104.8975791433892,67.81908,0.6665264000000001
349440,56.32,43.68,104.87895716945995,67.83232,0.6665856
349520,56.31,43.69,104.86033519553072,67.84556,0.6666448
349600,56.3,43.7,104.84171322160148,67.8588,0.6667040000000001
349680,56.29,43.71,104.82309124767225,67.87204,0.6667632000000001
349760,56.28,43.72,104.80446927374301,67.88528,0.6668224
349840,56.269999999999996,43.730000000000004,104.78584729981377,67.89851999999999,0.6668816
349920,56.26,43.74,104.76722532588454,67.91176,0.6669408
350000,56.25,43.75,104.7486033519553,67.925,0.667
350080,56.24,43.76,104.72998137802607,67.93824,0.6670592000000001
350160,56.23,43.77,104.71135940409683,67.95148,0.6671184
350240,56.22,43.78,104.69273743016758,67.96472,0.6671776
350320,56.21,43.79,104.67411545623835,67.97796,0.6672368
350400,56.199999999999996,43.800000000000004,104.65549348230911,67.99119999999999,0.6672960000000001
350480,56.19,43.81,104.63687150837988,68.00443999999999,0.6673552
350560,56.18,43.82,104.61824953445064,68.01768,0.6674144000000001
350640,56.17,43.83,104.59962756052141,68.03092,0.6674736000000001
350720,56.16,43.84,104.58100558659217,68.04416,0.6675328
350800,56.15,43.85,104.56238361266293,68.0574,0.6675920000000001
350880,56.14,43.86,104.5437616387337,68.07064,0.6676512000000001
350960,56.13,43.87,104.52513966480447,68.08388,0.6677104
351040,56.12,43.88,104.50651769087523,68.09711999999999,0.6677696
351120,56.11,43.89,104.48789571694599,68.11036,0.6678288
351200,56.1,43.9,104.46927374301676,68.1236,0.667888
351280,56.089999999999996,43.910000000000004,104.45065176908751,68.13683999999999,0.6679472000000001
351360,56.08,43.92,104.43202979515827,68.15008,0.6680064000000001
351440,56.07,43.93,104.41340782122904,68.16332,0.6680656
351520,56.06,43.94,104.39478584729981,68.17656,0.6681248000000001
351600,56.05,43.95,104.37616387337057,68.18979999999999,0.6681840000000001
351680,56.04,43.96,104.35754189944133,68.20304,0.6682432
351760,56.03,43.97,104.3389199255121,68.21628,0.6683024000000001
351840,56.019999999999996,43.980000000000004,104.32029795158286,68.22952,0.6683616
351920,56.01,43.99,104.30167597765362,68.24276,0.6684208
352000,56.0,44.0,104.28305400372439,68.256,0.6684800000000001
352080,55.99,44.01,104.26443202979516,68.26924,0.6685392000000001
352160,55.98,44.02,104.2458100558659,68.28247999999999,0.6685984
352240,55.97,44.03,104.22718808193667,68.29571999999999,0.6686576000000001
352320,55.96,44.04,104.20856610800745,68.30896,0.6687168
352400,55.949999999999996,44.050000000000004,104.1899441340782,68.3222,0.668776
352480,55.94,44.06,104.17132216014896,68.33543999999999,0.6688352000000001
352560,55.93,44.07,104.15270018621973,68.34868,0.6688944000000001
352640,55.92,44.08,104.1340782122905,68.36192,0.6689536
352720,55.91,44.09,104.11545623836125,68.37516,0.6690128
352800,55.9,44.1,104.09683426443202,68.38839999999999,0.6690720000000001
352880,55.89,44.11,104.07821229050279,68.40164,0.6691312
352960,55.88,44.12,104.05959031657356,68.41488,0.6691904000000001
353040,55.87,44.13,104.0409683426443,68.42811999999999,0.6692496
353120,55.86,44.14,104.02234636871508,68.44136,0.6693088
353200,55.85,44.15,104.00372439478585,68.4546,0.6693680000000001
353280,55.839999999999996,44.160000000000004,103.98510242085659,68.46784,0.6694272000000001
353360,55.83,44.17,103.96648044692736,68.48107999999999,0.6694864
353440,55.82,44.18,103.94785847299813,68.49431999999999,0.6695456000000001
353520,55.81,44.19,103.92923649906889,68.50756,0.6696048
353600,55.8,44.2,103.91061452513965,68.5208,0.669664
353680,55.79,44.21,103.89199255121042,68.53404,0.6697232000000001
353760,55.78,44.22,103.8733705772812,68.54728,0.6697824000000001
353840,55.769999999999996,44.230000000000004,103.85474860335194,68.56052,0.6698416
353920,55.76,44.24,103.83612662942271,68.57376,0.6699008
354000,55.75,44.25,103.81750465549348,68.58699999999999,0.6699600000000001
354080,55.74,44.26,103.79888268156424,68.60024,0.6700192
354160,55.73,44.27,103.780260707635,68.61348,0.6700784000000001
354240,55.72,44.28,103.76163873370577,68.62671999999999,0.6701376
354320,55.71,44.29,103.74301675977654,68.63996,0.6701968
354400,55.699999999999996,44.300000000000004,103.72439478584728,68.6532,0.6702560000000001
354480,55.69,44.31,103.70577281191805,68.66644,0.6703152000000001
354560,55.68,44.32,103.68715083798882,68.67968,0.6703744
354640,55.67,44.33,103.66852886405958,68.69291999999999,0.6704336000000001
354720,55.66,44.34,103.64990689013034,68.70616,0.6704928
354800,55.65,44.35,103.63128491620111,68.7194,0.670552
354880,55.64,44.36,103.61266294227188,68.73264,0.6706112000000001
354960,55.63,44.37,103.59404096834264,68.74588,0.6706704000000001
355040,55.62,44.38,103.5754189944134,68.75912,0.6707296
355120,55.61,44.39,103.55679702048417,68.77235999999999,0.6707888
355200,55.6,44.4,103.53817504655493,68.78559999999999,0.6708480000000001
355280,55.589999999999996,44.410000000000004,103.51955307262568,68.79884,0.6709072
355360,55.58,44.42,103.50093109869646,68.81208,0.6709664000000001
355440,55.57,44.43,103.48230912476721,68.82531999999999,0.6710256000000001
355520,55.56,44.44,103.46368715083798,68.83856,0.6710848
355600,55.55,44.45,103.44506517690874,68.8518,0.6711440000000001
355680,55.54,44.46,103.42644320297951,68.86504,0.6712032000000001
355760,55.53,44.47,103.40782122905027,68.87828,0.6712624
355840,55.519999999999996,44.480000000000004,103.38919925512103,68.89151999999999,0.6713216
355920,55.51,44.49,103.3705772811918,68.90476,0.6713808
356000,55.5,44.5,103.35195530726256,68.91799999999999,0.67144
356080,55.49,44.51,103.33333333333333,68.93124,0.6714992000000001
356160,55.48,44.52,103.31471135940409,68.94448,0.6715584000000001
356240,55.47,44.53,103.29608938547486,68.95772,0.6716176
356320,55.46,44.54,103.27746741154562,68.97096,0.6716768000000001
356400,55.449999999999996,44.550000000000004,103.25884543761637,68.9842,0.6717360000000001
356480,55.44,44.56,103.24022346368714,68.99744,0.6717952
356560,55.43,44.57,103.2216014897579,69.01068,0.6718544000000001
356640,55.42,44.58,103.20297951582867,69.02391999999999,0.6719136000000001
356720,55.41,44.59,103.18435754189943,69.03716,0.6719728
356800,55.4,44.6,103.1657355679702,69.0504,0.6720320000000001
356880,55.39,44.61,103.14711359404096,69.06363999999999,0.6720912000000001
356960,55.38,44.62,103.12849162011173,69.07688,0.6721504
357040,55.37,44.63,103.10986964618249,69.09012,0.6722096000000001
357120,55.36,44.64,103.09124767225325,69.10336,0.6722688
357200,55.35,44.65,103.07262569832402,69.11659999999999,0.672328
357280,55.339999999999996,44.660000000000004,103.05400372439478,69.12984,0.6723872000000001
357360,55.33,44.67,103.03538175046555,69.14308,0.6724464000000001
357440,55.32,44.68,103.0167597765363,69.15632,0.6725056
357520,55.31,44.69,102.99813780260708,69.16956,0.6725648000000001
357600,55.3,44.7,102.97951582867783,69.1828,0.6726240000000001
357680,55.29,44.71,102.96089385474859,69.19604,0.6726832
357760,55.28,44.72,102.94227188081936,69.20927999999999,0.6727424000000001
357840,55.269999999999996,44.730000000000004,102.92364990689012,69.22251999999999,0.6728016
357920,55.26,44.74,102.90502793296088,69.23576,0.6728608
358000,55.25,44.75,102.88640595903165,69.249,0.67292
358080,55.24,44.76,102.86778398510242,69.26223999999999,0.6729792000000001
358160,55.23,44.77,102.84916201117318,69.27548,0.6730384
358240,55.22,44.78,102.83054003724394,69.28872,0.6730976000000001
358320,55.21,44.79,102.8119180633147,69.30196,0.6731568
358400,55.199999999999996,44.800000000000004,102.79329608938546,69.31519999999999,0.673216
358480,55.19,44.81,102.77467411545622,69.32844,0.6732752000000001
358560,55.18,44.82,102.756052141527,69.34168,0.6733344000000001
358640,55.17,44.83,102.73743016759776,69.35491999999999,0.6733936
358720,55.16,44.84,102.71880819366852,69.36816,0.6734528
358800,55.15,44.85,102.70018621973928,69.3814,0.673512
358880,55.14,44.86,102.68156424581005,69.39464,0.6735712
358960,55.13,44.87,102.66294227188082,69.40787999999999,0.6736304000000001
359040,55.12,44.88,102.64432029795157,69.42112,0.6736896
359120,55.11,44.89,102.62569832402234,69.43436,0.6737488
359200,55.1,44.9,102.60707635009311,69.4476,0.6738080000000001
359280,55.089999999999996,44.910000000000004,102.58845437616387,69.46083999999999,0.6738672000000001
359360,55.08,44.92,102.56983240223462,69.47408,0.6739264
359440,55.07,44.93,102.5512104283054,69.48732,0.6739856000000001
359520,55.06,44.94,102.53258845437617,69.50056000000001,0.6740448000000001
359600,55.05,44.95,102.51396648044691,69.51379999999999,0.674104
359680,55.04,44.96,102.49534450651768,69.52704,0.6741632000000001
359760,55.03,44.97,102.47672253258845,69.54028,0.6742224000000001
359840,55.019999999999996,44.980000000000004,102.45810055865921,69.55351999999999,0.6742816
359920,55.01,44.99,102.43947858472997,69.56676,0.6743408
360000,55.0,45.0,102.42085661080074,69.58,0.6744
360080,54.99,45.01,102.40223463687151,69.59324,0.6744592
360160,54.98,45.02,102.38361266294226,69.60648,0.6745184000000001
360240,54.97,45.03,102.36499068901303,69.61972,0.6745776000000001
360320,54.96,45.04,102.3463687150838,69.63296,0.6746368
360400,54.949999999999996,45.050000000000004,102.32774674115454,69.64620000000001,0.674696
360480,54.94,45.06,102.30912476722531,69.65943999999999,0.6747552000000001
360560,54.93,45.07,102.29050279329608,69.67267999999999,0.6748144
360640,54.92,45.08,102.27188081936686,69.68592,0.6748736000000001
360720,54.91,45.09,102.2532588454376,69.69915999999999,0.6749328
360800,54.9,45.1,102.23463687150837,69.71239999999999,0.674992
360880,54.89,45.11,102.21601489757914,69.72564,0.6750512000000001
360960,54.88,45.12,102.1973929236499,69.73888,0.6751104000000001
361040,54.87,45.13,102.17877094972066,69.75211999999999,0.6751696
361120,54.86,45.14,102.16014897579143,69.76536,0.6752288000000001
361200,54.85,45.15,102.14152700186219,69.7786,0.675288
361280,54.839999999999996,45.160000000000004,102.12290502793294,69.79184,0.6753472
361360,54.83,45.17,102.10428305400372,69.80508,0.6754064000000001
361440,54.82,45.18,102.08566108007449,69.81832,0.6754656000000001
361520,54.81,45.19,102.06703910614524,69.83156,0.6755248
361600,54.8,45.2,102.048417132216,69.8448,0.675584
361680,54.79,45.21,102.02979515828677,69.85804,0.6756432000000001
361760,54.78,45.22,102.01117318435753,69.87127999999998,0.6757024
361840,54.769999999999996,45.230000000000004,101.99255121042829,69.88452,0.6757616000000001
361920,54.76,45.24,101.97392923649906,69.89775999999999,0.6758208
362000,54.75,45.25,101.95530726256983,69.91099999999999,0.67588
362080,54.74,45.26,101.93668528864059,69.92424,0.6759392000000001
362160,54.73,45.27,101.91806331471135,69.93748,0.6759984000000001
362240,54.72,45.28,101.89944134078212,69.95071999999999,0.6760576
362320,54.71,45.29,101.88081936685288,69.96396,0.6761168000000001
362400,54.699999999999996,45.300000000000004,101.86219739292363,69.9772,0.676176
362480,54.69,45.31,101.8435754189944,69.99043999999999,0.6762352
362560,54.68,45.32,101.82495344506518,70.00368,0.6762944000000001
362640,54.67,45.33,101.80633147113593,70.01692,0.6763536000000001
362720,54.66,45.34,101.78770949720669,70.03016,0.6764128
362800,54.65,45.35,101.76908752327746,70.0434,0.676472
362880,54.64,45.36,101.75046554934822,70.05664,0.6765312000000001
362960,54.63,45.37,101.73184357541899,70.06987999999998,0.6765904
363040,54.62,45.38,101.71322160148975,70.08312,0.6766496000000001
363120,54.61,45.39,101.69459962756052,70.09635999999999,0.6767088
363200,54.6,45.4,101.67597765363128,70.1096,0.676768
363280,54.589999999999996,45.410000000000004,101.65735567970204,70.12284,0.6768272000000001
363360,54.58,45.42,101.63873370577281,70.13607999999999,0.6768864000000001
363440,54.57,45.43,101.62011173184356,70.14931999999999,0.6769456
363520,54.56,45.44,101.60148975791434,70.16256,0.6770048000000001
363600,54.55,45.45,101.5828677839851,70.1758,0.677064
363680,54.54,45.46,101.56424581005585,70.18904,0.6771232
363760,54.53,45.47,101.54562383612662,70.20228,0.6771824000000001
363840,54.519999999999996,45.480000000000004,101.52700186219738,70.21552,0.6772416
363920,54.51,45.49,101.50837988826815,70.22876,0.6773008
364000,54.5,45.5,101.48975791433891,70.242,0.67736
364080,54.49,45.51,101.47113594040968,70.25524,0.6774192000000001
364160,54.48,45.52,101.45251396648044,70.26847999999998,0.6774784
364240,54.47,45.53,101.4338919925512,70.28171999999999,0.6775376000000001
364320,54.46,45.54,101.41527001862197,70.29495999999999,0.6775968000000001
364400,54.449999999999996,45.550000000000004,101.39664804469272,70.3082,0.677656
364480,54.44,45.56,101.3780260707635,70.32144,0.6777152000000001
364560,54.43,45.57,101.35940409683425,70.33467999999999,0.6777744000000001
364640,54.42,45.58,101.34078212290503,70.34791999999999,0.6778336
364720,54.41,45.59,101.32216014897578,70.36116,0.6778928
364800,54.4,45.6,101.30353817504654,70.3744,0.677952
364880,54.39,45.61,101.28491620111731,70.38764,0.6780112
364960,54.38,45.62,101.26629422718808,70.40088,0.6780704000000001
365040,54.37,45.63,101.24767225325884,70.41412,0.6781296000000001
365120,54.36,45.64,101.2290502793296,70.42736,0.6781888
365200,54.35,45.65,101.21042830540037,70.4406,0.6782480000000001
365280,54.339999999999996,45.660000000000004,101.19180633147113,70.45384,0.6783072000000001
365360,54.33,45.67,101.17318435754188,70.46708000000001,0.6783664
365440,54.32,45.68,101.15456238361266,70.48031999999999,0.6784256000000001
365520,54.31,45.69,101.13594040968343,70.49355999999999,0.6784848000000001
365600,54.3,45.7,101.11731843575417,70.5068,0.678544
365680,54.29,45.71,101.09869646182494,70.52004,0.6786032000000001
365760,54.28,45.72,101.08007448789571,70.53327999999999,0.6786624000000001
365840,54.269999999999996,45.730000000000004,101.06145251396647,70.54651999999999,0.6787216
365920,54.26,45.74,101.04283054003723,70.55976,0.6787808000000001
366000,54.25,45.75,101.024208566108,70.573,0.67884
366080,54.24,45.76,101.00558659217877,70.58624,0.6788992
366160,54.23,45.77,100.98696461824952,70.59948,0.6789584000000001
366240,54.22,45.78,100.96834264432029,70.61272,0.6790176000000001
366320,54.21,45.79,100.94972067039106,70.62596,0.6790768
366400,54.199999999999996,45.800000000000004,100.93109869646182,70.6392,0.679136
366480,54.19,45.81,100.91247672253257,70.65244,0.6791952000000001
366560,54.18,45.82,100.89385474860335,70.66568000000001,0.6792544
366640,54.17,45.83,100.87523277467412,70.67891999999999,0.6793136000000001
366720,54.16,45.84,100.85661080074486,70.69215999999999,0.6793728
366800,54.15,45.85,100.83798882681563,70.7054,0.679432
366880,54.14,45.86,100.8193668528864,70.71864,0.6794912000000001
366960,54.13,45.87,100.80074487895716,70.73187999999999,0.6795504000000001
367040,54.12,45.88,100.78212290502792,70.74512,0.6796096
367120,54.11,45.89,100.76350093109869,70.75836,0.6796688000000001
367200,54.1,45.9,100.74487895716946,70.77159999999999,0.6797280000000001
367280,54.089999999999996,45.910000000000004,100.7262569832402,70.78484,0.6797872
367360,54.08,45.92,100.70763500931098,70.79808,0.6798464000000001
367440,54.07,45.93,100.68901303538175,70.81132,0.6799056000000001
367520,54.06,45.94,100.6703910614525,70.82456,0.6799648
367600,54.05,45.95,100.65176908752326,70.8378,0.680024
367680,54.04,45.96,100.63314711359403,70.85104,0.6800832000000001
367760,54.03,45.97,100.6145251396648,70.86428000000001,0.6801424
367840,54.019999999999996,45.980000000000004,100.59590316573555,70.87752,0.6802016000000001
367920,54.01,45.99,100.57728119180632,70.89075999999999,0.6802608
368000,54.0,46.0,100.55865921787709,70.904,0.68032
368080,53.99,46.01,100.54003724394785,70.91723999999999,0.6803792000000001
368160,53.98,46.02,100.52141527001861,70.93047999999999,0.6804384000000001
368240,53.97,46.03,100.50279329608938,70.94372,0.6804976
368320,53.96,46.04,100.48417132216015,70.95696,0.6805568000000001
368400,53.949999999999996,46.050000000000004,100.4655493482309,70.97019999999999,0.680616
368480,53.94,46.06,100.44692737430167,70.98344,0.6806752
368560,53.93,46.07,100.42830540037244,70.99668,0.6807344000000001
368640,53.92,46.08,100.4096834264432,71.00992,0.6807936000000001
368720,53.91,46.09,100.39106145251395,71.02316,0.6808528
368800,53.9,46.1,100.37243947858472,71.0364,0.680912
368880,53.89,46.11,100.3538175046555,71.04964,0.6809712000000001
368960,53.88,46.12,100.33519553072625,71.06288,0.6810304
369040,53.87,46.13,100.31657355679701,71.07612,0.6810896000000001
369120,53.86,46.14,100.29795158286778,71.08935999999999,0.6811488000000001
369200,53.85,46.15,100.27932960893854,71.1026,0.681208
369280,53.839999999999996,46.160000000000004,100.2607076350093,71.11583999999999,0.6812672
369360,53.83,46.17,100.24208566108007,71.12907999999999,0.6813264000000001
369440,53.82,46.18,100.22346368715083,71.14232,0.6813856
369520,53.81,46.19,100.2048417132216,71.15556,0.6814448000000001
369600,53.8,46.2,100.18621973929235,71.16879999999999,0.681504
369680,53.79,46.21,100.16759776536313,71.18204,0.6815632
369760,53.78,46.22,100.14897579143388,71.19528,0.6816224000000001
369840,53.769999999999996,46.230000000000004,100.13035381750464,71.20852,0.6816816000000001
369920,53.76,46.24,100.11173184357541,71.22176,0.6817408
370000,53.75,46.25,100.09310986964617,71.235,0.6818000000000001
370080,53.74,46.26,100.07448789571694,71.24824,0.6818592
370160,53.73,46.27,100.0558659217877,71.26148,0.6819184
370240,53.72,46.28,100.03724394785847,71.27472,0.6819776000000001
370320,53.71,46.29,100.01862197392923,71.28796,0.6820368000000001
370400,53.699999999999996,46.300000000000004,99.99999999999999,71.3012,0.682096
370480,53.69,46.31,99.98137802607076,71.31443999999999,0.6821552
370560,53.68,46.32,99.96275605214151,71.32767999999999,0.6822144000000001
370640,53.67,46.33,99.94413407821229,71.34092,0.6822736
370720,53.66,46.34,99.92551210428304,71.35416,0.6823328000000001
370800,53.65,46.35,99.90689013035382,71.36739999999999,0.682392
370880,53.64,46.36,99.88826815642457,71.38064,0.6824512
370960,53.63,46.37,99.86964618249534,71.39388,0.6825104000000001
371040,53.62,46.38,99.8510242085661,71.40711999999999,0.6825696000000001
371120,53.61,46.39,99.83240223463686,71.42036,0.6826288
371200,53.6,46.4,99.81378026070763,71.4336,0.6826880000000001
371280,53.589999999999996,46.410000000000004,99.79515828677839,71.44684,0.6827472
371360,53.58,46.42,99.77653631284915,71.46008,0.6828064
371440,53.57,46.43,99.75791433891992,71.47332,0.6828656000000001
371520,53.56,46.44,99.73929236499069,71.48656,0.6829248000000001
371600,53.55,46.45,99.72067039106145,71.4998,0.682984
371680,53.54,46.46,99.7020484171322,71.51303999999999,0.6830432
371760,53.53,46.47,99.68342644320298,71.52627999999999,0.6831024000000001
371840,53.519999999999996,46.480000000000004,99.66480446927373,71.53952,0.6831616
371920,53.51,46.49,99.64618249534449,71.55275999999999,0.6832208000000001
372000,53.5,46.5,99.62756052141526,71.56599999999999,0.6832800000000001
372080,53.49,46.51,99.60893854748603,71.57924,0.6833392
372160,53.48,46.52,99.59031657355679,71.59248,0.6833984000000001
372240,53.47,46.53,99.57169459962755,71.60571999999999,0.6834576000000001
372320,53.46,46.54,99.55307262569832,71.61896,0.6835168
372400,53.449999999999996,46.550000000000004,99.53445065176908,71.6322,0.683576
372480,53.44,46.56,99.51582867783983,71.64544,0.6836352
372560,53.43,46.57,99.4972067039106,71.65868,0.6836944
372640,53.42,46.58,99.47858472998138,71.67192,0.6837536000000001
372720,53.41,46.59,99.45996275605214,71.68516,0.6838128
372800,53.4,46.6,99.4413407821229,71.6984,0.683872
372880,53.39,46.61,99.42271880819366,71.71163999999999,0.6839312000000001
372960,53.38,46.62,99.40409683426444,71.72487999999998,0.6839904000000001
373040,53.37,46.63,99.38547486033518,71.73812,0.6840496
373120,53.36,46.64,99.36685288640595,71.75135999999999,0.6841088000000001
373200,53.35,46.65,99.34823091247672,71.7646,0.6841680000000001
373280,53.339999999999996,46.660000000000004,99.32960893854748,71.77784,0.6842272
373360,53.33,46.67,99.31098696461824,71.79108,0.6842864000000001
373440,53.32,46.68,99.29236499068901,71.80431999999999,0.6843456000000001
373520,53.31,46.69,99.27374301675978,71.81756,0.6844048
373600,53.3,46.7,99.25512104283052,71.8308,0.684464
373680,53.29,46.71,99.2364990689013,71.84404,0.6845232
373760,53.28,46.72,99.21787709497207,71.85728,0.6845824
373840,53.269999999999996,46.730000000000004,99.19925512104281,71.87052,0.6846416000000001
373920,53.26,46.74,99.18063314711358,71.88376,0.6847008000000001
374000,53.25,46.75,99.16201117318435,71.897,0.68476
374080,53.24,46.76,99.14338919925513,71.91023999999999,0.6848192000000001
374160,53.23,46.77,99.12476722532587,71.92347999999998,0.6848784000000001
374240,53.22,46.78,99.10614525139664,71.93672,0.6849376
374320,53.21,46.79,99.08752327746741,71.94995999999999,0.6849968000000001
374400,53.199999999999996,46.800000000000004,99.06890130353815,71.9632,0.685056
374480,53.19,46.81,99.05027932960893,71.97644,0.6851152
374560,53.18,46.82,99.0316573556797,71.98967999999999,0.6851744000000001
374640,53.17,46.83,99.01303538175046,72.00291999999999,0.6852336000000001
374720,53.16,46.84,98.99441340782121,72.01616,0.6852928
374800,53.15,46.85,98.97579143389198,72.0294,0.6853520000000001
374880,53.14,46.86,98.95716945996276,72.04264,0.6854112
374960,53.13,46.87,98.93854748603351,72.05588,0.6854704
375040,53.12,46.88,98.91992551210427,72.06912,0.6855296000000001
375120,53.11,46.89,98.90130353817504,72.08236,0.6855888000000001
375200,53.1,46.9,98.8826815642458,72.0956,0.685648
375280,53.089999999999996,46.910000000000004,98.86405959031656,72.10884,0.6857072
375360,53.08,46.92,98.84543761638733,72.12207999999998,0.6857664000000001
375440,53.07,46.93,98.8268156424581,72.13532,0.6858256
375520,53.06,46.94,98.80819366852886,72.14855999999999,0.6858848000000001
375600,53.05,46.95,98.78957169459962,72.1618,0.685944
375680,53.04,46.96,98.77094972067039,72.17504,0.6860032
375760,53.03,46.97,98.75232774674114,72.18827999999999,0.6860624000000001
375840,53.019999999999996,46.980000000000004,98.7337057728119,72.20151999999999,0.6861216000000001
375920,53.01,46.99,98.71508379888267,72.21476,0.6861808
376000,53.0,47.0,98.69646182495345,72.228,0.6862400000000001
376080,52.99,47.01,98.6778398510242,72.24124,0.6862992000000001
376160,52.98,47.02,98.65921787709496,72.25448,0.6863584
376240,52.97,47.03,98.64059590316573,72.26772,0.6864176000000001
376320,52.96,47.04,98.62197392923649,72.28096000000001,0.6864768000000001
376400,52.949999999999996,47.050000000000004,98.60335195530725,72.2942,0.686536
376480,52.94,47.06,98.58472998137802,72.30744,0.6865952
376560,52.93,47.07,98.56610800744879,72.32068,0.6866544000000001
376640,52.92,47.08,98.54748603351955,72.33391999999999,0.6867136
376720,52.91,47.09,98.5288640595903,72.34715999999999,0.6867728000000001
376800,52.9,47.1,98.51024208566108,72.3604,0.686832
376880,52.89,47.11,98.49162011173183,72.37364,0.6868912
376960,52.88,47.12,98.4729981378026,72.38687999999999,0.6869504000000001
377040,52.87,47.13,98.45437616387336,72.40012,0.6870096000000001
377120,52.86,47.14,98.43575418994412,72.41336,0.6870688
377200,52.85,47.15,98.41713221601489,72.4266,0.6871280000000001
377280,52.839999999999996,47.160000000000004,98.39851024208565,72.43984,0.6871872
377360,52.83,47.17,98.37988826815642,72.45308,0.6872464
377440,52.82,47.18,98.36126629422718,72.46632,0.6873056000000001
377520,52.81,47.19,98.34264432029795,72.47956,0.6873648000000001
377600,52.8,47.2,98.32402234636871,72.4928,0.687424
377680,52.79,47.21,98.30540037243946,72.50604,0.6874832000000001
377760,52.78,47.22,98.28677839851024,72.51928,0.6875424000000001
377840,52.769999999999996,47.230000000000004,98.268156424581,72.53251999999999,0.6876016
377920,52.76,47.24,98.24953445065177,72.54575999999999,0.6876608000000001
378000,52.75,47.25,98.23091247672252,72.559,0.6877200000000001
378080,52.74,47.26,98.2122905027933,72.57224,0.6877792
378160,52.73,47.27,98.19366852886405,72.58547999999999,0.6878384000000001
378240,52.72,47.28,98.17504655493481,72.59872,0.6878976000000001
378320,52.71,47.29,98.15642458100558,72.61196,0.6879568
378400,52.699999999999996,47.300000000000004,98.13780260707634,72.62519999999999,0.688016
378480,52.69,47.31,98.11918063314711,72.63844,0.6880752
378560,52.68,47.32,98.10055865921787,72.65168,0.6881344
378640,52.67,47.33,98.08193668528864,72.66492,0.6881936000000001
378720,52.66,47.34,98.0633147113594,72.67816,0.6882528000000001
378800,52.65,47.35,98.04469273743015,72.6914,0.688312
378880,52.64,47.36,98.02607076350093,72.70464,0.6883712000000001
378960,52.63,47.37,98.0074487895717,72.71788000000001,0.6884304000000001
379040,52.62,47.38,97.98882681564244,72.73111999999999,0.6884896
379120,52.61,47.39,97.97020484171321,72.74435999999999,0.6885488000000001
379200,52.6,47.4,97.95158286778398,72.7576,0.6886080000000001
379280,52.589999999999996,47.410000000000004,97.93296089385474,72.77083999999999,0.6886672
379360,52.58,47.42,97.9143389199255,72.78407999999999,0.6887264000000001
379440,52.57,47.43,97.89571694599627,72.79732,0.6887856000000001
379520,52.56,47.44,97.87709497206704,72.81056,0.6888448
379600,52.55,47.45,97.85847299813778,72.82379999999999,0.6889040000000001
379680,52.54,47.46,97.83985102420856,72.83704,0.6889632
379760,52.53,47.47,97.82122905027933,72.85028,0.6890224
379840,52.519999999999996,47.480000000000004,97.80260707635009,72.86352,0.6890816000000001
379920,52.51,47.49,97.78398510242084,72.87676,0.6891408000000001
380000,52.5,47.5,97.76536312849161,72.89,0.6892
380080,52.49,47.51,97.74674115456239,72.90324,0.6892592000000001
380160,52.48,47.52,97.72811918063313,72.91648,0.6893184
380240,52.47,47.53,97.7094972067039,72.92971999999999,0.6893776
380320,52.46,47.54,97.69087523277467,72.94295999999999,0.6894368000000001
380400,52.449999999999996,47.550000000000004,97.67225325884543,72.9562,0.689496
380480,52.44,47.56,97.65363128491619,72.96943999999999,0.6895552
380560,52.43,47.57,97.63500931098696,72.98267999999999,0.6896144
380640,52.42,47.58,97.61638733705773,72.99592,0.6896736000000001
380720,52.41,47.59,97.59776536312847,73.00916,0.6897328
380800,52.4,47.6,97.57914338919925,73.02239999999999,0.6897920000000001
380880,52.39,47.61,97.56052141527002,73.03564,0.6898512000000001
380960,52.38,47.62,97.54189944134077,73.04888,0.6899104
381040,52.37,47.63,97.52327746741153,73.06212,0.6899696000000001
381120,52.36,47.64,97.5046554934823,73.07536,0.6900288000000001
381200,52.35,47.65,97.48603351955308,73.0886,0.690088
381280,52.339999999999996,47.660000000000004,97.46741154562382,73.10184,0.6901472
381360,52.33,47.67,97.44878957169459,73.11508,0.6902064
381440,52.32,47.68,97.43016759776536,73.12832,0.6902656
381520,52.31,47.69,97.41154562383612,73.14155999999998,0.6903248000000001
381600,52.3,47.7,97.39292364990688,73.1548,0.690384
381680,52.29,47.71,97.37430167597765,73.16803999999999,0.6904432
381760,52.28,47.72,97.35567970204842,73.18127999999999,0.6905024000000001
381840,52.269999999999996,47.730000000000004,97.33705772811916,73.19452,0.6905616000000001
381920,52.26,47.74,97.31843575418993,73.20776,0.6906208
382000,52.25,47.75,97.2998137802607,73.22099999999999,0.6906800000000001
382080,52.24,47.76,97.28119180633146,73.23424,0.6907392000000001
382160,52.23,47.77,97.26256983240222,73.24748,0.6907984
382240,52.22,47.78,97.24394785847299,73.26071999999999,0.6908576000000001
382320,52.21,47.79,97.22532588454376,73.27396,0.6909168000000001
382400,52.199999999999996,47.800000000000004,97.20670391061451,73.2872,0.690976
382480,52.19,47.81,97.18808193668528,73.30044,0.6910352000000001
382560,52.18,47.82,97.16945996275605,73.31368,0.6910944
382640,52.17,47.83,97.15083798882681,73.32692,0.6911536
382720,52.16,47.84,97.13221601489757,73.34015999999998,0.6912128000000001
382800,52.15,47.85,97.11359404096834,73.3534,0.6912720000000001
382880,52.14,47.86,97.0949720670391,73.36663999999999,0.6913312
382960,52.129999999999995,47.870000000000005,97.07635009310985,73.37987999999999,0.6913904
383040,52.12,47.88,97.05772811918062,73.39312,0.6914496000000001
383120,52.11,47.89,97.0391061452514,73.40635999999999,0.6915088
383200,52.1,47.9,97.02048417132215,73.4196,0.6915680000000001
383280,52.089999999999996,47.910000000000004,97.00186219739291,73.43284,0.6916272
383360,52.08,47.92,96.98324022346368,73.44608,0.6916864
383440,52.07,47.93,96.96461824953444,73.45931999999999,0.6917456000000001
383520,52.06,47.94,96.94599627560521,73.47256,0.6918048000000001
383600,52.05,47.95,96.92737430167597,73.4858,0.691864
383680,52.04,47.96,96.90875232774674,73.49904000000001,0.6919232000000001
383760,52.03,47.97,96.8901303538175,73.51228,0.6919824
383840,52.019999999999996,47.980000000000004,96.87150837988825,73.52552,0.6920416
383920,52.01,47.99,96.85288640595903,73.53876,0.6921008000000001
384000,52.0,48.0,96.83426443202978,73.55199999999999,0.6921600000000001
384080,51.99,48.01,96.81564245810056,73.56523999999999,0.6922192
384160,51.98,48.02,96.79702048417131,73.57847999999998,0.6922784
384240,51.97,48.03,96.77839851024208,73.59172,0.6923376000000001
384320,51.96,48.04,96.75977653631284,73.60495999999999,0.6923968
384400,51.949999999999996,48.050000000000004,96.7411545623836,73.6182,0.6924560000000001
384480,51.94,48.06,96.72253258845437,73.63144,0.6925152
384560,51.93,48.07,96.70391061452513,73.64468,0.6925744
384640,51.92,48.08,96.6852886405959,73.65791999999999,0.6926336000000001
384720,51.91,48.09,96.66666666666666,73.67116,0.6926928000000001
384800,51.9,48.1,96.64804469273741,73.6844,0.692752
384880,51.89,48.11,96.62942271880819,73.69764,0.6928112000000001
384960,51.879999999999995,48.120000000000005,96.61080074487894,73.71088,0.6928704
385040,51.87,48.13,96.59217877094972,73.72412,0.6929296
385120,51.86,48.14,96.57355679702047,73.73736,0.6929888000000001
385200,51.85,48.15,96.55493482309124,73.75059999999999,0.6930480000000001
385280,51.839999999999996,48.160000000000004,96.536312849162,73.76383999999999,0.6931072
385360,51.83,48.17,96.51769087523276,73.77707999999998,0.6931664
385440,51.82,48.18,96.49906890130353,73.79032,0.6932256000000001
385520,51.81,48.19,96.4804469273743,73.80355999999999,0.6932848
385600,51.8,48.2,96.46182495344506,73.8168,0.6933440000000001
385680,51.79,48.21,96.44320297951582,73.83004,0.6934032000000001
385760,51.78,48.22,96.42458100558659,73.84328,0.6934624
385840,51.769999999999996,48.230000000000004,96.40595903165735,73.85651999999999,0.6935216000000001
385920,51.76,48.24,96.3873370577281,73.86976,0.6935808000000001
386000,51.75,48.25,96.36871508379888,73.883,0.69364
386080,51.74,48.26,96.35009310986965,73.89624,0.6936992000000001
386160,51.73,48.27,96.3314711359404,73.90948,0.6937584
386240,51.72,48.28,96.31284916201116,73.92272,0.6938176
386320,51.71,48.29,96.29422718808193,73.93596000000001,0.6938768000000001
386400,51.699999999999996,48.300000000000004,96.27560521415269,73.9492,0.693936
386480,51.69,48.31,96.25698324022345,73.96243999999999,0.6939952
386560,51.68,48.32,96.23836126629422,73.97568,0.6940544000000001
386640,51.67,48.33,96.21973929236499,73.98892,0.6941136000000001
386720,51.66,48.34,96.20111731843575,74.00215999999999,0.6941728
386800,51.65,48.35,96.1824953445065,74.0154,0.6942320000000001
386880,51.64,48.36,96.16387337057728,74.02864,0.6942912000000001
386960,51.629999999999995,48.370000000000005,96.14525139664804,74.04187999999999,0.6943504
387040,51.62,48.38,96.12662942271879,74.05512,0.6944096000000001
387120,51.61,48.39,96.10800744878956,74.06836,0.6944688000000001
387200,51.6,48.4,96.08938547486034,74.0816,0.694528
387280,51.589999999999996,48.410000000000004,96.07076350093108,74.09484,0.6945872000000001
387360,51.58,48.42,96.05214152700185,74.10808,0.6946464
387440,51.57,48.43,96.03351955307262,74.12132,0.6947056
387520,51.56,48.44,96.0148975791434,74.13456000000001,0.6947648000000001
387600,51.55,48.45,95.99627560521414,74.1478,0.6948240000000001
387680,51.54,48.46,95.97765363128491,74.16103999999999,0.6948832
387760,51.53,48.47,95.95903165735568,74.17428,0.6949424000000001
387840,51.519999999999996,48.480000000000004,95.94040968342642,74.18751999999999,0.6950016000000001
387920,51.51,48.49,95.9217877094972,74.20075999999999,0.6950608
388000,51.5,48.5,95.90316573556797,74.214,0.6951200000000001
388080,51.49,48.51,95.88454376163874,74.22724,0.6951792000000001
388160,51.48,48.52,95.86592178770948,74.24047999999999,0.6952384
388240,51.47,48.53,95.84729981378025,74.25372,0.6952976000000001
388320,51.46,48.54,95.82867783985103,74.26696,0.6953568000000001
388400,51.449999999999996,48.550000000000004,95.81005586592177,74.2802,0.695416
388480,51.44,48.56,95.79143389199254,74.29344,0.6954752000000001
388560,51.43,48.57,95.77281191806331,74.30668,0.6955344
388640,51.42,48.58,95.75418994413407,74.31992,0.6955936
388720,51.41,48.59,95.73556797020483,74.33316,0.6956528000000001
388800,51.4,48.6,95.7169459962756,74.3464,0.6957120000000001
388880,51.39,48.61,95.69832402234637,74.35964,0.6957712
388960,51.379999999999995,48.620000000000005,95.67970204841711,74.37288,0.6958304
389040,51.37,48.63,95.66108007448788,74.38611999999999,0.6958896000000001
389120,51.36,48.64,95.64245810055866,74.39935999999999,0.6959488
389200,51.35,48.65,95.62383612662941,74.4126,0.6960080000000001
389280,51.339999999999996,48.660000000000004,95.60521415270017,74.42584,0.6960672
389360,51.33,48.67,95.58659217877094,74.43907999999999,0.6961264
389440,51.32,48.68,95.56797020484171,74.45232,0.6961856000000001
389520,51.31,48.69,95.54934823091247,74.46556,0.6962448000000001
389600,51.3,48.7,95.53072625698323,74.47879999999999,0.696304
389680,51.29,48.71,95.512104283054,74.49204,0.6963632000000001
389760,51.28,48.72,95.49348230912476,74.50528,0.6964224000000001
389840,51.269999999999996,48.730000000000004,95.47486033519552,74.51852,0.6964816
389920,51.26,48.74,95.45623836126629,74.53176,0.6965408000000001
390000,51.25,48.75,95.43761638733706,74.545,0.6966000000000001
390080,51.24,48.76,95.41899441340782,74.55824,0.6966592
390160,51.23,48.77,95.40037243947857,74.57148,0.6967184
390240,51.22,48.78,95.38175046554935,74.58471999999999,0.6967776000000001
390320,51.21,48.79,95.3631284916201,74.59795999999999,0.6968368
390400,51.199999999999996,48.800000000000004,95.34450651769086,74.6112,0.6968960000000001
390480,51.19,48.81,95.32588454376163,74.62443999999999,0.6969552000000001
390560,51.18,48.82,95.30726256983239,74.63767999999999,0.6970144
390640,51.17,48.83,95.28864059590316,74.65092,0.6970736000000001
390720,51.16,48.84,95.27001862197392,74.66416,0.6971328000000001
390800,51.15,48.85,95.25139664804469,74.67739999999999,0.697192
390880,51.14,48.86,95.23277467411545,74.69064,0.6972512000000001
390960,51.129999999999995,48.870000000000005,95.2141527001862,74.70388,0.6973104
391040,51.12,48.88,95.19553072625698,74.71712,0.6973696
391120,51.11,48.89,95.17690875232773,74.73036,0.6974288000000001
391200,51.1,48.9,95.1582867783985,74.7436,0.6974880000000001
391280,51.089999999999996,48.910000000000004,95.13966480446926,74.75684,0.6975472
391360,51.08,48.92,95.12104283054003,74.77008000000001,0.6976064000000001
391440,51.07,48.93,95.10242085661079,74.78331999999999,0.6976656
391520,51.06,48.94,95.08379888268156,74.79655999999999,0.6977248
391600,51.05,48.95,95.06517690875232,74.8098,0.6977840000000001
391680,51.04,48.96,95.04655493482308,74.82303999999999,0.6978432000000001
391760,51.03,48.97,95.02793296089385,74.83627999999999,0.6979024
391840,51.019999999999996,48.980000000000004,95.0093109869646,74.84952,0.6979616
391920,51.01,48.99,94.99068901303538,74.86276,0.6980208000000001
392000,51.0,49.0,94.97206703910614,74.87599999999999,0.69808
392080,50.99,49.01,94.95344506517691,74.88924,0.6981392000000001
392160,50.98,49.02,94.93482309124767,74.90248,0.6981984
392240,50.97,49.03,94.91620111731842,74.91572,0.6982576
392320,50.96,49.04,94.8975791433892,74.92896,0.6983168000000001
392400,50.949999999999996,49.050000000000004,94.87895716945995,74.9422,0.6983760000000001
392480,50.94,49.06,94.86033519553072,74.95544,0.6984352
392560,50.93,49.07,94.84171322160148,74.96868,0.6984944000000001
392640,50.92,49.08,94.82309124767225,74.98191999999999,0.6985536
392720,50.91,49.09,94.80446927374301,74.99515999999998,0.6986128
392800,50.9,49.1,94.78584729981377,75.0084,0.6986720000000001
392880,50.89,49.11,94.76722532588454,75.02163999999999,0.6987312000000001
392960,50.879999999999995,49.120000000000005,94.7486033519553,75.03487999999999,0.6987904
393040,50.87,49.13,94.72998137802605,75.04812,0.6988496
393120,50.86,49.14,94.71135940409683,75.06136,0.6989088000000001
393200,50.85,49.15,94.6927374301676,75.0746,0.698968
393280,50.839999999999996,49.160000000000004,94.67411545623835,75.08784,0.6990272000000001
393360,50.83,49.17,94.65549348230911,75.10108,0.6990864
393440,50.82,49.18,94.63687150837988,75.11431999999999,0.6991456
393520,50.81,49.19,94.61824953445065,75.12756,0.6992048000000001
393600,50.8,49.2,94.5996275605214,75.1408,0.6992640000000001
393680,50.79,49.21,94.58100558659217,75.15404000000001,0.6993232
393760,50.78,49.22,94.56238361266294,75.16728,0.6993824000000001
393840,50.769999999999996,49.230000000000004,94.5437616387337,75.18051999999999,0.6994416
393920,50.76,49.24,94.52513966480446,75.19376,0.6995008
394000,50.75,49.25,94.50651769087523,75.207,0.6995600000000001
394080,50.74,49.26,94.487895716946,75.22023999999999,0.6996192000000001
394160,50.73,49.27,94.46927374301674,75.23347999999999,0.6996784
394240,50.72,49.28,94.45065176908751,75.24672,0.6997376
394320,50.71,49.29,94.43202979515829,75.25995999999999,0.6997968000000001
394400,50.699999999999996,49.300000000000004,94.41340782122904,75.2732,0.699856
394480,50.69,49.31,94.3947858472998,75.28644,0.6999152000000001
394560,50.68,49.32,94.37616387337057,75.29968,0.6999744000000001
394640,50.67,49.33,94.35754189944134,75.31291999999999,0.7000336
394720,50.66,49.34,94.33891992551209,75.32616,0.7000928000000001
394800,50.65,49.35,94.32029795158286,75.3394,0.7001520000000001
394880,50.64,49.36,94.30167597765363,75.35264000000001,0.7002112
394960,50.629999999999995,49.370000000000005,94.28305400372437,75.36588,0.7002704
395040,50.62,49.38,94.26443202979515,75.37912,0.7003296
395120,50.61,49.39,94.24581005586592,75.39236,0.7003888
395200,50.6,49.4,94.22718808193669,75.40559999999999,0.7004480000000001
395280,50.589999999999996,49.410000000000004,94.20856610800743,75.41883999999999,0.7005072000000001
395360,50.58,49.42,94.1899441340782,75.43207999999998,0.7005664
395440,50.57,49.43,94.17132216014897,75.44532,0.7006256000000001
395520,50.56,49.44,94.15270018621973,75.45855999999999,0.7006848000000001
395600,50.55,49.45,94.13407821229049,75.4718,0.700744
395680,50.54,49.46,94.11545623836126,75.48504,0.7008032000000001
395760,50.53,49.47,94.09683426443203,75.49828,0.7008624000000001
395840,50.519999999999996,49.480000000000004,94.07821229050278,75.51151999999999,0.7009216
395920,50.51,49.49,94.05959031657355,75.52476,0.7009808000000001
396000,50.5,49.5,94.04096834264432,75.538,0.7010400000000001
396080,50.49,49.51,94.02234636871508,75.55124,0.7010992
396160,50.48,49.52,94.00372439478583,75.56448,0.7011584000000001
396240,50.47,49.53,93.9851024208566,75.57772,0.7012176
396320,50.46,49.54,93.96648044692736,75.59096,0.7012768
396400,50.449999999999996,49.550000000000004,93.94785847299812,75.60419999999999,0.7013360000000001
396480,50.44,49.56,93.92923649906889,75.61743999999999,0.7013952000000001
396560,50.43,49.57,93.91061452513966,75.63068,0.7014544
396640,50.42,49.58,93.89199255121042,75.64392,0.7015136000000001
396720,50.41,49.59,93.87337057728118,75.65715999999999,0.7015728000000001
396800,50.4,49.6,93.85474860335195,75.6704,0.701632
396880,50.39,49.61,93.83612662942271,75.68364,0.7016912000000001
396960,50.379999999999995,49.620000000000005,93.81750465549347,75.69688,0.7017504
397040,50.37,49.63,93.79888268156424,75.71012,0.7018096
397120,50.36,49.64,93.78026070763501,75.72336,0.7018688000000001
397200,50.35,49.65,93.76163873370577,75.7366,0.7019280000000001
397280,50.339999999999996,49.660000000000004,93.74301675977652,75.74984,0.7019872
397360,50.33,49.67,93.7243947858473,75.76308,0.7020464000000001
397440,50.32,49.68,93.70577281191805,75.77632,0.7021056
397520,50.31,49.69,93.68715083798882,75.78956000000001,0.7021648
397600,50.3,49.7,93.66852886405958,75.80279999999999,0.7022240000000001
397680,50.29,49.71,93.64990689013035,75.81603999999999,0.7022832000000001
397760,50.28,49.72,93.63128491620111,75.82928,0.7023424
397840,50.269999999999996,49.730000000000004,93.61266294227187,75.84252,0.7024016
397920,50.26,49.74,93.59404096834264,75.85575999999999,0.7024608000000001
398000,50.25,49.75,93.5754189944134,75.869,0.70252
398080,50.24,49.76,93.55679702048417,75.88224,0.7025792000000001
398160,50.23,49.77,93.53817504655493,75.89547999999999,0.7026384
398240,50.22,49.78,93.51955307262568,75.90872,0.7026976
398320,50.21,49.79,93.50093109869646,75.92196,0.7027568000000001
398400,50.199999999999996,49.800000000000004,93.48230912476721,75.9352,0.7028160000000001
398480,50.19,49.81,93.46368715083798,75.94844,0.7028752
398560,50.18,49.82,93.44506517690874,75.96168,0.7029344000000001
398640,50.17,49.83,93.42644320297951,75.97492,0.7029936000000001
398720,50.16,49.84,93.40782122905027,75.98816000000001,0.7030528
398800,50.15,49.85,93.38919925512103,76.00139999999999,0.7031120000000001
398880,50.14,49.86,93.3705772811918,76.01463999999999,0.7031712000000001
398960,50.129999999999995,49.870000000000005,93.35195530726256,76.02788,0.7032304
399040,50.12,49.88,93.33333333333333,76.04111999999999,0.7032896
399120,50.11,49.89,93.31471135940409,76.05435999999999,0.7033488000000001
399200,50.1,49.9,93.29608938547486,76.0676,0.703408
399280,50.089999999999996,49.910000000000004,93.27746741154562,76.08084,0.7034672000000001
399360,50.08,49.92,93.25884543761637,76.09407999999999,0.7035264000000001
399440,50.07,49.93,93.24022346368714,76.10732,0.7035856
399520,50.06,49.94,93.22160148975792,76.12056,0.7036448000000001
399600,50.05,49.95,93.20297951582867,76.1338,0.7037040000000001
399680,50.04,49.96,93.18435754189943,76.14704,0.7037632
399760,50.03,49.97,93.1657355679702,76.16028,0.7038224000000001
399840,50.019999999999996,49.980000000000004,93.14711359404096,76.17352,0.7038816
399920,50.01,49.99,93.12849162011172,76.18676,0.7039408
400000,50.0,50.0,93.10986964618249,76.2,0.704
400080,49.99,50.01,93.09124767225326,76.21323999999998,0.7040592
400160,49.98,50.02,93.07262569832402,76.22648,0.7041184
400240,49.97,50.03,93.05400372439478,76.23971999999999,0.7041776000000001
400320,49.96,50.04,93.03538175046555,76.25295999999999,0.7042368000000001
400400,49.949999999999996,50.050000000000004,93.0167597765363,76.2662,0.704296
400480,49.94,50.06,92.99813780260706,76.27944,0.7043552000000001
400560,49.93,50.07,92.97951582867783,76.29267999999999,0.7044144000000001
400640,49.92,50.08,92.9608938547486,76.30592,0.7044736
400720,49.91,50.09,92.94227188081935,76.31916,0.7045328
400800,49.9,50.1,92.92364990689012,76.33239999999999,0.704592
400880,49.89,50.11,92.90502793296089,76.34564,0.7046512
400960,49.879999999999995,50.120000000000005,92.88640595903165,76.35888,0.7047104000000001
401040,49.87,50.13,92.8677839851024,76.37212,0.7047696000000001
401120,49.86,50.14,92.84916201117318,76.38536,0.7048288
401200,49.85,50.15,92.83054003724395,76.3986,0.7048880000000001
401280,49.839999999999996,50.160000000000004,92.81191806331469,76.41183999999998,0.7049472000000001
401360,49.83,50.17,92.79329608938546,76.42508,0.7050064
401440,49.82,50.18,92.77467411545624,76.43831999999999,0.7050656000000001
401520,49.81,50.19,92.75605214152701,76.45155999999999,0.7051248
401600,49.8,50.2,92.73743016759775,76.4648,0.705184
401680,49.79,50.21,92.71880819366852,76.47804,0.7052432
401760,49.78,50.22,92.7001862197393,76.49127999999999,0.7053024000000001
401840,49.769999999999996,50.230000000000004,92.68156424581004,76.50452,0.7053616
401920,49.76,50.24,92.66294227188081,76.51776,0.7054208000000001
402000,49.75,50.25,92.64432029795158,76.53099999999999,0.7054800000000001
402080,49.74,50.26,92.62569832402234,76.54424,0.7055392
402160,49.73,50.27,92.6070763500931,76.55748,0.7055984000000001
402240,49.72,50.28,92.58845437616387,76.57072,0.7056576
402320,49.71,50.29,92.56983240223464,76.58396,0.7057168
402400,49.699999999999996,50.300000000000004,92.55121042830538,76.5972,0.705776
402480,49.69,50.31,92.53258845437615,76.61044,0.7058352
402560,49.68,50.32,92.51396648044692,76.62368,0.7058944000000001
402640,49.67,50.33,92.49534450651768,76.63691999999999,0.7059536000000001
402720,49.66,50.34,92.47672253258844,76.65015999999999,0.7060128000000001
402800,49.65,50.35,92.45810055865921,76.6634,0.706072
402880,49.64,50.36,92.43947858472998,76.67663999999999,0.7061312000000001
402960,49.629999999999995,50.370000000000005,92.42085661080073,76.68987999999999,0.7061904
403040,49.62,50.38,92.4022346368715,76.70312,0.7062496
403120,49.61,50.39,92.38361266294227,76.71636,0.7063088
403200,49.6,50.4,92.36499068901303,76.7296,0.706368
403280,49.589999999999996,50.410000000000004,92.34636871508378,76.74284,0.7064272
403360,49.58,50.42,92.32774674115456,76.75608,0.7064864000000001
403440,49.57,50.43,92.30912476722533,76.76932,0.7065456000000001
403520,49.56,50.44,92.29050279329608,76.78256,0.7066048
403600,49.55,50.45,92.27188081936684,76.7958,0.7066640000000001
403680,49.54,50.46,92.25325884543761,76.80904000000001,0.7067232000000001
403760,49.53,50.47,92.23463687150837,76.82227999999999,0.7067824
403840,49.519999999999996,50.480000000000004,92.21601489757913,76.83551999999999,0.7068416
403920,49.51,50.49,92.1973929236499,76.84876,0.7069008
404000,49.5,50.5,92.17877094972066,76.862,0.70696
404080,49.49,50.51,92.16014897579143,76.87523999999999,0.7070192
404160,49.48,50.52,92.14152700186219,76.88847999999999,0.7070784000000001
404240,49.47,50.53,92.12290502793296,76.90172,0.7071376
404320,49.46,50.54,92.10428305400372,76.91496,0.7071968000000001
404400,49.449999999999996,50.550000000000004,92.08566108007447,76.9282,0.7072560000000001
404480,49.44,50.56,92.06703910614524,76.94144,0.7073152
404560,49.43,50.57,92.048417132216,76.95468,0.7073744000000001
404640,49.42,50.58,92.02979515828677,76.96791999999999,0.7074336000000001
404720,49.41,50.59,92.01117318435753,76.98116,0.7074928
404800,49.4,50.6,91.9925512104283,76.9944,0.707552
404880,49.39,50.61,91.97392923649906,77.00764000000001,0.7076112
404960,49.379999999999995,50.620000000000005,91.95530726256982,77.02088,0.7076704
405040,49.37,50.63,91.93668528864059,77.03411999999999,0.7077296000000001
405120,49.36,50.64,91.91806331471135,77.04736,0.7077888000000001
405200,49.35,50.65,91.89944134078212,77.0606,0.707848
405280,49.339999999999996,50.660000000000004,91.88081936685288,77.07383999999999,0.7079072000000001
405360,49.33,50.67,91.86219739292365,77.08707999999999,0.7079664000000001
405440,49.32,50.68,91.8435754189944,77.10032,0.7080256
405520,49.31,50.69,91.82495344506518,77.11355999999999,0.7080848000000001
405600,49.3,50.7,91.80633147113593,77.1268,0.708144
405680,49.29,50.71,91.78770949720669,77.14004,0.7082032
405760,49.28,50.72,91.76908752327746,77.15328,0.7082624000000002
405840,49.269999999999996,50.730000000000004,91.75046554934822,77.16651999999999,0.7083216000000001
405920,49.26,50.74,91.73184357541899,77.17976,0.7083808
406000,49.25,50.75,91.71322160148975,77.193,0.7084400000000001
406080,49.24,50.76,91.69459962756052,77.20624000000001,0.7084992000000001
406160,49.23,50.77,91.67597765363128,77.21948,0.7085584
406240,49.22,50.78,91.65735567970204,77.23271999999999,0.7086176000000001
406320,49.21,50.79,91.63873370577281,77.24596,0.7086768
406400,49.199999999999996,50.800000000000004,91.62011173184356,77.25919999999999,0.708736
406480,49.19,50.81,91.60148975791432,77.27243999999999,0.7087952
406560,49.18,50.82,91.5828677839851,77.28568,0.7088544000000001
406640,49.17,50.83,91.56424581005587,77.29892,0.7089136000000001
406720,49.16,50.84,91.54562383612662,77.31215999999999,0.7089728000000001
406800,49.15,50.85,91.52700186219738,77.3254,0.7090320000000001
406880,49.14,50.86,91.50837988826815,77.33864,0.7090912
406960,49.129999999999995,50.870000000000005,91.48975791433891,77.35188,0.7091504000000001
407040,49.12,50.88,91.47113594040967,77.36512,0.7092096
407120,49.11,50.89,91.45251396648044,77.37836,0.7092688
407200,49.1,50.9,91.43389199255121,77.3916,0.7093280000000001
407280,49.089999999999996,50.910000000000004,91.41527001862197,77.40484000000001,0.7093872
407360,49.08,50.92,91.39664804469272,77.41808,0.7094464000000001
407440,49.07,50.93,91.3780260707635,77.43131999999999,0.7095056000000001
407520,49.06,50.94,91.35940409683427,77.44456,0.7095648000000001
407600,49.05,50.95,91.34078212290501,77.45779999999999,0.709624
407680,49.04,50.96,91.32216014897578,77.47103999999999,0.7096832000000001
407760,49.03,50.97,91.30353817504655,77.48428,0.7097424000000001
407840,49.019999999999996,50.980000000000004,91.28491620111731,77.49752,0.7098016
407920,49.01,50.99,91.26629422718807,77.51075999999999,0.7098608
408000,49.0,51.0,91.24767225325884,77.524,0.70992
408080,48.99,51.01,91.22905027932961,77.53724,0.7099792
408160,48.98,51.02,91.21042830540036,77.55048,0.7100384
408240,48.97,51.03,91.19180633147113,77.56372,0.7100976000000001
408320,48.96,51.04,91.1731843575419,77.57696,0.7101568
408400,48.949999999999996,51.050000000000004,91.15456238361264,77.5902,0.7102160000000001
408480,48.94,51.06,91.13594040968341,77.60344,0.7102752000000001
408560,48.93,51.07,91.11731843575419,77.61668,0.7103344
408640,48.92,51.08,91.09869646182496,77.62992,0.7103936000000001
408720,48.91,51.09,91.0800744878957,77.64316,0.7104528
408800,48.9,51.1,91.06145251396647,77.65639999999999,0.710512
408880,48.89,51.11,91.04283054003724,77.66963999999999,0.7105712
408960,48.879999999999995,51.120000000000005,91.02420856610799,77.68288,0.7106304
409040,48.87,51.13,91.00558659217876,77.69612,0.7106896
409120,48.86,51.14,90.98696461824953,77.70935999999999,0.7107488000000001
409200,48.85,51.15,90.9683426443203,77.7226,0.7108080000000001
409280,48.839999999999996,51.160000000000004,90.94972067039105,77.73584,0.7108672
409360,48.83,51.17,90.93109869646182,77.74907999999999,0.7109264000000001
409440,48.82,51.18,90.91247672253259,77.76232,0.7109856000000001
409520,48.81,51.19,90.89385474860335,77.77556,0.7110448
409600,48.8,51.2,90.8752327746741,77.7888,0.711104
409680,48.79,51.21,90.85661080074487,77.80204,0.7111632
409760,48.78,51.22,90.83798882681563,77.81528,0.7112224
409840,48.769999999999996,51.230000000000004,90.81936685288639,77.82852,0.7112816000000001
409920,48.76,51.24,90.80074487895716,77.84176,0.7113408000000001
410000,48.75,51.25,90.78212290502793,77.85499999999999,0.7114
410080,48.74,51.26,90.76350093109869,77.86823999999999,0.7114592000000001
410160,48.73,51.27,90.74487895716945,77.88148,0.7115184000000001
410240,48.72,51.28,90.72625698324022,77.89471999999999,0.7115776
410320,48.71,51.29,90.70763500931098,77.90795999999999,0.7116368000000001
410400,48.699999999999996,51.300000000000004,90.68901303538173,77.9212,0.711696
410480,48.69,51.31,90.6703910614525,77.93444,0.7117552
410560,48.68,51.32,90.65176908752328,77.94767999999999,0.7118144
410640,48.67,51.33,90.63314711359403,77.96092,0.7118736000000001
410720,48.66,51.34,90.61452513966479,77.97416,0.7119328
410800,48.65,51.35,90.59590316573556,77.9874,0.7119920000000001
410880,48.64,51.36,90.57728119180632,78.00064,0.7120512000000001
410960,48.629999999999995,51.370000000000005,90.55865921787708,78.01388,0.7121104
411040,48.62,51.38,90.54003724394785,78.02712,0.7121696000000001
411120,48.61,51.39,90.52141527001862,78.04036,0.7122288
411200,48.6,51.4,90.50279329608938,78.05359999999999,0.712288
411280,48.589999999999996,51.410000000000004,90.48417132216014,78.06683999999998,0.7123472
411360,48.58,51.42,90.46554934823091,78.08008,0.7124064
411440,48.57,51.43,90.44692737430167,78.09331999999999,0.7124656000000001
411520,48.56,51.44,90.42830540037244,78.10655999999999,0.7125248000000001
411600,48.55,51.45,90.4096834264432,78.1198,0.7125840000000001
411680,48.54,51.46,90.39106145251397,78.13304,0.7126432
411760,48.53,51.47,90.37243947858472,78.14627999999999,0.7127024000000001
411840,48.519999999999996,51.480000000000004,90.35381750465548,78.15952,0.7127616
411920,48.51,51.49,90.33519553072625,78.17276,0.7128208
412000,48.5,51.5,90.31657355679701,78.18599999999999,0.71288
412080,48.49,51.51,90.29795158286778,78.19924,0.7129392
412160,48.48,51.52,90.27932960893854,78.21248,0.7129984
412240,48.47,51.53,90.2607076350093,78.22572,0.7130576000000001
412320,48.46,51.54,90.24208566108007,78.23896,0.7131168000000001
412400,48.449999999999996,51.550000000000004,90.22346368715083,78.25219999999999,0.713176
412480,48.44,51.56,90.2048417132216,78.26543999999998,0.7132352000000001
412560,48.43,51.57,90.18621973929235,78.27868,0.7132944000000001
412640,48.42,51.58,90.16759776536313,78.29191999999999,0.7133536
412720,48.41,51.59,90.14897579143388,78.30515999999999,0.7134128
412800,48.4,51.6,90.13035381750464,78.3184,0.713472
412880,48.39,51.61,90.11173184357541,78.33164,0.7135312
412960,48.379999999999995,51.620000000000005,90.09310986964617,78.34487999999999,0.7135904
413040,48.37,51.63,90.07448789571694,78.35812,0.7136496000000001
413120,48.36,51.64,90.0558659217877,78.37136,0.7137088
413200,48.35,51.65,90.03724394785847,78.3846,0.7137680000000001
413280,48.339999999999996,51.660000000000004,90.01862197392923,78.39784,0.7138272000000001
413360,48.33,51.67,89.99999999999999,78.41108,0.7138864
413440,48.32,51.68,89.98137802607076,78.42432,0.7139456000000001
413520,48.31,51.69,89.96275605214153,78.43756,0.7140048000000001
413600,48.3,51.7,89.94413407821229,78.4508,0.714064
413680,48.29,51.71,89.92551210428304,78.46403999999998,0.7141232
413760,48.28,51.72,89.90689013035382,78.47728,0.7141824
413840,48.269999999999996,51.730000000000004,89.88826815642457,78.49051999999999,0.7142416
413920,48.26,51.74,89.86964618249533,78.50376,0.7143008000000001
414000,48.25,51.75,89.8510242085661,78.517,0.7143600000000001
414080,48.24,51.76,89.83240223463687,78.53023999999999,0.7144192
414160,48.23,51.77,89.81378026070762,78.54347999999999,0.7144784000000001
414240,48.22,51.78,89.79515828677839,78.55672,0.7145376000000001
414320,48.21,51.79,89.77653631284916,78.56996,0.7145968
414400,48.199999999999996,51.800000000000004,89.75791433891992,78.5832,0.714656
414480,48.19,51.81,89.73929236499067,78.59644,0.7147152
414560,48.18,51.82,89.72067039106145,78.60968,0.7147744
414640,48.17,51.83,89.70204841713222,78.62292,0.7148336000000002
414720,48.16,51.84,89.68342644320296,78.63616,0.7148928000000001
414800,48.15,51.85,89.66480446927373,78.6494,0.714952
414880,48.14,51.86,89.6461824953445,78.66263999999998,0.7150112000000001
414960,48.129999999999995,51.870000000000005,89.62756052141526,78.67587999999999,0.7150704000000001
415040,48.12,51.88,89.60893854748602,78.68911999999999,0.7151296
415120,48.11,51.89,89.59031657355679,78.70236,0.7151888000000001
415200,48.1,51.9,89.57169459962756,78.7156,0.7152480000000001
415280,48.089999999999996,51.910000000000004,89.5530726256983,78.72883999999999,0.7153072
415360,48.08,51.92,89.53445065176908,78.74207999999999,0.7153664
415440,48.07,51.93,89.51582867783985,78.75532,0.7154256000000001
415520,48.06,51.94,89.4972067039106,78.76856,0.7154848000000001
415600,48.05,51.95,89.47858472998136,78.7818,0.7155440000000001
415680,48.04,51.96,89.45996275605214,78.79504,0.7156032000000001
415760,48.03,51.97,89.44134078212291,78.80828,0.7156624
415840,48.019999999999996,51.980000000000004,89.42271880819365,78.82151999999999,0.7157216000000001
415920,48.01,51.99,89.40409683426442,78.83476,0.7157808
416000,48.0,52.0,89.3854748603352,78.848,0.71584
416080,47.99,52.01,89.36685288640595,78.86124000000001,0.7158992000000001
416160,47.98,52.02,89.34823091247671,78.87447999999999,0.7159584
416240,47.97,52.03,89.32960893854748,78.88771999999999,0.7160176000000001
416320,47.96,52.04,89.31098696461825,78.90096,0.7160768000000001
416400,47.949999999999996,52.050000000000004,89.292364990689,78.9142,0.7161360000000001
416480,47.94,52.06,89.27374301675977,78.92743999999999,0.7161952
416560,47.93,52.07,89.25512104283054,78.94068,0.7162544000000001
416640,47.92,52.08,89.2364990689013,78.95392,0.7163136000000001
416720,47.91,52.09,89.21787709497205,78.96715999999999,0.7163728
416800,47.9,52.1,89.19925512104282,78.9804,0.716432
416880,47.89,52.11,89.1806331471136,78.99364,0.7164912
416960,47.879999999999995,52.120000000000005,89.16201117318434,79.00688,0.7165504
417040,47.87,52.13,89.14338919925511,79.02012,0.7166096000000001
417120,47.86,52.14,89.12476722532588,79.03336,0.7166688000000001
417200,47.85,52.15,89.10614525139664,79.0466,0.716728
417280,47.839999999999996,52.160000000000004,89.0875232774674,79.05984000000001,0.7167872000000001
417360,47.83,52.17,89.06890130353817,79.07307999999999,0.7168464000000001
417440,47.82,52.18,89.05027932960893,79.08631999999999,0.7169056
417520,47.81,52.19,89.0316573556797,79.09956,0.7169648000000001
417600,47.8,52.2,89.01303538175046,79.1128,0.717024
417680,47.79,52.21,88.99441340782123,79.12603999999999,0.7170832
417760,47.78,52.22,88.97579143389198,79.13928,0.7171424
417840,47.769999999999996,52.230000000000004,88.95716945996274,79.15252,0.7172016000000001
417920,47.76,52.24,88.93854748603351,79.16575999999999,0.7172608
418000,47.75,52.25,88.91992551210427,79.179,0.7173200000000001
418080,47.74,52.26,88.90130353817504,79.19224,0.7173792000000001
418160,47.73,52.27,88.8826815642458,79.20548,0.7174384
418240,47.72,52.28,88.86405959031657,79.21872,0.7174976000000001
418320,47.71,52.29,88.84543761638733,79.23196,0.7175568000000001
418400,47.699999999999996,52.300000000000004,88.82681564245809,79.2452,0.717616
418480,47.69,52.31,88.80819366852886,79.25844000000001,0.7176752
418560,47.68,52.32,88.78957169459962,79.27168,0.7177344
418640,47.67,52.33,88.77094972067039,79.28491999999999,0.7177936
418720,47.66,52.34,88.75232774674114,79.29816,0.7178528000000001
418800,47.65,52.35,88.73370577281192,79.31139999999999,0.7179120000000001
418880,47.64,52.36,88.71508379888267,79.32463999999999,0.7179712
418960,47.629999999999995,52.370000000000005,88.69646182495343,79.33788,0.7180304000000001
419040,47.62,52.38,88.6778398510242,79.35112,0.7180896000000001
419120,47.61,52.39,88.65921787709496,79.36435999999999,0.7181488
419200,47.6,52.4,88.64059590316573,79.3776,0.7182080000000001
419280,47.589999999999996,52.410000000000004,88.62197392923649,79.39084,0.7182672
419360,47.58,52.42,88.60335195530726,79.40408,0.7183264
419440,47.57,52.43,88.58472998137802,79.41732,0.7183856
419520,47.56,52.44,88.56610800744879,79.43056,0.7184448000000001
419600,47.55,52.45,88.54748603351955,79.4438,0.718504
419680,47.54,52.46,88.5288640595903,79.45704,0.7185632000000001
419760,47.53,52.47,88.51024208566108,79.47028,0.7186224000000001
419840,47.519999999999996,52.480000000000004,88.49162011173183,79.48351999999998,0.7186816
419920,47.51,52.49,88.47299813780259,79.49676,0.7187408000000001
420000,47.5,52.5,88.45437616387336,79.50999999999999,0.7188000000000001
420080,47.49,52.51,88.43575418994413,79.52323999999999,0.7188592
420160,47.48,52.52,88.41713221601489,79.53648,0.7189184
420240,47.47,52.53,88.39851024208565,79.54972,0.7189776
420320,47.46,52.54,88.37988826815642,79.56295999999999,0.7190368000000001
420400,47.449999999999996,52.550000000000004,88.36126629422718,79.5762,0.7190960000000001
420480,47.44,52.56,88.34264432029794,79.58944,0.7191552000000001
420560,47.43,52.57,88.32402234636871,79.60267999999999,0.7192144
420640,47.42,52.58,88.30540037243948,79.61592,0.7192736000000001
420720,47.41,52.59,88.28677839851024,79.62916,0.7193328
420800,47.4,52.6,88.268156424581,79.6424,0.719392
420880,47.39,52.61,88.24953445065177,79.65564,0.7194512000000001
420960,47.379999999999995,52.620000000000005,88.23091247672252,79.66888,0.7195104
421040,47.37,52.63,88.21229050279328,79.68211999999998,0.7195696
421120,47.36,52.64,88.19366852886405,79.69536,0.7196288000000001
421200,47.35,52.65,88.17504655493482,79.70859999999999,0.7196880000000001
421280,47.339999999999996,52.660000000000004,88.15642458100558,79.72183999999999,0.7197472
421360,47.33,52.67,88.13780260707634,79.73508,0.7198064000000001
421440,47.32,52.68,88.11918063314711,79.74831999999999,0.7198656000000001
421520,47.31,52.69,88.10055865921788,79.76155999999999,0.7199248
421600,47.3,52.7,88.08193668528862,79.7748,0.719984
421680,47.29,52.71,88.0633147113594,79.78804,0.7200432
421760,47.28,52.72,88.04469273743017,79.80127999999999,0.7201024
421840,47.269999999999996,52.730000000000004,88.02607076350091,79.81452,0.7201616
421920,47.26,52.74,88.00744878957168,79.82776,0.7202208000000001
422000,47.25,52.75,87.98882681564245,79.841,0.72028
422080,47.24,52.76,87.97020484171323,79.85424,0.7203392000000001
422160,47.23,52.77,87.95158286778397,79.86748,0.7203984000000001
422240,47.22,52.78,87.93296089385474,79.88072,0.7204576
422320,47.21,52.79,87.91433891992551,79.89395999999999,0.7205168000000001
422400,47.199999999999996,52.800000000000004,87.89571694599626,79.90719999999999,0.720576
422480,47.19,52.81,87.87709497206703,79.92043999999999,0.7206352
422560,47.18,52.82,87.8584729981378,79.93368,0.7206944
422640,47.17,52.83,87.83985102420857,79.94691999999999,0.7207536
422720,47.16,52.84,87.82122905027931,79.96015999999999,0.7208128
422800,47.15,52.85,87.80260707635009,79.9734,0.7208720000000001
422880,47.14,52.86,87.78398510242086,79.98664,0.7209312000000001
422960,47.129999999999995,52.870000000000005,87.7653631284916,79.99987999999999,0.7209904
423040,47.12,52.88,87.74674115456237,80.01312,0.7210496000000001
423120,47.11,52.89,87.72811918063314,80.02636,0.7211088000000001
423200,47.1,52.9,87.7094972067039,80.0396,0.721168
423280,47.089999999999996,52.910000000000004,87.69087523277466,80.05284,0.7212272
423360,47.08,52.92,87.67225325884543,80.06608,0.7212864
423440,47.07,52.93,87.6536312849162,80.07932,0.7213456
423520,47.06,52.94,87.63500931098696,80.09255999999999,0.7214048000000002
423600,47.05,52.95,87.61638733705772,80.10579999999999,0.7214640000000001
423680,47.04,52.96,87.59776536312849,80.11903999999998,0.7215232
423760,47.03,52.97,87.57914338919925,80.13228,0.7215824000000001
423840,47.019999999999996,52.980000000000004,87.56052141527,80.14551999999999,0.7216416000000001
423920,47.01,52.99,87.54189944134077,80.15875999999999,0.7217008
424000,47.0,53.0,87.52327746741155,80.172,0.7217600000000001
424080,46.99,53.01,87.5046554934823,80.18524,0.7218192000000001
424160,46.98,53.02,87.48603351955306,80.19847999999999,0.7218784
424240,46.97,53.03,87.46741154562383,80.21172,0.7219376
424320,46.96,53.04,87.44878957169459,80.22496,0.7219968000000001
424400,46.949999999999996,53.050000000000004,87.43016759776535,80.23819999999999,0.722056
424480,46.94,53.06,87.41154562383612,80.25144,0.7221152000000001
424560,46.93,53.07,87.39292364990689,80.26468,0.7221744000000001
424640,46.92,53.08,87.37430167597765,80.27792,0.7222336
424720,46.91,53.09,87.3556797020484,80.29116,0.7222928000000001
424800,46.9,53.1,87.33705772811918,80.30439999999999,0.722352
424880,46.89,53.11,87.31843575418993,80.31763999999998,0.7224112
424960,46.879999999999995,53.120000000000005,87.29981378026069,80.33088,0.7224704
425040,46.87,53.13,87.28119180633146,80.34411999999999,0.7225296
425120,46.86,53.14,87.26256983240224,80.35736,0.7225888000000001
425200,46.85,53.15,87.24394785847299,80.3706,0.7226480000000001
425280,46.839999999999996,53.160000000000004,87.22532588454375,80.38383999999999,0.7227072000000001
425360,46.83,53.17,87.20670391061452,80.39707999999999,0.7227664
425440,46.82,53.18,87.18808193668528,80.41032,0.7228256000000001
425520,46.81,53.19,87.16945996275605,80.42356,0.7228848000000001
425600,46.8,53.2,87.15083798882681,80.4368,0.722944
425680,46.79,53.21,87.13221601489757,80.45004,0.7230032000000001
425760,46.78,53.22,87.11359404096834,80.46328,0.7230624
425840,46.769999999999996,53.230000000000004,87.0949720670391,80.47652,0.7231216
425920,46.76,53.24,87.07635009310987,80.48976,0.7231808000000001
426000,46.75,53.25,87.05772811918062,80.50299999999999,0.7232400000000001
426080,46.74,53.26,87.0391061452514,80.51624,0.7232992
426160,46.73,53.27,87.02048417132215,80.52947999999999,0.7233584000000001
426240,46.72,53.28,87.00186219739291,80.54271999999999,0.7234176000000001
426320,46.71,53.29,86.98324022346368,80.55596,0.7234768
426400,46.699999999999996,53.300000000000004,86.96461824953444,80.5692,0.723536
426480,46.69,53.31,86.94599627560521,80.58243999999999,0.7235952
426560,46.68,53.32,86.92737430167597,80.59568,0.7236544
426640,46.67,53.33,86.90875232774674,80.60892,0.7237136
426720,46.66,53.34,86.8901303538175,80.62216,0.7237728000000001
426800,46.65,53.35,86.87150837988825,80.6354,0.723832
426880,46.64,53.36,86.85288640595903,80.64864,0.7238912000000001
426960,46.629999999999995,53.370000000000005,86.83426443202978,80.66188,0.7239504000000001
427040,46.62,53.38,86.81564245810056,80.67512,0.7240096
427120,46.61,53.39,86.79702048417131,80.68836,0.7240688000000001
427200,46.6,53.4,86.77839851024208,80.7016,0.7241280000000001
427280,46.589999999999996,53.410000000000004,86.75977653631284,80.71484,0.7241872
427360,46.58,53.42,86.7411545623836,80.72807999999999,0.7242464
427440,46.57,53.43,86.72253258845437,80.74131999999999,0.7243056
427520,46.56,53.44,86.70391061452514,80.75456,0.7243648000000001
427600,46.55,53.45,86.68528864059589,80.7678,0.7244240000000001
427680,46.54,53.46,86.66666666666666,80.78103999999999,0.7244832000000001
427760,46.53,53.47,86.64804469273743,80.79428,0.7245424
427840,46.519999999999996,53.480000000000004,86.62942271880819,80.80752,0.7246016000000001
427920,46.51,53.49,86.61080074487894,80.82075999999999,0.7246608000000001
428000,46.5,53.5,86.59217877094972,80.834,0.72472
428080,46.49,53.51,86.57355679702049,80.84724,0.7247792000000001
428160,46.48,53.52,86.55493482309123,80.86048,0.7248384
428240,46.47,53.53,86.536312849162,80.87372,0.7248976
428320,46.46,53.54,86.51769087523277,80.88696,0.7249568000000002
428400,46.449999999999996,53.550000000000004,86.49906890130353,80.9002,0.7250160000000001
428480,46.44,53.56,86.48044692737429,80.91344,0.7250752
428560,46.43,53.57,86.46182495344506,80.92667999999999,0.7251344000000001
428640,46.42,53.58,86.44320297951583,80.93991999999999,0.7251936000000001
428720,46.41,53.59,86.42458100558657,80.95316,0.7252528
428800,46.4,53.6,86.40595903165735,80.9664,0.7253120000000001
428880,46.39,53.61,86.38733705772812,80.97963999999999,0.7253712000000001
428960,46.379999999999995,53.620000000000005,86.36871508379888,80.99288,0.7254304
429040,46.37,53.63,86.35009310986963,81.00612,0.7254896
429120,46.36,53.64,86.3314711359404,81.01935999999999,0.7255488000000001
429200,46.35,53.65,86.31284916201118,81.0326,0.7256080000000001
429280,46.339999999999996,53.660000000000004,86.29422718808192,81.04584,0.7256672000000001
429360,46.33,53.67,86.27560521415269,81.05908,0.7257264000000001
429440,46.32,53.68,86.25698324022346,81.07232,0.7257856
429520,46.31,53.69,86.23836126629422,81.08556,0.7258448000000001
429600,46.3,53.7,86.21973929236498,81.0988,0.725904
429680,46.29,53.71,86.20111731843575,81.11204000000001,0.7259632
429760,46.28,53.72,86.18249534450652,81.12527999999999,0.7260224000000001
429840,46.269999999999996,53.730000000000004,86.16387337057726,81.13851999999999,0.7260816
429920,46.26,53.74,86.14525139664804,81.15176,0.7261408
430000,46.25,53.75,86.1266294227188,81.16499999999999,0.7262000000000001
430080,46.24,53.76,86.10800744878956,81.17823999999999,0.7262592000000001
430160,46.23,53.77,86.08938547486032,81.19148,0.7263184
430240,46.22,53.78,86.0707635009311,81.20472,0.7263776000000001
430320,46.21,53.79,86.05214152700187,81.21795999999999,0.7264368000000001
430400,46.199999999999996,53.800000000000004,86.03351955307261,81.2312,0.726496
430480,46.19,53.81,86.01489757914338,81.24444,0.7265552000000001
430560,46.18,53.82,85.99627560521415,81.25768,0.7266144
430640,46.17,53.83,85.97765363128491,81.27092,0.7266736
430720,46.16,53.84,85.95903165735567,81.28416,0.7267328
430800,46.15,53.85,85.94040968342644,81.2974,0.7267920000000001
430880,46.14,53.86,85.92178770949721,81.31064,0.7268512
430960,46.129999999999995,53.870000000000005,85.90316573556795,81.32387999999999,0.7269104000000001
431040,46.12,53.88,85.88454376163872,81.33711999999998,0.7269696000000001
431120,46.11,53.89,85.8659217877095,81.35036,0.7270288
431200,46.1,53.9,85.84729981378025,81.36359999999999,0.7270880000000001
431280,46.089999999999996,53.910000000000004,85.82867783985101,81.37683999999999,0.7271472
431360,46.08,53.92,85.81005586592178,81.39008,0.7272064
431440,46.07,53.93,85.79143389199254,81.40332,0.7272656
431520,46.06,53.94,85.77281191806331,81.41655999999999,0.7273248
431600,46.05,53.95,85.75418994413407,81.4298,0.727384
431680,46.04,53.96,85.73556797020484,81.44304,0.7274432000000001
431760,46.03,53.97,85.7169459962756,81.45627999999999,0.7275024000000001
431840,46.019999999999996,53.980000000000004,85.69832402234636,81.46952,0.7275616
431920,46.01,53.99,85.67970204841713,81.48276,0.7276208000000001
432000,46.0,54.0,85.66108007448788,81.496,0.7276800000000001
432080,45.99,54.01,85.64245810055866,81.50924,0.7277392
432160,45.98,54.02,85.62383612662941,81.52248,0.7277984
432240,45.97,54.03,85.60521415270019,81.53571999999998,0.7278576
432320,45.96,54.04,85.58659217877094,81.54896,0.7279168
432400,45.949999999999996,54.050000000000004,85.5679702048417,81.56219999999999,0.7279760000000001
432480,45.94,54.06,85.54934823091247,81.57543999999999,0.7280352000000001
432560,45.93,54.07,85.53072625698323,81.58868,0.7280944
432640,45.92,54.08,85.512104283054,81.60191999999999,0.7281536000000001
432720,45.91,54.09,85.49348230912476,81.61515999999999,0.7282128000000001
432800,45.9,54.1,85.47486033519553,81.6284,0.728272
432880,45.89,54.11,85.45623836126629,81.64164,0.7283312000000001
432960,45.879999999999995,54.120000000000005,85.43761638733704,81.65487999999999,0.7283904
433040,45.87,54.13,85.41899441340782,81.66812,0.7284496
433120,45.86,54.14,85.40037243947857,81.68136,0.7285088
433200,45.85,54.15,85.38175046554935,81.6946,0.7285680000000001
433280,45.839999999999996,54.160000000000004,85.3631284916201,81.70784,0.7286272
433360,45.83,54.17,85.34450651769086,81.72108,0.7286864000000001
433440,45.82,54.18,85.32588454376163,81.73431999999998,0.7287456000000001
433520,45.81,54.19,85.3072625698324,81.74756,0.7288048
433600,45.8,54.2,85.28864059590316,81.76079999999999,0.7288640000000001
433680,45.79,54.21,85.27001862197392,81.77403999999999,0.7289232000000001
433760,45.78,54.22,85.25139664804469,81.78728,0.7289824
433840,45.769999999999996,54.230000000000004,85.23277467411545,81.80051999999999,0.7290416
433920,45.76,54.24,85.2141527001862,81.81375999999999,0.7291008
434000,45.75,54.25,85.19553072625698,81.827,0.7291600000000001
434080,45.74,54.26,85.17690875232775,81.84024,0.7292192000000001
434160,45.73,54.27,85.1582867783985,81.85347999999999,0.7292784000000001
434240,45.72,54.28,85.13966480446926,81.86672,0.7293376
434320,45.71,54.29,85.12104283054003,81.87996,0.7293968000000001
434400,45.699999999999996,54.300000000000004,85.10242085661079,81.8932,0.729456
434480,45.69,54.31,85.08379888268155,81.90644,0.7295152
434560,45.68,54.32,85.06517690875232,81.91968,0.7295744000000001
434640,45.67,54.33,85.04655493482309,81.93292,0.7296336
434720,45.66,54.34,85.02793296089385,81.94615999999999,0.7296928
434800,45.65,54.35,85.0093109869646,81.95939999999999,0.7297520000000001
434880,45.64,54.36,84.99068901303538,81.97263999999998,0.7298112000000001
434960,45.629999999999995,54.370000000000005,84.97206703910614,81.98588,0.7298704
435040,45.62,54.38,84.9534450651769,81.99911999999999,0.7299296000000001
435120,45.61,54.39,84.93482309124767,82.01236,0.7299888000000001
435200,45.6,54.4,84.91620111731844,82.0256,0.730048
435280,45.589999999999996,54.410000000000004,84.8975791433892,82.03884,0.7301072000000001
435360,45.58,54.42,84.87895716945995,82.05207999999999,0.7301664
435440,45.57,54.43,84.86033519553072,82.06532,0.7302256
435520,45.56,54.44,84.8417132216015,82.07856,0.7302848
435600,45.55,54.45,84.82309124767224,82.0918,0.7303440000000001
435680,45.54,54.46,84.80446927374301,82.10504,0.7304032
435760,45.53,54.47,84.78584729981378,82.11828,0.7304624000000001
435840,45.519999999999996,54.480000000000004,84.76722532588452,82.13152,0.7305216000000001
435920,45.51,54.49,84.7486033519553,82.14475999999999,0.7305808
436000,45.5,54.5,84.72998137802607,82.15799999999999,0.7306400000000001
436080,45.49,54.51,84.71135940409684,82.17124,0.7306992000000001
436160,45.48,54.52,84.69273743016758,82.18448,0.7307584
436240,45.47,54.53,84.67411545623835,82.19771999999999,0.7308176
436320,45.46,54.54,84.65549348230913,82.21096,0.7308768
436400,45.449999999999996,54.550000000000004,84.63687150837987,82.2242,0.730936
436480,45.44,54.56,84.61824953445064,82.23743999999999,0.7309952000000001
436560,45.43,54.57,84.59962756052141,82.25068,0.7310544000000001
436640,45.42,54.58,84.58100558659217,82.26392,0.7311136
436720,45.41,54.59,84.56238361266293,82.27716,0.7311728000000001
436800,45.4,54.6,84.5437616387337,82.2904,0.7312320000000001
436880,45.39,54.61,84.52513966480447,82.30364,0.7312912
436960,45.379999999999995,54.620000000000005,84.50651769087521,82.31688,0.7313504
437040,45.37,54.63,84.48789571694599,82.33012000000001,0.7314096
437120,45.36,54.64,84.46927374301676,82.34335999999999,0.7314688
437200,45.35,54.65,84.45065176908751,82.35659999999999,0.7315280000000002
437280,45.339999999999996,54.660000000000004,84.43202979515827,82.36984,0.7315872000000001
437360,45.33,54.67,84.41340782122904,82.38307999999999,0.7316464
437440,45.32,54.68,84.39478584729981,82.39631999999999,0.7317056000000001
437520,45.31,54.69,84.37616387337057,82.40956,0.7317648000000001
437600,45.3,54.7,84.35754189944133,82.4228,0.731824
437680,45.29,54.71,84.3389199255121,82.43603999999999,0.7318832000000001
437760,45.28,54.72,84.32029795158286,82.44928,0.7319424000000001
437840,45.269999999999996,54.730000000000004,84.30167597765362,82.46252,0.7320016
437920,45.26,54.74,84.28305400372439,82.47576,0.7320608
438000,45.25,54.75,84.26443202979516,82.489,0.7321200000000001
438080,45.24,54.76,84.24581005586592,82.50224,0.7321792000000001
438160,45.23,54.77,84.22718808193667,82.51548,0.7322384000000001
438240,45.22,54.78,84.20856610800745,82.52872,0.7322976000000001
438320,45.21,54.79,84.1899441340782,82.54196,0.7323568
438400,45.199999999999996,54.800000000000004,84.17132216014896,82.55519999999999,0.7324160000000001
438480,45.19,54.81,84.15270018621973,82.56844,0.7324752000000001
438560,45.18,54.82,84.1340782122905,82.58167999999999,0.7325344
438640,45.17,54.83,84.11545623836126,82.59491999999999,0.7325936000000001
438720,45.16,54.84,84.09683426443202,82.60816,0.7326528
438800,45.15,54.85,84.07821229050279,82.6214,0.7327120000000001
438880,45.14,54.86,84.05959031657355,82.63463999999999,0.7327712000000001
438960,45.129999999999995,54.870000000000005,84.0409683426443,82.64788,0.7328304000000001
439040,45.12,54.88,84.02234636871508,82.66112,0.7328896
439120,45.11,54.89,84.00372439478583,82.67436,0.7329488000000001
439200,45.1,54.9,83.9851024208566,82.6876,0.7330080000000001
439280,45.089999999999996,54.910000000000004,83.96648044692736,82.70084,0.7330672
439360,45.08,54.92,83.94785847299813,82.71408,0.7331264000000001
439440,45.07,54.93,83.92923649906889,82.72732,0.7331856
439520,45.06,54.94,83.91061452513966,82.74056,0.7332448
439600,45.05,54.95,83.89199255121042,82.75379999999998,0.7333040000000001
439680,45.04,54.96,83.87337057728118,82.76704,0.7333632000000001
439760,45.03,54.97,83.85474860335195,82.78027999999999,0.7334224
439840,45.019999999999996,54.980000000000004,83.83612662942271,82.79351999999999,0.7334816000000001
439920,45.01,54.99,83.81750465549348,82.80676,0.7335408000000001
440000,45.0,55.0,83.79888268156424,82.82,0.7336
440080,44.99,55.01,83.78026070763501,82.83323999999999,0.7336592000000001
440160,44.98,55.02,83.76163873370577,82.84648,0.7337184
440240,44.97,55.03,83.74301675977652,82.85972,0.7337776
440320,44.96,55.04,83.7243947858473,82.87295999999999,0.7338368
440400,44.949999999999996,55.050000000000004,83.70577281191805,82.8862,0.7338960000000001
440480,44.94,55.06,83.68715083798882,82.89944,0.7339552
440560,44.93,55.07,83.66852886405958,82.91268,0.7340144000000001
440640,44.92,55.08,83.64990689013035,82.92592,0.7340736000000001
440720,44.91,55.09,83.63128491620111,82.93916,0.7341328
440800,44.9,55.1,83.61266294227187,82.9524,0.7341920000000001
440880,44.89,55.11,83.59404096834264,82.96564,0.7342512000000001
440960,44.879999999999995,55.120000000000005,83.5754189944134,82.97887999999999,0.7343104
441040,44.87,55.13,83.55679702048415,82.99211999999999,0.7343696
441120,44.86,55.14,83.53817504655493,83.00536,0.7344288
441200,44.85,55.15,83.5195530726257,83.01859999999999,0.734488
441280,44.839999999999996,55.160000000000004,83.50093109869646,83.03183999999999,0.7345472000000001
441360,44.83,55.17,83.48230912476721,83.04508,0.7346064000000001
441440,44.82,55.18,83.46368715083798,83.05832,0.7346656
441520,44.81,55.19,83.44506517690876,83.07155999999999,0.7347248000000001
441600,44.8,55.2,83.4264432029795,83.0848,0.7347840000000001
441680,44.79,55.21,83.40782122905027,83.09804,0.7348432
441760,44.78,55.22,83.38919925512104,83.11128,0.7349024000000001
441840,44.769999999999996,55.230000000000004,83.3705772811918,83.12452,0.7349616
441920,44.76,55.24,83.35195530726256,83.13776,0.7350208
442000,44.75,55.25,83.33333333333333,83.151,0.73508
442080,44.74,55.26,83.3147113594041,83.16423999999999,0.7351392000000001
442160,44.73,55.27,83.29608938547484,83.17747999999999,0.7351984
442240,44.72,55.28,83.27746741154562,83.19071999999998,0.7352576000000001
442320,44.71,55.29,83.25884543761639,83.20396,0.7353168000000001
442400,44.699999999999996,55.300000000000004,83.24022346368714,83.21719999999999,0.735376
442480,44.69,55.31,83.2216014897579,83.23043999999999,0.7354352000000001
442560,44.68,55.32,83.20297951582867,83.24368,0.7354944000000001
442640,44.67,55.33,83.18435754189944,83.25692,0.7355536
442720,44.66,55.34,83.16573556797019,83.27015999999999,0.7356128
442800,44.65,55.35,83.14711359404096,83.2834,0.735672
442880,44.64,55.36,83.12849162011173,83.29664,0.7357312000000001
442960,44.629999999999995,55.370000000000005,83.10986964618249,83.30987999999999,0.7357904000000001
443040,44.62,55.38,83.09124767225325,83.32312,0.7358496000000001
443120,44.61,55.39,83.07262569832402,83.33636,0.7359088
443200,44.6,55.4,83.05400372439479,83.3496,0.7359680000000001
443280,44.589999999999996,55.410000000000004,83.03538175046553,83.36284,0.7360272000000001
443360,44.58,55.42,83.0167597765363,83.37607999999999,0.7360864
443440,44.57,55.43,82.99813780260708,83.38931999999998,0.7361456000000001
443520,44.56,55.44,82.97951582867783,83.40256,0.7362048
443600,44.55,55.45,82.96089385474859,83.41579999999999,0.736264
443680,44.54,55.46,82.94227188081936,83.42903999999999,0.7363232000000001
443760,44.53,55.47,82.92364990689013,83.44228,0.7363824000000001
443840,44.519999999999996,55.480000000000004,82.90502793296088,83.45551999999999,0.7364416
443920,44.51,55.49,82.88640595903165,83.46875999999999,0.7365008000000001
444000,44.5,55.5,82.86778398510242,83.482,0.7365600000000001
444080,44.49,55.51,82.84916201117318,83.49524,0.7366192
444160,44.48,55.52,82.83054003724394,83.50847999999999,0.7366784000000001
444240,44.47,55.53,82.8119180633147,83.52172,0.7367376
444320,44.46,55.54,82.79329608938548,83.53496,0.7367968
444400,44.449999999999996,55.550000000000004,82.77467411545622,83.5482,0.736856
444480,44.44,55.56,82.756052141527,83.56144,0.7369152000000001
444560,44.43,55.57,82.73743016759776,83.57467999999999,0.7369744
444640,44.42,55.58,82.71880819366852,83.58792,0.7370336000000001
444720,44.41,55.59,82.70018621973928,83.60116,0.7370928000000001
444800,44.4,55.6,82.68156424581005,83.61439999999999,0.737152
444880,44.39,55.61,82.66294227188081,83.62763999999999,0.7372112000000001
444960,44.379999999999995,55.620000000000005,82.64432029795157,83.64088,0.7372704
445040,44.37,55.63,82.62569832402234,83.65411999999999,0.7373296
445120,44.36,55.64,82.60707635009311,83.66736,0.7373888
445200,44.35,55.65,82.58845437616387,83.6806,0.737448
445280,44.339999999999996,55.660000000000004,82.56983240223462,83.69384,0.7375072
445360,44.33,55.67,82.5512104283054,83.70707999999999,0.7375664000000001
445440,44.32,55.68,82.53258845437615,83.72032,0.7376256000000001
445520,44.31,55.69,82.51396648044692,83.73356,0.7376848
445600,44.3,55.7,82.49534450651768,83.74680000000001,0.7377440000000001
445680,44.29,55.71,82.47672253258845,83.76004,0.7378032000000001
445760,44.28,55.72,82.45810055865921,83.77328,0.7378624
445840,44.269999999999996,55.730000000000004,82.43947858472997,83.78652,0.7379216
445920,44.26,55.74,82.42085661080074,83.79975999999999,0.7379808
446000,44.25,55.75,82.4022346368715,83.81299999999999,0.73804
446080,44.24,55.76,82.38361266294227,83.82624,0.7380992000000002
446160,44.23,55.77,82.36499068901303,83.83948,0.7381584000000001
446240,44.22,55.78,82.3463687150838,83.85271999999999,0.7382176
446320,44.21,55.79,82.32774674115456,83.86596,0.7382768000000001
446400,44.199999999999996,55.800000000000004,82.30912476722531,83.8792,0.7383360000000001
446480,44.19,55.81,82.29050279329608,83.89244,0.7383952
446560,44.18,55.82,82.27188081936684,83.90568,0.7384544000000001
446640,44.17,55.83,82.25325884543761,83.91892,0.7385136000000001
446720,44.16,55.84,82.23463687150837,83.93216,0.7385728
446800,44.15,55.85,82.21601489757913,83.9454,0.738632
446880,44.14,55.86,82.1973929236499,83.95864,0.7386912000000001
446960,44.129999999999995,55.870000000000005,82.17877094972066,83.97188,0.7387504
447040,44.12,55.88,82.16014897579143,83.98512,0.7388096000000001
447120,44.11,55.89,82.14152700186219,83.99835999999999,0.7388688000000001
447200,44.1,55.9,82.12290502793296,84.01159999999999,0.738928
447280,44.089999999999996,55.910000000000004,82.10428305400372,84.02484,0.7389872000000001
447360,44.08,55.92,82.08566108007447,84.03808,0.7390464000000001
447440,44.07,55.93,82.06703910614524,84.05131999999999,0.7391056
447520,44.06,55.94,82.04841713221602,84.06456,0.7391648000000001
447600,44.05,55.95,82.02979515828677,84.0778,0.739224
447680,44.04,55.96,82.01117318435753,84.09103999999999,0.7392832000000001
447760,44.03,55.97,81.9925512104283,84.10428,0.7393424000000001
447840,44.019999999999996,55.980000000000004,81.97392923649906,84.11752,0.7394016000000001
447920,44.01,55.99,81.95530726256982,84.13076,0.7394608
448000,44.0,56.0,81.93668528864059,84.144,0.7395200000000001
448080,43.99,56.01,81.91806331471136,84.15724,0.7395792000000001
448160,43.98,56.02,81.89944134078212,84.17048,0.7396384
448240,43.97,56.03,81.88081936685288,84.18372000000001,0.7396976000000001
448320,43.96,56.04,81.86219739292365,84.19695999999999,0.7397568
448400,43.949999999999996,56.050000000000004,81.8435754189944,84.21019999999999,0.739816
448480,43.94,56.06,81.82495344506516,84.22344,0.7398752000000001
448560,43.93,56.07,81.80633147113593,84.23667999999999,0.7399344000000001
448640,43.92,56.08,81.7877094972067,84.24991999999999,0.7399936
448720,43.91,56.09,81.76908752327746,84.26316,0.7400528000000001
448800,43.9,56.1,81.75046554934822,84.2764,0.7401120000000001
448880,43.89,56.11,81.73184357541899,84.28963999999999,0.7401712
448960,43.879999999999995,56.120000000000005,81.71322160148975,84.30288,0.7402304000000001
449040,43.87,56.13,81.6945996275605,84.31612,0.7402896
449120,43.86,56.14,81.67597765363128,84.32936,0.7403488
449200,43.85,56.15,81.65735567970205,84.3426,0.740408
449280,43.839999999999996,56.160000000000004,81.6387337057728,84.35584,0.7404672000000001
449360,43.83,56.17,81.62011173184356,84.36908,0.7405264
449440,43.82,56.18,81.60148975791434,84.38232,0.7405856000000001
449520,43.81,56.19,81.58286778398511,84.39555999999999,0.7406448000000001
449600,43.8,56.2,81.56424581005585,84.40879999999999,0.740704
449680,43.79,56.21,81.54562383612662,84.42204,0.7407632000000001
449760,43.78,56.22,81.5270018621974,84.43527999999999,0.7408224000000001
449840,43.769999999999996,56.230000000000004,81.50837988826814,84.44851999999999,0.7408816
449920,43.76,56.24,81.48975791433891,84.46176,0.7409408
450000,43.75,56.25,81.47113594040968,84.475,0.741
450080,43.74,56.26,81.45251396648045,84.48823999999999,0.7410592000000001
450160,43.73,56.27,81.4338919925512,84.50148,0.7411184000000001
450240,43.72,56.28,81.41527001862197,84.51472,0.7411776000000001
450320,43.71,56.29,81.39664804469274,84.52796,0.7412368
450400,43.699999999999996,56.300000000000004,81.37802607076348,84.5412,0.7412960000000001
450480,43.69,56.31,81.35940409683425,84.55444,0.7413552000000001
450560,43.68,56.32,81.34078212290503,84.56768,0.7414144
450640,43.67,56.33,81.32216014897578,84.58092,0.7414736000000001
450720,43.66,56.34,81.30353817504654,84.59415999999999,0.7415328
450800,43.65,56.35,81.28491620111731,84.60739999999998,0.741592
450880,43.64,56.36,81.26629422718808,84.62064,0.7416512000000002
450960,43.629999999999995,56.370000000000005,81.24767225325883,84.63387999999999,0.7417104000000001
451040,43.62,56.38,81.2290502793296,84.64711999999999,0.7417696
451120,43.61,56.39,81.21042830540037,84.66036,0.7418288000000001
451200,43.6,56.4,81.19180633147113,84.6736,0.7418880000000001
451280,43.589999999999996,56.410000000000004,81.17318435754188,84.68683999999999,0.7419472
451360,43.58,56.42,81.15456238361266,84.70008,0.7420064000000001
451440,43.57,56.43,81.13594040968343,84.71332,0.7420656000000001
451520,43.56,56.44,81.11731843575419,84.72655999999999,0.7421248
451600,43.55,56.45,81.09869646182494,84.7398,0.742184
451680,43.54,56.46,81.08007448789571,84.75304,0.7422432
451760,43.53,56.47,81.06145251396647,84.76628,0.7423024000000001
451840,43.519999999999996,56.480000000000004,81.04283054003723,84.77952,0.7423616000000001
451920,43.51,56.49,81.024208566108,84.79276,0.7424208000000001
452000,43.5,56.5,81.00558659217877,84.80599999999998,0.74248
452080,43.49,56.51,80.98696461824953,84.81924,0.7425392000000001
452160,43.48,56.52,80.96834264432029,84.83247999999999,0.7425984000000001
452240,43.47,56.53,80.94972067039106,84.84571999999999,0.7426576
452320,43.46,56.54,80.93109869646182,84.85896,0.7427168000000001
452400,43.449999999999996,56.550000000000004,80.91247672253257,84.87219999999999,0.742776
452480,43.44,56.56,80.89385474860335,84.88543999999999,0.7428352
452560,43.43,56.57,80.8752327746741,84.89868,0.7428944000000001
452640,43.42,56.58,80.85661080074487,84.91192,0.7429536000000001
452720,43.41,56.59,80.83798882681563,84.92515999999999,0.7430128
452800,43.4,56.6,80.8193668528864,84.9384,0.7430720000000001
452880,43.39,56.61,80.80074487895716,84.95164,0.7431312000000001
452960,43.379999999999995,56.620000000000005,80.78212290502792,84.96488,0.7431904
453040,43.37,56.63,80.76350093109869,84.97812,0.7432496000000001
453120,43.36,56.64,80.74487895716945,84.99136,0.7433088
453200,43.35,56.65,80.72625698324022,85.00459999999998,0.743368
453280,43.339999999999996,56.660000000000004,80.70763500931098,85.01783999999999,0.7434272
453360,43.33,56.67,80.68901303538175,85.03107999999999,0.7434864000000001
453440,43.32,56.68,80.6703910614525,85.04431999999998,0.7435456
453520,43.31,56.69,80.65176908752328,85.05756,0.7436048000000001
453600,43.3,56.7,80.63314711359403,85.07079999999999,0.7436640000000001
453680,43.29,56.71,80.61452513966479,85.08403999999999,0.7437232
453760,43.28,56.72,80.59590316573556,85.09728,0.7437824000000001
453840,43.269999999999996,56.730000000000004,80.57728119180632,85.11052,0.7438416
453920,43.26,56.74,80.55865921787709,85.12375999999999,0.7439008
454000,43.25,56.75,80.54003724394785,85.137,0.74396
454080,43.24,56.76,80.52141527001862,85.15024,0.7440192
454160,43.23,56.77,80.50279329608938,85.16347999999999,0.7440784
454240,43.22,56.78,80.48417132216014,85.17672,0.7441376000000001
454320,43.21,56.79,80.46554934823091,85.18996,0.7441968000000001
454400,43.199999999999996,56.800000000000004,80.44692737430167,85.2032,0.744256
454480,43.19,56.81,80.42830540037244,85.21643999999999,0.7443152000000001
454560,43.18,56.82,80.4096834264432,85.22967999999999,0.7443744000000001
454640,43.17,56.83,80.39106145251397,85.24292,0.7444336
454720,43.16,56.84,80.37243947858472,85.25616,0.7444928
454800,43.15,56.85,80.35381750465548,85.26939999999999,0.744552
454880,43.14,56.86,80.33519553072625,85.28263999999999,0.7446112
454960,43.129999999999995,56.870000000000005,80.31657355679701,85.29588,0.7446704000000001
455040,43.12,56.88,80.29795158286777,85.30912,0.7447296000000001
455120,43.11,56.89,80.27932960893854,85.32236,0.7447888
455200,43.1,56.9,80.26070763500931,85.3356,0.7448480000000001
455280,43.089999999999996,56.910000000000004,80.24208566108007,85.34884,0.7449072000000001
455360,43.08,56.92,80.22346368715083,85.36207999999999,0.7449664
455440,43.07,56.93,80.2048417132216,85.37532,0.7450256000000001
455520,43.06,56.94,80.18621973929237,85.38856,0.7450848000000001
455600,43.05,56.95,80.16759776536311,85.40180000000001,0.745144
455680,43.04,56.96,80.14897579143388,85.41503999999999,0.7452032
455760,43.03,56.97,80.13035381750466,85.42827999999999,0.7452624000000001
455840,43.019999999999996,56.980000000000004,80.11173184357541,85.44152,0.7453216
455920,43.01,56.99,80.09310986964617,85.45476,0.7453808000000001
456000,43.0,57.0,80.07448789571694,85.46799999999999,0.7454400000000001
456080,42.99,57.01,80.05586592178771,85.48124,0.7454992
456160,42.98,57.02,80.03724394785846,85.49448,0.7455584000000001
456240,42.97,57.03,80.01862197392923,85.50771999999999,0.7456176000000001
456320,42.96,57.04,80.0,85.52096,0.7456768
456400,42.949999999999996,57.050000000000004,79.98137802607076,85.5342,0.745736
456480,42.94,57.06,79.96275605214151,85.54744,0.7457952
456560,42.93,57.07,79.94413407821229,85.56068,0.7458544000000001
456640,42.92,57.08,79.92551210428306,85.57392,0.7459136000000001
456720,42.91,57.09,79.9068901303538,85.58716,0.7459728000000001
456800,42.9,57.1,79.88826815642457,85.60040000000001,0.746032
456880,42.89,57.11,79.86964618249534,85.61364,0.7460912000000001
456960,42.879999999999995,57.120000000000005,79.85102420856609,85.62687999999999,0.7461504000000001
457040,42.87,57.13,79.83240223463686,85.64012,0.7462096
457120,42.86,57.14,79.81378026070763,85.65335999999999,0.7462688000000001
457200,42.85,57.15,79.7951582867784,85.66659999999999,0.746328
457280,42.839999999999996,57.160000000000004,79.77653631284915,85.67984,0.7463872
457360,42.83,57.17,79.75791433891992,85.69308,0.7464464000000001
457440,42.82,57.18,79.73929236499069,85.70631999999999,0.7465056000000001
457520,42.81,57.19,79.72067039106145,85.71956,0.7465648
457600,42.8,57.2,79.7020484171322,85.7328,0.7466240000000001
457680,42.79,57.21,79.68342644320298,85.74604,0.7466832000000001
457760,42.78,57.22,79.66480446927375,85.75928,0.7467424
457840,42.769999999999996,57.230000000000004,79.64618249534449,85.77252,0.7468016000000001
457920,42.76,57.24,79.62756052141526,85.78576,0.7468608
458000,42.75,57.25,79.60893854748603,85.799,0.74692
458080,42.74,57.26,79.59031657355679,85.81224,0.7469792
458160,42.73,57.27,79.57169459962755,85.82547999999998,0.7470384000000001
458240,42.72,57.28,79.55307262569832,85.83872,0.7470976
458320,42.71,57.29,79.53445065176908,85.85195999999999,0.7471568000000001
458400,42.699999999999996,57.300000000000004,79.51582867783983,85.86519999999999,0.7472160000000001
458480,42.69,57.31,79.4972067039106,85.87844,0.7472752
458560,42.68,57.32,79.47858472998138,85.89168,0.7473344000000001
458640,42.67,57.33,79.45996275605214,85.90491999999999,0.7473936000000001
458720,42.66,57.34,79.4413407821229,85.91816,0.7474528
458800,42.65,57.35,79.42271880819366,85.9314,0.747512
458880,42.64,57.36,79.40409683426442,85.94463999999999,0.7475712
458960,42.629999999999995,57.370000000000005,79.38547486033518,85.95788,0.7476304
459040,42.62,57.38,79.36685288640595,85.97112,0.7476896000000001
459120,42.61,57.39,79.34823091247672,85.98436,0.7477488000000001
459200,42.6,57.4,79.32960893854748,85.9976,0.747808
459280,42.589999999999996,57.410000000000004,79.31098696461824,86.01084,0.7478672000000001
459360,42.58,57.42,79.29236499068901,86.02408,0.7479264000000001
459440,42.57,57.43,79.27374301675977,86.03732,0.7479856
459520,42.56,57.44,79.25512104283054,86.05055999999999,0.7480448000000001
459600,42.55,57.45,79.2364990689013,86.06379999999999,0.748104
459680,42.54,57.46,79.21787709497207,86.07704,0.7481632
459760,42.53,57.47,79.19925512104282,86.09027999999999,0.7482224000000002
459840,42.519999999999996,57.480000000000004,79.18063314711358,86.10351999999999,0.7482816000000001
459920,42.51,57.49,79.16201117318435,86.11676,0.7483408
460000,42.5,57.5,79.14338919925511,86.13,0.7484000000000001
460080,42.49,57.51,79.12476722532588,86.14323999999999,0.7484592000000001
460160,42.48,57.52,79.10614525139664,86.15648,0.7485184
460240,42.47,57.53,79.0875232774674,86.16972,0.7485776000000001
460320,42.46,57.54,79.06890130353817,86.18296,0.7486368000000001
460400,42.449999999999996,57.550000000000004,79.05027932960893,86.1962,0.748696
460480,42.44,57.56,79.0316573556797,86.20944,0.7487552
460560,42.43,57.57,79.01303538175046,86.22268,0.7488144000000001
460640,42.42,57.58,78.99441340782123,86.23592,0.7488736000000001
460720,42.41,57.59,78.97579143389198,86.24915999999999,0.7489328000000001
460800,42.4,57.6,78.95716945996274,86.26239999999999,0.7489920000000001
460880,42.39,57.61,78.93854748603351,86.27564,0.7490512
460960,42.379999999999995,57.620000000000005,78.91992551210427,86.28887999999999,0.7491104000000001
461040,42.37,57.63,78.90130353817504,86.30211999999999,0.7491696000000001
461120,42.36,57.64,78.8826815642458,86.31536,0.7492288
461200,42.35,57.65,78.86405959031657,86.3286,0.7492880000000001
461280,42.339999999999996,57.660000000000004,78.84543761638733,86.34183999999999,0.7493472
461360,42.33,57.67,78.82681564245809,86.35508,0.7494064000000001
461440,42.32,57.68,78.80819366852886,86.36832,0.7494656000000001
461520,42.31,57.69,78.78957169459963,86.38156,0.7495248000000001
461600,42.3,57.7,78.77094972067039,86.3948,0.749584
461680,42.29,57.71,78.75232774674114,86.40804,0.7496432000000001
461760,42.28,57.72,78.73370577281192,86.42128,0.7497024000000001
461840,42.269999999999996,57.730000000000004,78.71508379888267,86.43452,0.7497616
461920,42.26,57.74,78.69646182495343,86.44775999999999,0.7498208000000001
462000,42.25,57.75,78.6778398510242,86.46099999999998,0.74988
462080,42.24,57.76,78.65921787709497,86.47424,0.7499392
462160,42.23,57.77,78.64059590316573,86.48747999999999,0.7499984000000001
462240,42.22,57.78,78.62197392923649,86.50071999999999,0.7500576000000001
462320,42.21,57.79,78.60335195530726,86.51396,0.7501168
462400,42.199999999999996,57.800000000000004,78.58472998137802,86.5272,0.7501760000000001
462480,42.19,57.81,78.56610800744878,86.54043999999999,0.7502352000000001
462560,42.18,57.82,78.54748603351955,86.55368,0.7502944
462640,42.17,57.83,78.52886405959032,86.56692,0.7503536000000001
462720,42.16,57.84,78.51024208566106,86.58015999999999,0.7504128
462800,42.15,57.85,78.49162011173183,86.5934,0.750472
462880,42.14,57.86,78.4729981378026,86.60664,0.7505312
462960,42.129999999999995,57.870000000000005,78.45437616387336,86.61988,0.7505904
463040,42.12,57.88,78.43575418994412,86.63312,0.7506496
463120,42.11,57.89,78.41713221601489,86.64635999999999,0.7507088000000001
463200,42.1,57.9,78.39851024208566,86.65959999999998,0.7507680000000001
463280,42.089999999999996,57.910000000000004,78.3798882681564,86.67284,0.7508272
463360,42.08,57.92,78.36126629422718,86.68607999999999,0.7508864000000001
463440,42.07,57.93,78.34264432029795,86.69931999999999,0.7509456000000001
463520,42.06,57.94,78.32402234636872,86.71256,0.7510048
463600,42.05,57.95,78.30540037243946,86.72579999999999,0.751064
463680,42.04,57.96,78.28677839851024,86.73903999999999,0.7511232
463760,42.03,57.97,78.26815642458101,86.75228,0.7511824
463840,42.019999999999996,57.980000000000004,78.24953445065175,86.76552,0.7512416000000001
463920,42.01,57.99,78.23091247672252,86.77875999999999,0.7513008000000001
464000,42.0,58.0,78.2122905027933,86.792,0.75136
464080,41.99,58.01,78.19366852886405,86.80524,0.7514192000000001
464160,41.98,58.02,78.17504655493481,86.81848,0.7514784000000001
464240,41.97,58.03,78.15642458100558,86.83172,0.7515376
464320,41.96,58.04,78.13780260707635,86.84495999999999,0.7515968000000001
464400,41.949999999999996,58.050000000000004,78.1191806331471,86.85819999999998,0.751656
464480,41.94,58.06,78.10055865921787,86.87143999999999,0.7517152
464560,41.93,58.07,78.08193668528864,86.88467999999999,0.7517744
464640,41.92,58.08,78.0633147113594,86.89792,0.7518336000000001
464720,41.91,58.09,78.04469273743015,86.91116,0.7518928
464800,41.9,58.1,78.02607076350093,86.92439999999999,0.7519520000000001
464880,41.89,58.11,78.0074487895717,86.93763999999999,0.7520112000000001
464960,41.879999999999995,58.120000000000005,77.98882681564244,86.95088,0.7520704
465040,41.87,58.13,77.97020484171321,86.96412,0.7521296000000001
465120,41.86,58.14,77.95158286778398,86.97736,0.7521888000000001
465200,41.85,58.15,77.93296089385474,86.9906,0.752248
465280,41.839999999999996,58.160000000000004,77.9143389199255,87.00384,0.7523072
465360,41.83,58.17,77.89571694599627,87.01707999999999,0.7523664
465440,41.82,58.18,77.87709497206704,87.03032,0.7524256000000001
465520,41.81,58.19,77.8584729981378,87.04356,0.7524848000000001
465600,41.8,58.2,77.83985102420856,87.05679999999998,0.7525440000000001
465680,41.79,58.21,77.82122905027933,87.07003999999999,0.7526032
465760,41.78,58.22,77.80260707635009,87.08327999999999,0.7526624000000001
465840,41.769999999999996,58.230000000000004,77.78398510242084,87.09652,0.7527216000000001
465920,41.76,58.24,77.76536312849161,87.10976,0.7527808
466000,41.75,58.25,77.74674115456237,87.12299999999999,0.7528400000000001
466080,41.74,58.26,77.72811918063314,87.13624,0.7528992
466160,41.73,58.27,77.7094972067039,87.14948,0.7529584
466240,41.72,58.28,77.69087523277467,87.16272,0.7530176000000001
466320,41.71,58.29,77.67225325884543,87.17596,0.7530768000000001
466400,41.699999999999996,58.300000000000004,77.65363128491619,87.1892,0.753136
466480,41.69,58.31,77.63500931098696,87.20244,0.7531952000000001
466560,41.68,58.32,77.61638733705772,87.21568,0.7532544000000001
466640,41.67,58.33,77.59776536312849,87.22892,0.7533136
466720,41.66,58.34,77.57914338919925,87.24216,0.7533728000000001
466800,41.65,58.35,77.56052141527002,87.2554,0.753432
466880,41.64,58.36,77.54189944134077,87.26863999999999,0.7534912
466960,41.629999999999995,58.370000000000005,77.52327746741153,87.28187999999999,0.7535504
467040,41.62,58.38,77.5046554934823,87.29512,0.7536096000000001
467120,41.61,58.39,77.48603351955306,87.30836,0.7536688
467200,41.6,58.4,77.46741154562383,87.32159999999999,0.7537280000000001
467280,41.589999999999996,58.410000000000004,77.44878957169459,87.33484,0.7537872000000001
467360,41.58,58.42,77.43016759776536,87.34808,0.7538464
467440,41.57,58.43,77.41154562383612,87.36131999999999,0.7539056000000001
467520,41.56,58.44,77.39292364990689,87.37456,0.7539648000000001
467600,41.55,58.45,77.37430167597765,87.3878,0.754024
467680,41.54,58.46,77.3556797020484,87.40104,0.7540832
467760,41.53,58.47,77.33705772811918,87.41428,0.7541424
467840,41.519999999999996,58.480000000000004,77.31843575418993,87.42752,0.7542016
467920,41.51,58.49,77.2998137802607,87.44076,0.7542608000000001
468000,41.5,58.5,77.28119180633146,87.45400000000001,0.7543200000000001
468080,41.49,58.51,77.26256983240224,87.46723999999999,0.7543792
468160,41.48,58.52,77.24394785847299,87.48047999999999,0.7544384000000001
468240,41.47,58.53,77.22532588454375,87.49372,0.7544976000000001
468320,41.46,58.54,77.20670391061452,87.50695999999999,0.7545568
468400,41.449999999999996,58.550000000000004,77.18808193668528,87.52019999999999,0.754616
468480,41.44,58.56,77.16945996275604,87.53344,0.7546752
468560,41.43,58.57,77.15083798882681,87.54668,0.7547344
468640,41.42,58.58,77.13221601489758,87.55991999999999,0.7547936000000002
468720,41.41,58.59,77.11359404096834,87.57316,0.7548528000000001
468800,41.4,58.6,77.0949720670391,87.5864,0.754912
468880,41.39,58.61,77.07635009310987,87.59964,0.7549712000000001
468960,41.379999999999995,58.620000000000005,77.05772811918062,87.61288,0.7550304000000001
469040,41.37,58.63,77.03910614525138,87.62612,0.7550896
469120,41.36,58.64,77.02048417132215,87.63936,0.7551488000000001
469200,41.35,58.65,77.00186219739292,87.6526,0.7552080000000001
469280,41.339999999999996,58.660000000000004,76.98324022346368,87.66583999999999,0.7552672
469360,41.33,58.67,76.96461824953444,87.67907999999998,0.7553264
469440,41.32,58.68,76.94599627560521,87.69232,0.7553856000000001
469520,41.31,58.69,76.92737430167598,87.70555999999999,0.7554448000000001
469600,41.3,58.7,76.90875232774673,87.71879999999999,0.7555040000000001
469680,41.29,58.71,76.8901303538175,87.73204,0.7555632000000001
469760,41.28,58.72,76.87150837988827,87.74528,0.7556224
469840,41.269999999999996,58.730000000000004,76.85288640595903,87.75851999999999,0.7556816000000001
469920,41.26,58.74,76.83426443202978,87.77176,0.7557408000000001
470000,41.25,58.75,76.81564245810056,87.785,0.7558
470080,41.24,58.76,76.79702048417133,87.79823999999999,0.7558592000000001
470160,41.23,58.77,76.77839851024207,87.81148,0.7559184
470240,41.22,58.78,76.75977653631284,87.82472,0.7559776000000001
470320,41.21,58.79,76.74115456238361,87.83796,0.7560368000000001
470400,41.199999999999996,58.800000000000004,76.72253258845436,87.8512,0.7560960000000001
470480,41.19,58.81,76.70391061452513,87.86444,0.7561552
470560,41.18,58.82,76.6852886405959,87.87767999999998,0.7562144000000001
470640,41.17,58.83,76.66666666666667,87.89092,0.7562736000000001
470720,41.16,58.84,76.64804469273741,87.90415999999999,0.7563328
470800,41.15,58.85,76.62942271880819,87.91739999999999,0.7563920000000001
470880,41.14,58.86,76.61080074487896,87.93064,0.7564512
470960,41.129999999999995,58.870000000000005,76.5921787709497,87.94388,0.7565104
471040,41.12,58.88,76.57355679702047,87.95711999999999,0.7565696000000001
471120,41.11,58.89,76.55493482309124,87.97036,0.7566288000000001
471200,41.1,58.9,76.53631284916202,87.9836,0.7566880000000001
471280,41.089999999999996,58.910000000000004,76.51769087523276,87.99683999999999,0.7567472000000001
471360,41.08,58.92,76.49906890130353,88.01008,0.7568064000000001
471440,41.07,58.93,76.4804469273743,88.02332,0.7568656
471520,41.06,58.94,76.46182495344506,88.03656,0.7569248000000001
471600,41.05,58.95,76.44320297951582,88.0498,0.756984
471680,41.04,58.96,76.42458100558659,88.06304,0.7570432
471760,41.03,58.97,76.40595903165735,88.07627999999998,0.7571024
471840,41.019999999999996,58.980000000000004,76.3873370577281,88.08952,0.7571616000000001
471920,41.01,58.99,76.36871508379888,88.10275999999999,0.7572208
472000,41.0,59.0,76.35009310986965,88.11599999999999,0.7572800000000001
472080,40.99,59.01,76.3314711359404,88.12924,0.7573392000000001
472160,40.98,59.02,76.31284916201116,88.14247999999999,0.7573984
472240,40.97,59.03,76.29422718808193,88.15571999999999,0.7574576000000001
472320,40.96,59.04,76.27560521415269,88.16896,0.7575168000000001
472400,40.949999999999996,59.050000000000004,76.25698324022345,88.1822,0.757576
472480,40.94,59.06,76.23836126629422,88.19543999999999,0.7576352
472560,40.93,59.07,76.21973929236499,88.20868,0.7576944
472640,40.92,59.08,76.20111731843575,88.22192,0.7577536000000001
472720,40.91,59.09,76.1824953445065,88.23516,0.7578128000000001
472800,40.9,59.1,76.16387337057728,88.2484,0.7578720000000001
472880,40.89,59.11,76.14525139664804,88.26164,0.7579312
472960,40.879999999999995,59.120000000000005,76.12662942271879,88.27488,0.7579904000000001
473040,40.87,59.13,76.10800744878956,88.28811999999999,0.7580496000000001
473120,40.86,59.14,76.08938547486034,88.30135999999999,0.7581088
473200,40.85,59.15,76.0707635009311,88.31459999999998,0.7581680000000001
473280,40.839999999999996,59.160000000000004,76.05214152700185,88.32784,0.7582272
473360,40.83,59.17,76.03351955307262,88.34107999999999,0.7582864
473440,40.82,59.18,76.01489757914338,88.35431999999999,0.7583456000000002
473520,40.81,59.19,75.99627560521415,88.36756,0.7584048000000001
473600,40.8,59.2,75.97765363128491,88.3808,0.758464
473680,40.79,59.21,75.95903165735568,88.39403999999999,0.7585232000000001
473760,40.78,59.22,75.94040968342644,88.40728,0.7585824000000001
473840,40.769999999999996,59.230000000000004,75.9217877094972,88.42052,0.7586416
473920,40.76,59.24,75.90316573556797,88.43375999999999,0.7587008000000001
474000,40.75,59.25,75.88454376163872,88.447,0.7587600000000001
474080,40.74,59.26,75.8659217877095,88.46024,0.7588192
474160,40.73,59.27,75.84729981378025,88.47348,0.7588784
474240,40.72,59.28,75.82867783985101,88.48671999999999,0.7589376
474320,40.71,59.29,75.81005586592178,88.49995999999999,0.7589968000000001
474400,40.699999999999996,59.300000000000004,75.79143389199254,88.51319999999998,0.7590560000000001
474480,40.69,59.31,75.77281191806331,88.52644,0.7591152000000001
474560,40.68,59.32,75.75418994413407,88.53967999999999,0.7591744
474640,40.67,59.33,75.73556797020484,88.55292,0.7592336000000001
474720,40.66,59.34,75.7169459962756,88.56616,0.7592928000000001
474800,40.65,59.35,75.69832402234636,88.57939999999999,0.759352
474880,40.64,59.36,75.67970204841713,88.59263999999999,0.7594112000000001
474960,40.629999999999995,59.370000000000005,75.66108007448788,88.60588,0.7594704
475040,40.62,59.38,75.64245810055866,88.61912,0.7595296
475120,40.61,59.39,75.62383612662941,88.63236,0.7595888000000001
475200,40.6,59.4,75.60521415270019,88.6456,0.7596480000000001
475280,40.589999999999996,59.410000000000004,75.58659217877094,88.65884,0.7597072
475360,40.58,59.42,75.5679702048417,88.67208,0.7597664000000001
475440,40.57,59.43,75.54934823091247,88.68532,0.7598256000000001
475520,40.56,59.44,75.53072625698324,88.69855999999999,0.7598848
475600,40.55,59.45,75.512104283054,88.71179999999998,0.7599440000000001
475680,40.54,59.46,75.49348230912476,88.72503999999999,0.7600032
475760,40.53,59.47,75.47486033519553,88.73827999999999,0.7600624
475840,40.519999999999996,59.480000000000004,75.45623836126629,88.75152,0.7601216
475920,40.51,59.49,75.43761638733704,88.76476,0.7601808000000001
476000,40.5,59.5,75.41899441340782,88.77799999999999,0.76024
476080,40.49,59.51,75.40037243947859,88.79124,0.7602992000000001
476160,40.48,59.52,75.38175046554933,88.80448,0.7603584000000001
476240,40.47,59.53,75.3631284916201,88.81772,0.7604176
476320,40.46,59.54,75.34450651769087,88.83096,0.7604768000000001
476400,40.449999999999996,59.550000000000004,75.32588454376163,88.8442,0.760536
476480,40.44,59.56,75.30726256983239,88.85744,0.7605952
476560,40.43,59.57,75.28864059590316,88.87068000000001,0.7606544
476640,40.42,59.58,75.27001862197393,88.88392,0.7607136
476720,40.41,59.59,75.25139664804468,88.89715999999999,0.7607728
476800,40.4,59.6,75.23277467411545,88.9104,0.7608320000000001
476880,40.39,59.61,75.21415270018622,88.92363999999999,0.7608912000000001
476960,40.379999999999995,59.620000000000005,75.19553072625698,88.93687999999999,0.7609504
477040,40.37,59.63,75.17690875232773,88.95012,0.7610096000000001
477120,40.36,59.64,75.1582867783985,88.96336,0.7610688000000001
477200,40.35,59.65,75.13966480446928,88.97659999999999,0.761128
477280,40.339999999999996,59.660000000000004,75.12104283054002,88.98984,0.7611872
477360,40.33,59.67,75.10242085661079,89.00308,0.7612464
477440,40.32,59.68,75.08379888268156,89.01632,0.7613056
477520,40.31,59.69,75.06517690875232,89.02956,0.7613648000000002
477600,40.3,59.7,75.04655493482308,89.0428,0.7614240000000001
477680,40.29,59.71,75.02793296089385,89.05604,0.7614832
477760,40.28,59.72,75.00931098696462,89.06928,0.7615424000000001
477840,40.269999999999996,59.730000000000004,74.99068901303536,89.08252,0.7616016000000001
477920,40.26,59.74,74.97206703910614,89.09575999999998,0.7616608
478000,40.25,59.75,74.95344506517691,89.109,0.7617200000000001
478080,40.24,59.76,74.93482309124767,89.12223999999999,0.7617792000000001
478160,40.23,59.77,74.91620111731842,89.13547999999999,0.7618384
478240,40.22,59.78,74.8975791433892,89.14872,0.7618976
478320,40.21,59.79,74.87895716945997,89.16196,0.7619568000000001
478400,40.199999999999996,59.800000000000004,74.86033519553071,89.17519999999999,0.762016
478480,40.19,59.81,74.84171322160148,89.18844,0.7620752000000001
478560,40.18,59.82,74.82309124767225,89.20168,0.7621344000000001
478640,40.17,59.83,74.80446927374301,89.21491999999999,0.7621936
478720,40.16,59.84,74.78584729981377,89.22816,0.7622528000000001
478800,40.15,59.85,74.76722532588454,89.2414,0.7623120000000001
478880,40.14,59.86,74.74860335195531,89.25464,0.7623712
478960,40.129999999999995,59.870000000000005,74.72998137802605,89.26788,0.7624304
479040,40.12,59.88,74.71135940409683,89.28112,0.7624896
479120,40.11,59.89,74.6927374301676,89.29436,0.7625488000000001
479200,40.1,59.9,74.67411545623835,89.3076,0.7626080000000002
479280,40.089999999999996,59.910000000000004,74.65549348230911,89.32083999999999,0.7626672000000001
479360,40.08,59.92,74.63687150837988,89.33407999999999,0.7627264
479440,40.07,59.93,74.61824953445064,89.34732,0.7627856000000001
479520,40.06,59.94,74.59962756052141,89.36055999999999,0.7628448000000001
479600,40.05,59.95,74.58100558659217,89.37379999999999,0.762904
479680,40.04,59.96,74.56238361266294,89.38704,0.7629632000000001
479760,40.03,59.97,74.5437616387337,89.40028,0.7630224
479840,40.019999999999996,59.980000000000004,74.52513966480446,89.41351999999999,0.7630816
479920,40.01,59.99,74.50651769087523,89.42676,0.7631408000000001
480000,40.0,60.0,74.48789571694599,89.44,0.7632000000000001
480080,39.99,60.01,74.46927374301676,89.45324,0.7632592000000001
480160,39.98,60.02,74.45065176908751,89.46648,0.7633184000000001
480240,39.97,60.03,74.43202979515829,89.47972,0.7633776000000001
480320,39.96,60.04,74.41340782122904,89.49296,0.7634368
480400,39.949999999999996,60.050000000000004,74.3947858472998,89.50619999999999,0.7634960000000001
480480,39.94,60.06,74.37616387337057,89.51943999999999,0.7635552
480560,39.93,60.07,74.35754189944133,89.53267999999998,0.7636144
480640,39.92,60.08,74.3389199255121,89.54592,0.7636736
480720,39.91,60.09,74.32029795158286,89.55915999999999,0.7637328000000001
480800,39.9,60.1,74.30167597765363,89.57239999999999,0.763792
480880,39.89,60.11,74.28305400372439,89.58564,0.7638512000000001
480960,39.879999999999995,60.120000000000005,74.26443202979515,89.59888,0.7639104000000001
481040,39.87,60.13,74.24581005586592,89.61211999999999,0.7639696
481120,39.86,60.14,74.22718808193667,89.62536,0.7640288000000001
481200,39.85,60.15,74.20856610800745,89.6386,0.7640880000000001
481280,39.839999999999996,60.160000000000004,74.1899441340782,89.65183999999999,0.7641472
481360,39.83,60.17,74.17132216014897,89.66508,0.7642064
481440,39.82,60.18,74.15270018621973,89.67832,0.7642656
481520,39.81,60.19,74.1340782122905,89.69156,0.7643248000000001
481600,39.8,60.2,74.11545623836126,89.7048,0.7643840000000001
481680,39.79,60.21,74.09683426443202,89.71803999999999,0.7644432000000001
481760,39.78,60.22,74.07821229050279,89.73127999999998,0.7645024
481840,39.769999999999996,60.230000000000004,74.05959031657355,89.74452,0.7645616000000001
481920,39.76,60.24,74.0409683426443,89.75775999999999,0.7646208000000001
482000,39.75,60.25,74.02234636871508,89.77099999999999,0.76468
482080,39.74,60.26,74.00372439478585,89.78424,0.7647392000000001
482160,39.73,60.27,73.9851024208566,89.79748,0.7647984
482240,39.72,60.28,73.96648044692736,89.81071999999999,0.7648576
482320,39.71,60.29,73.94785847299813,89.82396,0.7649168000000002
482400,39.699999999999996,60.300000000000004,73.92923649906889,89.8372,0.7649760000000001
482480,39.69,60.31,73.91061452513965,89.85043999999999,0.7650352
482560,39.68,60.32,73.89199255121042,89.86368,0.7650944000000001
482640,39.67,60.33,73.8733705772812,89.87692,0.7651536000000001
482720,39.66,60.34,73.85474860335195,89.89016,0.7652128
482800,39.65,60.35,73.83612662942271,89.9034,0.7652720000000001
482880,39.64,60.36,73.81750465549348,89.91663999999999,0.7653312000000001
482960,39.629999999999995,60.370000000000005,73.79888268156424,89.92987999999998,0.7653904
483040,39.62,60.38,73.780260707635,89.94312,0.7654496
483120,39.61,60.39,73.76163873370577,89.95635999999999,0.7655088000000001
483200,39.6,60.4,73.74301675977654,89.96959999999999,0.7655680000000001
483280,39.589999999999996,60.410000000000004,73.7243947858473,89.98284,0.7656272000000001
483360,39.58,60.42,73.70577281191805,89.99607999999999,0.7656864000000001
483440,39.57,60.43,73.68715083798882,90.00931999999999,0.7657456
483520,39.56,60.44,73.6685288640596,90.02256,0.7658048000000001
483600,39.55,60.45,73.64990689013034,90.0358,0.7658640000000001
483680,39.54,60.46,73.63128491620111,90.04903999999999,0.7659232
483760,39.53,60.47,73.61266294227188,90.06228,0.7659824000000001
483840,39.519999999999996,60.480000000000004,73.59404096834263,90.07552,0.7660416
483920,39.51,60.49,73.5754189944134,90.08876,0.7661008000000001
484000,39.5,60.5,73.55679702048417,90.102,0.7661600000000002
484080,39.49,60.51,73.53817504655494,90.11524,0.7662192000000001
484160,39.48,60.52,73.51955307262568,90.12847999999998,0.7662784
484240,39.47,60.53,73.50093109869646,90.14171999999999,0.7663376000000001
484320,39.46,60.54,73.48230912476723,90.15495999999999,0.7663968000000001
484400,39.449999999999996,60.550000000000004,73.46368715083797,90.16819999999998,0.766456
484480,39.44,60.56,73.44506517690874,90.18144,0.7665152000000001
484560,39.43,60.57,73.42644320297951,90.19467999999999,0.7665744
484640,39.42,60.58,73.40782122905028,90.20792,0.7666336
484720,39.41,60.59,73.38919925512103,90.22116,0.7666928
484800,39.4,60.6,73.3705772811918,90.2344,0.7667520000000001
484880,39.39,60.61,73.35195530726257,90.24763999999999,0.7668112000000001
484960,39.379999999999995,60.620000000000005,73.33333333333331,90.26088,0.7668704000000001
485040,39.37,60.63,73.31471135940409,90.27412,0.7669296000000001
485120,39.36,60.64,73.29608938547486,90.28736,0.7669888
485200,39.35,60.65,73.27746741154562,90.3006,0.7670480000000001
485280,39.339999999999996,60.660000000000004,73.25884543761637,90.31384,0.7671072
485360,39.33,60.67,73.24022346368714,90.32708,0.7671664
485440,39.32,60.68,73.22160148975792,90.34031999999999,0.7672256
485520,39.31,60.69,73.20297951582867,90.35355999999999,0.7672848
485600,39.3,60.7,73.18435754189943,90.36679999999998,0.767344
485680,39.29,60.71,73.1657355679702,90.38004,0.7674032000000001
485760,39.28,60.72,73.14711359404096,90.39327999999999,0.7674624000000001
485840,39.269999999999996,60.730000000000004,73.12849162011172,90.40652,0.7675216
485920,39.26,60.74,73.10986964618249,90.41976,0.7675808000000001
486000,39.25,60.75,73.09124767225326,90.43299999999999,0.7676400000000001
486080,39.24,60.76,73.07262569832402,90.44624,0.7676992
486160,39.23,60.77,73.05400372439478,90.45948,0.7677584
486240,39.22,60.78,73.03538175046555,90.47272,0.7678176
486320,39.21,60.79,73.0167597765363,90.48596,0.7678768
486400,39.199999999999996,60.800000000000004,72.99813780260706,90.4992,0.7679360000000001
486480,39.19,60.81,72.97951582867783,90.51244,0.7679952000000001
486560,39.18,60.82,72.9608938547486,90.52568000000001,0.7680544
486640,39.17,60.83,72.94227188081936,90.53891999999999,0.7681136000000001
486720,39.16,60.84,72.92364990689012,90.55215999999999,0.7681728000000001
486800,39.15,60.85,72.90502793296089,90.5654,0.768232
486880,39.14,60.86,72.88640595903165,90.57864,0.7682912000000001
486960,39.129999999999995,60.870000000000005,72.8677839851024,90.59187999999999,0.7683504
487040,39.12,60.88,72.84916201117318,90.60512,0.7684096
487120,39.11,60.89,72.83054003724395,90.61836,0.7684688
487200,39.1,60.9,72.8119180633147,90.63159999999999,0.7685280000000001
487280,39.089999999999996,60.910000000000004,72.79329608938546,90.64484,0.7685872
487360,39.08,60.92,72.77467411545624,90.65808,0.7686464000000001
487440,39.07,60.93,72.756052141527,90.67132,0.7687056000000001
487520,39.06,60.94,72.73743016759776,90.68456,0.7687648
487600,39.05,60.95,72.71880819366852,90.6978,0.7688240000000001
487680,39.04,60.96,72.70018621973928,90.71104,0.7688832000000001
487760,39.03,60.97,72.68156424581005,90.72428000000001,0.7689424
487840,39.019999999999996,60.980000000000004,72.66294227188081,90.73751999999999,0.7690016
487920,39.01,60.99,72.64432029795158,90.75075999999999,0.7690608
488000,39.0,61.0,72.62569832402234,90.764,0.7691200000000001
488080,38.99,61.01,72.60707635009311,90.77723999999999,0.7691792000000002
488160,38.98,61.02,72.58845437616387,90.79047999999999,0.7692384000000001
488240,38.97,61.03,72.56983240223462,90.80372,0.7692976
488320,38.96,61.04,72.5512104283054,90.81696,0.7693568000000001
488400,38.949999999999996,61.050000000000004,72.53258845437615,90.83019999999999,0.7694160000000001
488480,38.94,61.06,72.51396648044692,90.84344,0.7694752
488560,38.93,61.07,72.49534450651768,90.85668,0.7695344000000001
488640,38.92,61.08,72.47672253258845,90.86992,0.7695936
488720,38.91,61.09,72.45810055865921,90.88316,0.7696528
488800,38.9,61.1,72.43947858472997,90.8964,0.7697120000000001
488880,38.89,61.11,72.42085661080074,90.90964,0.7697712000000001
488960,38.879999999999995,61.120000000000005,72.4022346368715,90.92288,0.7698304
489040,38.87,61.13,72.38361266294227,90.93612,0.7698896000000001
489120,38.86,61.14,72.36499068901303,90.94935999999998,0.7699488000000001
489200,38.85,61.15,72.3463687150838,90.9626,0.770008
489280,38.839999999999996,61.160000000000004,72.32774674115456,90.97583999999999,0.7700672000000001
489360,38.83,61.17,72.30912476722531,90.98907999999999,0.7701264
489440,38.82,61.18,72.29050279329608,91.00232,0.7701856
489520,38.81,61.19,72.27188081936686,91.01556,0.7702448
489600,38.8,61.2,72.2532588454376,91.02879999999999,0.7703040000000001
489680,38.79,61.21,72.23463687150837,91.04204,0.7703632000000001
489760,38.78,61.22,72.21601489757914,91.05528,0.7704224000000001
489840,38.769999999999996,61.230000000000004,72.1973929236499,91.06851999999999,0.7704816000000001
489920,38.76,61.24,72.17877094972066,91.08176,0.7705408
490000,38.75,61.25,72.16014897579143,91.095,0.7706000000000001
490080,38.74,61.26,72.1415270018622,91.10824,0.7706592000000001
490160,38.73,61.27,72.12290502793294,91.12148,0.7707184
490240,38.72,61.28,72.10428305400372,91.13472,0.7707776
490320,38.71,61.29,72.08566108007449,91.14795999999998,0.7708368
490400,38.699999999999996,61.300000000000004,72.06703910614524,91.1612,0.770896
490480,38.69,61.31,72.048417132216,91.17443999999999,0.7709552000000001
490560,38.68,61.32,72.02979515828677,91.18767999999999,0.7710144000000001
490640,38.67,61.33,72.01117318435755,91.20092,0.7710736
490720,38.66,61.34,71.99255121042829,91.21415999999999,0.7711328000000001
490800,38.65,61.35,71.97392923649906,91.22739999999999,0.7711920000000001
490880,38.64,61.36,71.95530726256983,91.24064,0.7712512
490960,38.629999999999995,61.370000000000005,71.93668528864059,91.25388,0.7713104
491040,38.62,61.38,71.91806331471135,91.26711999999999,0.7713696
491120,38.61,61.39,71.89944134078212,91.28036,0.7714288
491200,38.6,61.4,71.88081936685289,91.2936,0.7714880000000002
491280,38.589999999999996,61.410000000000004,71.86219739292363,91.30684,0.7715472000000001
491360,38.58,61.42,71.8435754189944,91.32008,0.7716064
491440,38.57,61.43,71.82495344506518,91.33332,0.7716656000000001
491520,38.56,61.44,71.80633147113593,91.34655999999998,0.7717248000000001
491600,38.55,61.45,71.78770949720669,91.35979999999999,0.771784
491680,38.54,61.46,71.76908752327746,91.37303999999999,0.7718432000000001
491760,38.53,61.47,71.75046554934823,91.38627999999999,0.7719024000000001
491840,38.519999999999996,61.480000000000004,71.73184357541898,91.39952,0.7719616
491920,38.51,61.49,71.71322160148975,91.41275999999999,0.7720208
492000,38.5,61.5,71.69459962756052,91.42599999999999,0.7720800000000001
492080,38.49,61.51,71.67597765363128,91.43924,0.7721392000000001
492160,38.48,61.52,71.65735567970204,91.45248,0.7721984000000001
492240,38.47,61.53,71.63873370577281,91.46571999999999,0.7722576000000001
492320,38.46,61.54,71.62011173184358,91.47896,0.7723168
492400,38.449999999999996,61.550000000000004,71.60148975791432,91.4922,0.7723760000000001
492480,38.44,61.56,71.5828677839851,91.50544,0.7724352000000001
492560,38.43,61.57,71.56424581005587,91.51868,0.7724944
492640,38.42,61.58,71.54562383612662,91.53192,0.7725536000000001
492720,38.41,61.59,71.52700186219738,91.54516,0.7726128
492800,38.4,61.6,71.50837988826815,91.55839999999999,0.7726720000000001
492880,38.39,61.61,71.48975791433892,91.57163999999999,0.7727312000000002
492960,38.379999999999995,61.620000000000005,71.47113594040967,91.58487999999998,0.7727904000000001
493040,38.37,61.63,71.45251396648044,91.59812,0.7728496
493120,38.36,61.64,71.43389199255121,91.61135999999999,0.7729088000000001
493200,38.35,61.65,71.41527001862197,91.62459999999999,0.7729680000000001
493280,38.339999999999996,61.660000000000004,71.39664804469272,91.63784,0.7730272
493360,38.33,61.67,71.3780260707635,91.65108,0.7730864000000001
493440,38.32,61.68,71.35940409683425,91.66431999999999,0.7731456
493520,38.309999999999995,61.690000000000005,71.34078212290501,91.67756,0.7732048
493600,38.3,61.7,71.32216014897578,91.6908,0.7732640000000001
493680,38.29,61.71,71.30353817504655,91.70403999999999,0.7733232000000001
493760,38.28,61.72,71.28491620111731,91.71728,0.7733824000000001
493840,38.269999999999996,61.730000000000004,71.26629422718807,91.73052,0.7734416000000001
493920,38.26,61.74,71.24767225325884,91.74376,0.7735008000000001
494000,38.25,61.75,71.2290502793296,91.75699999999999,0.77356
494080,38.24,61.76,71.21042830540037,91.77023999999999,0.7736192000000001
494160,38.23,61.77,71.19180633147113,91.78347999999998,0.7736784
494240,38.22,61.78,71.1731843575419,91.79672,0.7737376
494320,38.21,61.79,71.15456238361266,91.80995999999999,0.7737968
494400,38.199999999999996,61.800000000000004,71.13594040968341,91.82319999999999,0.7738560000000001
494480,38.19,61.81,71.11731843575419,91.83644,0.7739152000000001
494560,38.18,61.82,71.09869646182494,91.84967999999999,0.7739744000000001
494640,38.17,61.83,71.08007448789571,91.86292,0.7740336000000001
494720,38.16,61.84,71.06145251396647,91.87616,0.7740928
494800,38.15,61.85,71.04283054003724,91.8894,0.7741520000000001
494880,38.14,61.86,71.024208566108,91.90263999999999,0.7742112000000001
494960,38.129999999999995,61.870000000000005,71.00558659217876,91.91588,0.7742704
495040,38.12,61.88,70.98696461824953,91.92912,0.7743296
495120,38.11,61.89,70.96834264432029,91.94236000000001,0.7743888
495200,38.1,61.9,70.94972067039106,91.9556,0.7744480000000001
495280,38.089999999999996,61.910000000000004,70.93109869646182,91.96883999999999,0.7745072000000001
495360,38.08,61.92,70.91247672253257,91.98208,0.7745664000000001
495440,38.07,61.93,70.89385474860335,91.99531999999999,0.7746256
495520,38.059999999999995,61.940000000000005,70.8752327746741,92.00855999999999,0.7746848000000001
495600,38.05,61.95,70.85661080074487,92.02179999999998,0.7747440000000001
495680,38.04,61.96,70.83798882681563,92.03504,0.7748032
495760,38.03,61.97,70.8193668528864,92.04827999999999,0.7748624000000001
495840,38.019999999999996,61.980000000000004,70.80074487895716,92.06152,0.7749216
495920,38.01,61.99,70.78212290502792,92.07476,0.7749808
496000,38.0,62.0,70.76350093109869,92.088,0.77504
496080,37.99,62.01,70.74487895716946,92.10124,0.7750992000000001
496160,37.98,62.02,70.72625698324022,92.11448,0.7751584
496240,37.97,62.03,70.70763500931098,92.12772,0.7752176000000001
496320,37.96,62.04,70.68901303538175,92.14096,0.7752768000000001
496400,37.949999999999996,62.050000000000004,70.6703910614525,92.1542,0.775336
496480,37.94,62.06,70.65176908752326,92.16743999999998,0.7753952000000001
496560,37.93,62.07,70.63314711359403,92.18068,0.7754544000000001
496640,37.92,62.08,70.6145251396648,92.19391999999999,0.7755136
496720,37.91,62.09,70.59590316573556,92.20715999999999,0.7755728
496800,37.9,62.1,70.57728119180632,92.2204,0.775632
496880,37.89,62.11,70.55865921787709,92.23364,0.7756912000000001
496960,37.879999999999995,62.120000000000005,70.54003724394785,92.24687999999999,0.7757504000000001
497040,37.87,62.13,70.52141527001861,92.26012,0.7758096000000001
497120,37.86,62.14,70.50279329608938,92.27336,0.7758688
497200,37.85,62.15,70.48417132216015,92.28659999999999,0.7759280000000001
497280,37.839999999999996,62.160000000000004,70.46554934823091,92.29984,0.7759872000000001
497360,37.83,62.17,70.44692737430167,92.31308,0.7760464
497440,37.82,62.18,70.42830540037244,92.32632,0.7761056000000001
497520,37.809999999999995,62.190000000000005,70.4096834264432,92.33956,0.7761648
497600,37.8,62.2,70.39106145251395,92.3528,0.776224
497680,37.79,62.21,70.37243947858472,92.36604,0.7762832000000002
497760,37.78,62.22,70.3538175046555,92.37928,0.7763424000000001
497840,37.769999999999996,62.230000000000004,70.33519553072624,92.39251999999999,0.7764016
497920,37.76,62.24,70.31657355679701,92.40575999999999,0.7764608000000001
498000,37.75,62.25,70.29795158286778,92.419,0.7765200000000001
498080,37.74,62.26,70.27932960893855,92.43224,0.7765792
498160,37.73,62.27,70.2607076350093,92.44547999999999,0.7766384000000001
498240,37.72,62.28,70.24208566108007,92.45872,0.7766976
498320,37.71,62.29,70.22346368715084,92.47196,0.7767568
498400,37.699999999999996,62.300000000000004,70.20484171322158,92.48519999999999,0.776816
498480,37.69,62.31,70.18621973929235,92.49844,0.7768752000000001
498560,37.68,62.32,70.16759776536313,92.51168,0.7769344000000001
498640,37.67,62.33,70.14897579143388,92.52492,0.7769936000000001
498720,37.66,62.34,70.13035381750464,92.53816,0.7770528000000001
498800,37.65,62.35,70.11173184357541,92.5514,0.777112
498880,37.64,62.36,70.09310986964618,92.56464,0.7771712000000001
498960,37.629999999999995,62.370000000000005,70.07448789571693,92.57788,0.7772304
499040,37.62,62.38,70.0558659217877,92.59111999999999,0.7772896
499120,37.61,62.39,70.03724394785847,92.60435999999999,0.7773488
499200,37.6,62.4,70.01862197392923,92.6176,0.777408
499280,37.589999999999996,62.410000000000004,69.99999999999999,92.63083999999999,0.7774672000000001
499360,37.58,62.42,69.98137802607076,92.64407999999999,0.7775264000000001
499440,37.57,62.43,69.96275605214153,92.65732,0.7775856000000001
499520,37.559999999999995,62.440000000000005,69.94413407821227,92.67056,0.7776448
499600,37.55,62.45,69.92551210428304,92.68379999999999,0.7777040000000001
499680,37.54,62.46,69.90689013035382,92.69704,0.7777632000000001
499760,37.53,62.47,69.88826815642457,92.71028,0.7778224
499840,37.519999999999996,62.480000000000004,69.86964618249533,92.72352,0.7778816
499920,37.51,62.49,69.8510242085661,92.73676,0.7779408
500000,37.5,62.5,69.83240223463687,92.75,0.778
500080,37.49,62.51,69.81378026070763,92.76324,0.7780592000000002
500160,37.48,62.52,69.79515828677839,92.77648,0.7781184000000001
500240,37.47,62.53,69.77653631284916,92.78971999999999,0.7781776
500320,37.46,62.54,69.75791433891992,92.80295999999998,0.7782368000000001
500400,37.449999999999996,62.550000000000004,69.73929236499067,92.8162,0.7782960000000001
500480,37.44,62.56,69.72067039106145,92.82943999999999,0.7783552
500560,37.43,62.57,69.70204841713222,92.84267999999999,0.7784144000000001
500640,37.42,62.58,69.68342644320298,92.85592,0.7784736000000001
500720,37.41,62.59,69.66480446927373,92.86916,0.7785328
500800,37.4,62.6,69.6461824953445,92.88239999999999,0.778592
500880,37.39,62.61,69.62756052141526,92.89564,0.7786512000000001
500960,37.379999999999995,62.620000000000005,69.60893854748602,92.90888,0.7787104
501040,37.37,62.63,69.59031657355679,92.92211999999999,0.7787696000000001
501120,37.36,62.64,69.57169459962755,92.93536,0.7788288000000001
501200,37.35,62.65,69.55307262569832,92.9486,0.778888
501280,37.339999999999996,62.660000000000004,69.53445065176908,92.96184,0.7789472000000001
501360,37.33,62.67,69.51582867783985,92.97508,0.7790064000000001
501440,37.32,62.68,69.4972067039106,92.98831999999999,0.7790656
501520,37.309999999999995,62.690000000000005,69.47858472998136,93.00155999999998,0.7791248
501600,37.3,62.7,69.45996275605214,93.0148,0.779184
501680,37.29,62.71,69.4413407821229,93.02803999999999,0.7792432000000001
501760,37.28,62.72,69.42271880819366,93.04127999999999,0.7793024000000002
501840,37.269999999999996,62.730000000000004,69.40409683426442,93.05452,0.7793616000000001
501920,37.26,62.74,69.3854748603352,93.06775999999999,0.7794208
502000,37.25,62.75,69.36685288640595,93.08099999999999,0.7794800000000001
502080,37.24,62.76,69.34823091247672,93.09424,0.7795392000000001
502160,37.23,62.77,69.32960893854748,93.10748,0.7795984
502240,37.22,62.78,69.31098696461824,93.12071999999999,0.7796576000000001
502320,37.21,62.79,69.29236499068901,93.13396,0.7797168
502400,37.199999999999996,62.800000000000004,69.27374301675977,93.1472,0.779776
502480,37.19,62.81,69.25512104283054,93.16044,0.7798352000000002
502560,37.18,62.82,69.2364990689013,93.17368,0.7798944000000001
502640,37.17,62.83,69.21787709497207,93.18692,0.7799536000000001
502720,37.16,62.84,69.19925512104282,93.20015999999998,0.7800128000000001
502800,37.15,62.85,69.18063314711358,93.2134,0.7800720000000001
502880,37.14,62.86,69.16201117318435,93.22663999999999,0.7801312
502960,37.129999999999995,62.870000000000005,69.14338919925511,93.23987999999999,0.7801904000000001
503040,37.12,62.88,69.12476722532587,93.25312,0.7802496
503120,37.11,62.89,69.10614525139664,93.26635999999999,0.7803088
503200,37.1,62.9,69.08752327746741,93.27959999999999,0.7803680000000001
503280,37.089999999999996,62.910000000000004,69.06890130353817,93.29284,0.7804272000000001
503360,37.08,62.92,69.05027932960893,93.30608,0.7804864000000001
503440,37.07,62.93,69.0316573556797,93.31931999999999,0.7805456000000001
503520,37.059999999999995,62.940000000000005,69.01303538175046,93.33256,0.7806048000000001
503600,37.05,62.95,68.99441340782121,93.3458,0.780664
503680,37.04,62.96,68.97579143389198,93.35904,0.7807232000000001
503760,37.03,62.97,68.95716945996276,93.37228,0.7807824000000001
503840,37.019999999999996,62.980000000000004,68.93854748603351,93.38552,0.7808416
503920,37.01,62.99,68.91992551210427,93.39875999999998,0.7809008
504000,37.0,63.0,68.90130353817504,93.41199999999999,0.78096
504080,36.99,63.01,68.88268156424581,93.42523999999999,0.7810192000000001
504160,36.98,63.02,68.86405959031656,93.43847999999998,0.7810784000000001
504240,36.97,63.03,68.84543761638733,93.45172,0.7811376000000001
504320,36.96,63.04,68.8268156424581,93.46495999999999,0.7811968
504400,36.949999999999996,63.050000000000004,68.80819366852886,93.47819999999999,0.7812560000000001
504480,36.94,63.06,68.78957169459962,93.49144,0.7813152000000001
504560,36.93,63.07,68.77094972067039,93.50468,0.7813744
504640,36.92,63.08,68.75232774674116,93.51792,0.7814336000000001
504720,36.91,63.09,68.7337057728119,93.53116,0.7814928
504800,36.9,63.1,68.71508379888267,93.5444,0.781552
504880,36.89,63.11,68.69646182495345,93.55763999999999,0.7816112000000002
504960,36.879999999999995,63.120000000000005,68.6778398510242,93.57088,0.7816704000000001
505040,36.87,63.13,68.65921787709496,93.58412,0.7817296
505120,36.86,63.14,68.64059590316573,93.59736000000001,0.7817888000000001
505200,36.85,63.15,68.6219739292365,93.61059999999999,0.7818480000000001
505280,36.839999999999996,63.160000000000004,68.60335195530725,93.62383999999999,0.7819072
505360,36.83,63.17,68.58472998137802,93.63708,0.7819664000000001
505440,36.82,63.18,68.56610800744879,93.65032,0.7820256000000001
505520,36.809999999999995,63.190000000000005,68.54748603351953,93.66355999999999,0.7820848
505600,36.8,63.2,68.5288640595903,93.67679999999999,0.782144
505680,36.79,63.21,68.51024208566108,93.69004,0.7822032000000001
505760,36.78,63.22,68.49162011173185,93.70327999999999,0.7822624000000001
505840,36.769999999999996,63.230000000000004,68.47299813780259,93.71652,0.7823216000000001
505920,36.76,63.24,68.45437616387336,93.72976,0.7823808000000001
506000,36.75,63.25,68.43575418994413,93.743,0.78244
506080,36.74,63.26,68.41713221601489,93.75624,0.7824992000000001
506160,36.73,63.27,68.39851024208565,93.76948,0.7825584000000001
506240,36.72,63.28,68.37988826815642,93.78272,0.7826176
506320,36.71,63.29,68.36126629422719,93.79596000000001,0.7826768000000001
506400,36.699999999999996,63.300000000000004,68.34264432029794,93.80919999999999,0.782736
506480,36.69,63.31,68.32402234636871,93.82243999999999,0.7827952000000001
506560,36.68,63.32,68.30540037243948,93.83568,0.7828544000000002
506640,36.67,63.33,68.28677839851024,93.84891999999999,0.7829136000000001
506720,36.66,63.34,68.268156424581,93.86215999999999,0.7829728
506800,36.65,63.35,68.24953445065177,93.8754,0.7830320000000001
506880,36.64,63.36,68.23091247672252,93.88864,0.7830912000000001
506960,36.629999999999995,63.370000000000005,68.21229050279328,93.90187999999999,0.7831504
507040,36.62,63.38,68.19366852886405,93.91512,0.7832096000000001
507120,36.61,63.39,68.17504655493482,93.92836,0.7832688
507200,36.6,63.4,68.15642458100558,93.9416,0.783328
507280,36.589999999999996,63.410000000000004,68.13780260707634,93.95484,0.7833872
507360,36.58,63.42,68.11918063314711,93.96808,0.7834464000000001
507440,36.57,63.43,68.10055865921787,93.98132,0.7835056000000001
507520,36.559999999999995,63.440000000000005,68.08193668528862,93.99456,0.7835648000000001
507600,36.55,63.45,68.0633147113594,94.00779999999999,0.7836240000000001
507680,36.54,63.46,68.04469273743017,94.02103999999999,0.7836832
507760,36.53,63.47,68.02607076350093,94.03428,0.7837424000000001
507840,36.519999999999996,63.480000000000004,68.00744878957168,94.04751999999999,0.7838016
507920,36.51,63.49,67.98882681564245,94.06075999999999,0.7838608
508000,36.5,63.5,67.97020484171321,94.074,0.78392
508080,36.49,63.51,67.95158286778398,94.08724,0.7839792
508160,36.48,63.52,67.93296089385474,94.10047999999999,0.7840384000000001
508240,36.47,63.53,67.91433891992551,94.11372,0.7840976000000001
508320,36.46,63.54,67.89571694599627,94.12696,0.7841568000000001
508400,36.449999999999996,63.550000000000004,67.87709497206703,94.1402,0.784216
508480,36.44,63.56,67.8584729981378,94.15344,0.7842752000000001
508560,36.43,63.57,67.83985102420856,94.16668,0.7843344000000001
508640,36.42,63.58,67.82122905027933,94.17992,0.7843936
508720,36.41,63.59,67.80260707635009,94.19316,0.7844528
508800,36.4,63.6,67.78398510242084,94.2064,0.784512
508880,36.39,63.61,67.76536312849161,94.21963999999998,0.7845712
508960,36.379999999999995,63.620000000000005,67.74674115456237,94.23288,0.7846304000000001
509040,36.37,63.63,67.72811918063314,94.24611999999999,0.7846896000000001
509120,36.36,63.64,67.7094972067039,94.25935999999999,0.7847488
509200,36.35,63.65,67.69087523277467,94.2726,0.7848080000000001
509280,36.339999999999996,63.660000000000004,67.67225325884543,94.28584,0.7848672000000001
509360,36.33,63.67,67.65363128491619,94.29907999999999,0.7849264
509440,36.32,63.68,67.63500931098696,94.31232,0.7849856000000001
509520,36.309999999999995,63.690000000000005,67.61638733705772,94.32556,0.7850448
509600,36.3,63.7,67.59776536312849,94.33879999999999,0.785104
509680,36.29,63.71,67.57914338919925,94.35204,0.7851632
509760,36.28,63.72,67.56052141527002,94.36528,0.7852224000000001
509840,36.269999999999996,63.730000000000004,67.54189944134077,94.37852,0.7852816
509920,36.26,63.74,67.52327746741153,94.39176,0.7853408000000001
510000,36.25,63.75,67.5046554934823,94.405,0.7854000000000001
510080,36.24,63.76,67.48603351955308,94.41823999999998,0.7854592
510160,36.23,63.77,67.46741154562383,94.43148,0.7855184000000001
510240,36.22,63.78,67.44878957169459,94.44471999999999,0.7855776000000001
510320,36.21,63.79,67.43016759776536,94.45795999999999,0.7856368
510400,36.199999999999996,63.800000000000004,67.41154562383612,94.4712,0.785696
510480,36.19,63.81,67.39292364990688,94.48443999999999,0.7857552
510560,36.18,63.82,67.37430167597765,94.49767999999999,0.7858144000000001
510640,36.17,63.83,67.35567970204842,94.51092,0.7858736000000002
510720,36.16,63.84,67.33705772811918,94.52416,0.7859328000000001
510800,36.15,63.85,67.31843575418993,94.53739999999999,0.785992
510880,36.14,63.86,67.2998137802607,94.55064,0.7860512000000001
510960,36.129999999999995,63.870000000000005,67.28119180633146,94.56388,0.7861104000000001
511040,36.12,63.88,67.26256983240222,94.57712,0.7861696
511120,36.11,63.89,67.24394785847299,94.59036,0.7862288000000001
511200,36.1,63.9,67.22532588454376,94.6036,0.7862880000000001
511280,36.089999999999996,63.910000000000004,67.20670391061451,94.61684,0.7863472
511360,36.08,63.92,67.18808193668528,94.63007999999999,0.7864064000000002
511440,36.07,63.93,67.16945996275605,94.64331999999999,0.7864656000000001
511520,36.059999999999995,63.940000000000005,67.15083798882681,94.65655999999998,0.7865248
511600,36.05,63.95,67.13221601489757,94.6698,0.7865840000000001
511680,36.04,63.96,67.11359404096834,94.68303999999999,0.7866432000000001
511760,36.03,63.97,67.09497206703911,94.69627999999999,0.7867024
511840,36.019999999999996,63.980000000000004,67.07635009310985,94.70952,0.7867616000000001
511920,36.01,63.99,67.05772811918062,94.72276,0.7868208
512000,36.0,64.0,67.0391061452514,94.73599999999999,0.78688
512080,35.989999999999995,64.01,67.02048417132215,94.74924,0.7869392
512160,35.980000000000004,64.02,67.00186219739292,94.76248,0.7869984000000001
512240,35.97,64.03,66.98324022346368,94.77571999999999,0.7870576000000001
512320,35.959999999999994,64.04,66.96461824953444,94.78896,0.7871168000000001
512400,35.95,64.05,66.94599627560521,94.8022,0.7871760000000001
512480,35.94,64.06,66.92737430167597,94.81544,0.7872352
512560,35.92999999999999,64.07000000000001,66.90875232774673,94.82867999999999,0.7872944000000001
512640,35.92,64.08,66.8901303538175,94.84191999999999,0.7873536000000001
512720,35.91,64.09,66.87150837988825,94.85515999999998,0.7874128
512800,35.900000000000006,64.1,66.85288640595904,94.8684,0.7874720000000001
512880,35.89,64.11,66.8342644320298,94.88163999999999,0.7875312
512960,35.879999999999995,64.12,66.81564245810054,94.89487999999999,0.7875904000000001
513040,35.870000000000005,64.13,66.79702048417133,94.90812,0.7876496000000002
513120,35.86,64.14,66.77839851024208,94.92135999999999,0.7877088000000001
513200,35.849999999999994,64.15,66.75977653631283,94.93459999999999,0.787768
513280,35.84,64.16,66.74115456238361,94.94784,0.7878272000000001
513360,35.83,64.17,66.72253258845437,94.96108,0.7878864000000001
513440,35.81999999999999,64.18,66.70391061452513,94.97431999999999,0.7879456
513520,35.81,64.19,66.6852886405959,94.98756,0.7880048000000001
513600,35.8,64.2,66.66666666666666,95.0008,0.788064
513680,35.78999999999999,64.21000000000001,66.64804469273741,95.01404,0.7881232
513760,35.78,64.22,66.62942271880819,95.02728,0.7881824000000002
513840,35.769999999999996,64.23,66.61080074487894,95.04051999999999,0.7882416000000001
513920,35.760000000000005,64.24,66.59217877094973,95.05375999999998,0.7883008000000001
514000,35.75,64.25,66.57355679702049,95.067,0.7883600000000001
514080,35.739999999999995,64.26,66.55493482309123,95.08023999999999,0.7884192000000001
514160,35.730000000000004,64.27,66.53631284916202,95.09348,0.7884784
514240,35.72,64.28,66.51769087523277,95.10672,0.7885376000000001
514320,35.709999999999994,64.29,66.49906890130352,95.11995999999999,0.7885968
514400,35.7,64.3,66.4804469273743,95.13319999999999,0.788656
514480,35.69,64.31,66.46182495344506,95.14644,0.7887152
514560,35.67999999999999,64.32000000000001,66.44320297951582,95.15968,0.7887744000000001
514640,35.67,64.33,66.42458100558659,95.17292,0.7888336000000001
514720,35.66,64.34,66.40595903165735,95.18616,0.7888928000000001
514800,35.650000000000006,64.35,66.38733705772813,95.1994,0.7889520000000001
514880,35.64,64.36,66.36871508379888,95.21264,0.7890112
514960,35.629999999999995,64.37,66.35009310986963,95.22588,0.7890704000000001
515040,35.620000000000005,64.38,66.33147113594042,95.23911999999999,0.7891296000000001
515120,35.61,64.39,66.31284916201116,95.25235999999998,0.7891888
515200,35.599999999999994,64.4,66.29422718808192,95.26559999999999,0.789248
515280,35.59,64.41,66.2756052141527,95.27883999999999,0.7893072000000001
515360,35.58,64.42,66.25698324022346,95.29208,0.7893664000000001
515440,35.56999999999999,64.43,66.2383612662942,95.30532,0.7894256000000001
515520,35.56,64.44,66.21973929236499,95.31855999999999,0.7894848000000001
515600,35.55,64.45,66.20111731843575,95.33179999999999,0.789544
515680,35.53999999999999,64.46000000000001,66.18249534450649,95.34504,0.7896032000000001
515760,35.53,64.47,66.16387337057728,95.35828,0.7896624000000001
515840,35.519999999999996,64.48,66.14525139664804,95.37152,0.7897216
515920,35.510000000000005,64.49,66.1266294227188,95.38476,0.7897808000000001
516000,35.5,64.5,66.10800744878956,95.398,0.7898400000000001
516080,35.489999999999995,64.51,66.08938547486032,95.41123999999999,0.7898992
516160,35.480000000000004,64.52,66.07076350093111,95.42448,0.7899584000000002
516240,35.47,64.53,66.05214152700185,95.43772,0.7900176000000001
516320,35.459999999999994,64.54,66.03351955307261,95.45095999999998,0.7900768
516400,35.45,64.55,66.0148975791434,95.46419999999999,0.7901360000000001
516480,35.44,64.56,65.99627560521415,95.47743999999999,0.7901952000000001
516560,35.42999999999999,64.57000000000001,65.9776536312849,95.49068,0.7902544
516640,35.42,64.58,65.95903165735568,95.50392,0.7903136000000001
516720,35.41,64.59,65.94040968342644,95.51715999999999,0.7903728
516800,35.400000000000006,64.6,65.92178770949721,95.5304,0.790432
516880,35.39,64.61,65.90316573556797,95.54364,0.7904912000000001
516960,35.379999999999995,64.62,65.88454376163872,95.55687999999999,0.7905504000000001
517040,35.370000000000005,64.63,65.8659217877095,95.57012,0.7906096000000001
517120,35.36,64.64,65.84729981378025,95.58336,0.7906688000000001
517200,35.349999999999994,64.65,65.82867783985101,95.5966,0.7907280000000001
517280,35.34,64.66,65.8100558659218,95.60984,0.7907872
517360,35.33,64.67,65.79143389199254,95.62308,0.7908464000000001
517440,35.31999999999999,64.68,65.7728119180633,95.63632,0.7909056
517520,35.31,64.69,65.75418994413408,95.64956,0.7909648
517600,35.3,64.7,65.73556797020483,95.66279999999999,0.791024
517680,35.28999999999999,64.71000000000001,65.71694599627558,95.67603999999999,0.7910832
517760,35.28,64.72,65.69832402234637,95.68928,0.7911424
517840,35.269999999999996,64.73,65.67970204841713,95.70251999999999,0.7912016000000001
517920,35.260000000000005,64.74,65.6610800744879,95.71575999999999,0.7912608000000001
518000,35.25,64.75,65.64245810055866,95.729,0.79132
518080,35.239999999999995,64.76,65.62383612662941,95.74224,0.7913792000000001
518160,35.230000000000004,64.77,65.60521415270019,95.75547999999999,0.7914384000000001
518240,35.22,64.78,65.58659217877094,95.76872,0.7914976
518320,35.209999999999994,64.79,65.5679702048417,95.78196,0.7915568
518400,35.2,64.8,65.54934823091247,95.7952,0.7916160000000001
518480,35.19,64.81,65.53072625698323,95.80844,0.7916752
518560,35.17999999999999,64.82000000000001,65.51210428305399,95.82168,0.7917344
518640,35.17,64.83,65.49348230912477,95.83492,0.7917936000000001
518720,35.16,64.84,65.47486033519552,95.84816000000001,0.7918528
518800,35.150000000000006,64.85,65.4562383612663,95.86139999999999,0.7919120000000002
518880,35.14,64.86,65.43761638733706,95.87463999999999,0.7919712000000001
518960,35.129999999999995,64.87,65.4189944134078,95.88788,0.7920304
519040,35.120000000000005,64.88,65.40037243947859,95.90111999999999,0.7920896000000001
519120,35.11,64.89,65.38175046554935,95.91435999999999,0.7921488000000001
519200,35.099999999999994,64.9,65.3631284916201,95.9276,0.792208
519280,35.09,64.91,65.34450651769087,95.94084,0.7922672000000001
519360,35.08,64.92,65.32588454376163,95.95407999999999,0.7923264
519440,35.06999999999999,64.93,65.30726256983239,95.96732,0.7923856
519520,35.06,64.94,65.28864059590316,95.98056,0.7924448000000002
519600,35.05,64.95,65.27001862197392,95.9938,0.7925040000000001
519680,35.03999999999999,64.96000000000001,65.25139664804468,96.00704,0.7925632
519760,35.03,64.97,65.23277467411546,96.02028,0.7926224000000001
519840,35.019999999999996,64.98,65.2141527001862,96.03352,0.7926816000000001
519920,35.010000000000005,64.99,65.19553072625699,96.04676,0.7927408
520000,35.0,65.0,65.17690875232775,96.05999999999999,0.7928000000000001
520080,34.989999999999995,65.01,65.15828677839849,96.07323999999998,0.7928592
520160,34.980000000000004,65.02,65.13966480446928,96.08648,0.7929184
520240,34.97,65.03,65.12104283054003,96.09971999999999,0.7929776000000002
520320,34.959999999999994,65.04,65.10242085661079,96.11295999999999,0.7930368000000001
520400,34.95,65.05,65.08379888268156,96.1262,0.7930960000000001
520480,34.94,65.06,65.06517690875232,96.13944,0.7931552000000001
520560,34.92999999999999,65.07000000000001,65.04655493482308,96.15267999999999,0.7932144000000001
520640,34.92,65.08,65.02793296089385,96.16592,0.7932736
520720,34.91,65.09,65.0093109869646,96.17916,0.7933328000000001
520800,34.900000000000006,65.1,64.9906890130354,96.19239999999999,0.7933920000000001
520880,34.89,65.11,64.97206703910614,96.20564,0.7934512
520960,34.879999999999995,65.12,64.9534450651769,96.21888,0.7935104
521040,34.870000000000005,65.13,64.93482309124768,96.23212,0.7935696000000001
521120,34.86,65.14,64.91620111731844,96.24536,0.7936288000000001
521200,34.849999999999994,65.15,64.89757914338918,96.25859999999999,0.7936880000000001
521280,34.84,65.16,64.87895716945997,96.27183999999998,0.7937472000000001
521360,34.83,65.17,64.86033519553072,96.28508,0.7938064
521440,34.81999999999999,65.18,64.84171322160147,96.29831999999999,0.7938656000000001
521520,34.81,65.19,64.82309124767225,96.31155999999999,0.7939248000000001
521600,34.8,65.2,64.80446927374301,96.3248,0.793984
521680,34.78999999999999,65.21000000000001,64.78584729981377,96.33803999999999,0.7940432
521760,34.78,65.22,64.76722532588454,96.35127999999999,0.7941024
521840,34.769999999999996,65.23,64.7486033519553,96.36452,0.7941616000000001
521920,34.760000000000005,65.24,64.72998137802608,96.37776,0.7942208000000002
522000,34.75,65.25,64.71135940409683,96.39099999999999,0.7942800000000001
522080,34.739999999999995,65.26,64.69273743016758,96.40424,0.7943392
522160,34.730000000000004,65.27,64.67411545623837,96.41748,0.7943984000000001
522240,34.72,65.28,64.65549348230911,96.43072,0.7944576000000001
522320,34.709999999999994,65.29,64.63687150837987,96.44396,0.7945168
522400,34.7,65.3,64.61824953445065,96.4572,0.7945760000000001
522480,34.69,65.31,64.59962756052141,96.47043999999998,0.7946352
522560,34.67999999999999,65.32000000000001,64.58100558659216,96.48367999999999,0.7946944
522640,34.67,65.33,64.56238361266294,96.49691999999999,0.7947536000000002
522720,34.66,65.34,64.5437616387337,96.51015999999998,0.7948128000000001
522800,34.650000000000006,65.35,64.52513966480447,96.5234,0.7948720000000001
522880,34.64,65.36,64.50651769087523,96.53663999999999,0.7949312000000001
522960,34.629999999999995,65.37,64.48789571694599,96.54987999999999,0.7949904000000001
523040,34.620000000000005,65.38,64.46927374301677,96.56312,0.7950496
523120,34.61,65.39,64.45065176908751,96.57636,0.7951088000000001
523200,34.599999999999994,65.4,64.43202979515827,96.58959999999999,0.795168
523280,34.59,65.41,64.41340782122906,96.60284,0.7952272
523360,34.58,65.42,64.3947858472998,96.61608,0.7952864
523440,34.56999999999999,65.43,64.37616387337056,96.62931999999999,0.7953456000000001
523520,34.56,65.44,64.35754189944134,96.64256,0.7954048000000001
523600,34.55,65.45,64.3389199255121,96.6558,0.7954640000000001
523680,34.53999999999999,65.46000000000001,64.32029795158284,96.66903999999998,0.7955232000000001
523760,34.53,65.47,64.30167597765363,96.68227999999999,0.7955824
523840,34.519999999999996,65.48,64.28305400372439,96.69551999999999,0.7956416000000001
523920,34.510000000000005,65.49,64.26443202979516,96.70875999999998,0.7957008000000001
524000,34.5,65.5,64.24581005586592,96.722,0.79576
524080,34.489999999999995,65.51,64.22718808193667,96.73523999999999,0.7958192
524160,34.480000000000004,65.52,64.20856610800745,96.74848,0.7958784000000001
524240,34.47,65.53,64.1899441340782,96.76172,0.7959376000000001
524320,34.459999999999994,65.54,64.17132216014896,96.77496,0.7959968000000001
524400,34.45,65.55,64.15270018621975,96.78819999999999,0.7960560000000001
524480,34.44,65.56,64.13407821229049,96.80144,0.7961152
524560,34.42999999999999,65.57000000000001,64.11545623836125,96.81468,0.7961744000000001
524640,34.42,65.58,64.09683426443203,96.82792,0.7962336000000001
524720,34.41,65.59,64.07821229050278,96.84116,0.7962928
524800,34.400000000000006,65.6,64.05959031657356,96.8544,0.7963520000000001
524880,34.39,65.61,64.04096834264432,96.86764,0.7964112000000001
524960,34.379999999999995,65.62,64.02234636871508,96.88087999999999,0.7964704
525040,34.370000000000005,65.63,64.00372439478585,96.89411999999999,0.7965296000000002
525120,34.36,65.64,63.985102420856606,96.90735999999998,0.7965888000000001
525200,34.349999999999994,65.65,63.96648044692736,96.9206,0.796648
525280,34.34,65.66,63.94785847299814,96.93383999999999,0.7967072000000001
525360,34.33,65.67,63.92923649906889,96.94708,0.7967664000000001
525440,34.31999999999999,65.68,63.91061452513965,96.96032,0.7968256
525520,34.31,65.69,63.89199255121043,96.97355999999999,0.7968848000000001
525600,34.3,65.7,63.873370577281186,96.98679999999999,0.796944
525680,34.28999999999999,65.71000000000001,63.854748603351936,97.00004,0.7970032
525760,34.28,65.72,63.836126629422715,97.01328,0.7970624000000001
525840,34.269999999999996,65.73,63.81750465549347,97.02652,0.7971216000000001
525920,34.260000000000005,65.74,63.79888268156425,97.03976,0.7971808000000001
526000,34.25,65.75,63.78026070763501,97.053,0.7972400000000001
526080,34.239999999999995,65.76,63.76163873370576,97.06624,0.7972992000000001
526160,34.230000000000004,65.77,63.74301675977654,97.07947999999999,0.7973584
526240,34.22,65.78,63.724394785847295,97.09271999999999,0.7974176000000001
526320,34.209999999999994,65.79,63.705772811918045,97.10595999999998,0.7974768
526400,34.2,65.8,63.68715083798883,97.11919999999999,0.797536
526480,34.19,65.81,63.66852886405958,97.13243999999999,0.7975952000000001
526560,34.17999999999999,65.82000000000001,63.64990689013034,97.14568,0.7976544
526640,34.17,65.83,63.63128491620112,97.15892,0.7977136000000001
526720,34.16,65.84,63.61266294227187,97.17215999999999,0.7977728000000001
526800,34.150000000000006,65.85,63.594040968342654,97.1854,0.7978320000000001
526880,34.14,65.86,63.575418994413404,97.19864,0.7978912
526960,34.129999999999995,65.87,63.55679702048416,97.21188,0.7979504000000001
527040,34.120000000000005,65.88,63.53817504655494,97.22512,0.7980096000000001
527120,34.11,65.89,63.51955307262569,97.23836,0.7980688
527200,34.099999999999994,65.9,63.50093109869645,97.2516,0.798128
527280,34.09,65.91,63.48230912476723,97.26484,0.7981872000000001
527360,34.08,65.92,63.463687150837984,97.27808,0.7982464
527440,34.06999999999999,65.93,63.445065176908734,97.29131999999998,0.7983056000000001
527520,34.06,65.94,63.42644320297951,97.30456,0.7983648000000001
527600,34.05,65.95,63.40782122905027,97.31779999999999,0.798424
527680,34.03999999999999,65.96000000000001,63.38919925512102,97.33103999999999,0.7984832000000001
527760,34.03,65.97,63.37057728119181,97.34428,0.7985424000000001
527840,34.019999999999996,65.98,63.35195530726256,97.35752,0.7986016
527920,34.010000000000005,65.99,63.333333333333336,97.37075999999999,0.7986608000000001
528000,34.0,66.0,63.31471135940409,97.384,0.7987200000000001
528080,33.989999999999995,66.01,63.29608938547484,97.39724,0.7987792
528160,33.980000000000004,66.02,63.27746741154563,97.41047999999999,0.7988384000000001
528240,33.97,66.03,63.25884543761638,97.42372,0.7988976000000001
528320,33.959999999999994,66.04,63.24022346368714,97.43696,0.7989568
528400,33.95,66.05,63.221601489757916,97.4502,0.7990160000000002
528480,33.94,66.06,63.20297951582867,97.46344,0.7990752000000001
528560,33.92999999999999,66.07000000000001,63.18435754189942,97.47668,0.7991344
528640,33.92,66.08,63.1657355679702,97.48991999999998,0.7991936000000001
528720,33.91,66.09,63.14711359404096,97.50316,0.7992528000000001
528800,33.900000000000006,66.1,63.12849162011174,97.51639999999999,0.799312
528880,33.89,66.11,63.109869646182496,97.52963999999999,0.7993712000000001
528960,33.879999999999995,66.12,63.091247672253246,97.54288,0.7994304
529040,33.870000000000005,66.13,63.072625698324025,97.55611999999999,0.7994896
529120,33.86,66.14,63.05400372439478,97.56935999999999,0.7995488000000002
529200,33.849999999999994,66.15,63.03538175046553,97.5826,0.7996080000000001
529280,33.84,66.16,63.01675977653632,97.59584,0.7996672000000001
529360,33.83,66.17,62.99813780260707,97.60907999999999,0.7997264000000001
529440,33.81999999999999,66.18,62.979515828677826,97.62232,0.7997856000000001
529520,33.81,66.19,62.960893854748605,97.63556,0.7998448
529600,33.8,66.2,62.942271880819355,97.6488,0.7999040000000001
529680,33.78999999999999,66.21000000000001,62.92364990689011,97.66204,0.7999632
529760,33.78,66.22,62.90502793296089,97.67528,0.8000224
529840,33.769999999999996,66.23,62.88640595903165,97.68852,0.8000816
529920,33.760000000000005,66.24,62.86778398510243,97.70176,0.8001408000000001
530000,33.75,66.25,62.84916201117318,97.71499999999999,0.8002000000000001
530080,33.739999999999995,66.26,62.830540037243935,97.72823999999999,0.8002592000000001
530160,33.730000000000004,66.27,62.811918063314714,97.74148,0.8003184000000001
530240,33.72,66.28,62.79329608938547,97.75471999999999,0.8003776
530320,33.709999999999994,66.29,62.77467411545622,97.76795999999999,0.8004368000000001
530400,33.7,66.3,62.756052141527,97.7812,0.8004960000000001
530480,33.69,66.31,62.73743016759776,97.79444,0.8005552
530560,33.67999999999999,66.32000000000001,62.71880819366851,97.80767999999999,0.8006144
530640,33.67,66.33,62.700186219739294,97.82092,0.8006736
530720,33.66,66.34,62.681564245810044,97.83416,0.8007328000000001
530800,33.650000000000006,66.35,62.66294227188082,97.8474,0.8007920000000002
530880,33.64,66.36,62.64432029795158,97.86064,0.8008512000000001
530960,33.629999999999995,66.37,62.62569832402233,97.87388,0.8009104
531040,33.620000000000005,66.38,62.607076350093116,97.88712,0.8009696000000001
531120,33.61,66.39,62.58845437616387,97.90035999999999,0.8010288000000001
531200,33.599999999999994,66.4,62.569832402234624,97.91359999999999,0.801088
531280,33.59,66.41,62.5512104283054,97.92683999999998,0.8011472000000001
531360,33.58,66.42,62.53258845437616,97.94008,0.8012064
531440,33.56999999999999,66.43,62.51396648044691,97.95331999999999,0.8012656
531520,33.56,66.44,62.49534450651769,97.96655999999999,0.8013248000000002
531600,33.55,66.45,62.47672253258845,97.9798,0.8013840000000001
531680,33.53999999999999,66.46000000000001,62.4581005586592,97.99304,0.8014432
531760,33.53,66.47,62.43947858472998,98.00627999999999,0.8015024000000001
531840,33.519999999999996,66.48,62.42085661080073,98.01952,0.8015616000000001
531920,33.510000000000005,66.49,62.40223463687151,98.03276,0.8016208
532000,33.5,66.5,62.38361266294227,98.04599999999999,0.8016800000000001
532080,33.489999999999995,66.51,62.36499068901302,98.05924,0.8017392
532160,33.480000000000004,66.52,62.346368715083806,98.07248,0.8017984
532240,33.47,66.53,62.327746741154556,98.08572,0.8018576
532320,33.459999999999994,66.54,62.30912476722531,98.09896,0.8019168000000001
532400,33.45,66.55,62.29050279329609,98.11219999999999,0.8019760000000001
532480,33.44,66.56,62.27188081936684,98.12543999999998,0.8020352000000001
532560,33.42999999999999,66.57000000000001,62.2532588454376,98.13868,0.8020944000000001
532640,33.42,66.58,62.23463687150838,98.15191999999999,0.8021536
532720,33.41,66.59,62.216014897579136,98.16515999999999,0.8022128000000001
532800,33.400000000000006,66.6,62.197392923649915,98.1784,0.8022720000000001
532880,33.39,66.61,62.178770949720665,98.19163999999999,0.8023312
532960,33.379999999999995,66.62,62.16014897579142,98.20487999999999,0.8023904
533040,33.370000000000005,66.63,62.1415270018622,98.21812,0.8024496000000001
533120,33.36,66.64,62.12290502793296,98.23136,0.8025088000000001
533200,33.349999999999994,66.65,62.10428305400371,98.24459999999999,0.8025680000000001
533280,33.34,66.66,62.08566108007449,98.25784,0.8026272000000001
533360,33.33,66.67,62.067039106145245,98.27108,0.8026864
533440,33.31999999999999,66.68,62.048417132215995,98.28432,0.8027456000000001
533520,33.31,66.69,62.02979515828678,98.29756,0.8028048000000001
533600,33.3,66.7,62.01117318435753,98.31079999999999,0.802864
533680,33.28999999999999,66.71000000000001,61.99255121042829,98.32403999999998,0.8029232
533760,33.28,66.72,61.97392923649907,98.33727999999999,0.8029824000000001
533840,33.269999999999996,66.73,61.95530726256982,98.35051999999999,0.8030416
533920,33.260000000000005,66.74,61.936685288640604,98.36375999999998,0.8031008000000002
534000,33.25,66.75,61.918063314711354,98.377,0.8031600000000001
534080,33.239999999999995,66.76,61.89944134078211,98.39023999999999,0.8032192
534160,33.230000000000004,66.77,61.88081936685289,98.40348,0.8032784000000001
534240,33.22,66.78,61.86219739292365,98.41672,0.8033376000000001
534320,33.209999999999994,66.79,61.8435754189944,98.42996,0.8033968
534400,33.2,66.8,61.82495344506518,98.44319999999999,0.8034560000000001
534480,33.19,66.81,61.806331471135934,98.45644,0.8035152000000001
534560,33.17999999999999,66.82000000000001,61.787709497206684,98.46968,0.8035744
534640,33.17,66.83,61.76908752327747,98.48292000000001,0.8036336000000001
534720,33.16,66.84,61.75046554934822,98.49616,0.8036928000000001
534800,33.150000000000006,66.85,61.731843575419,98.50939999999999,0.8037520000000001
534880,33.14,66.86,61.71322160148976,98.52264,0.8038112000000001
534960,33.129999999999995,66.87,61.69459962756051,98.53587999999999,0.8038704000000001
535040,33.120000000000005,66.88,61.67597765363129,98.54911999999999,0.8039296
535120,33.11,66.89,61.65735567970204,98.56235999999998,0.8039888000000001
535200,33.099999999999994,66.9,61.6387337057728,98.5756,0.804048
535280,33.09,66.91,61.62011173184358,98.58883999999999,0.8041072
535360,33.08,66.92,61.60148975791433,98.60208,0.8041664000000001
535440,33.06999999999999,66.93,61.58286778398509,98.61532,0.8042256
535520,33.06,66.94,61.564245810055866,98.62856,0.8042848000000001
535600,33.05,66.95,61.54562383612662,98.64179999999999,0.8043440000000001
535680,33.03999999999999,66.96000000000001,61.52700186219737,98.65504,0.8044032000000001
535760,33.03,66.97,61.50837988826815,98.66828,0.8044624
535840,33.019999999999996,66.98,61.48975791433891,98.68152,0.8045216000000001
535920,33.010000000000005,66.99,61.47113594040969,98.69476,0.8045808000000001
536000,33.0,67.0,61.452513966480446,98.708,0.80464
536080,32.989999999999995,67.01,61.433891992551196,98.72124,0.8046992000000001
536160,32.980000000000004,67.02,61.415270018621975,98.73447999999999,0.8047584000000001
536240,32.97,67.03,61.39664804469273,98.74771999999999,0.8048176
536320,32.959999999999994,67.04,61.37802607076348,98.76095999999998,0.8048768000000001
536400,32.95,67.05,61.35940409683427,98.7742,0.8049360000000001
536480,32.94,67.06,61.34078212290502,98.78743999999999,0.8049952
536560,32.92999999999999,67.07000000000001,61.322160148975776,98.80068,0.8050544000000001
536640,32.92,67.08,61.303538175046555,98.81392,0.8051136000000001
536720,32.91,67.09,61.284916201117305,98.82715999999999,0.8051728
536800,32.900000000000006,67.1,61.26629422718809,98.8404,0.8052320000000001
536880,32.89,67.11,61.24767225325884,98.85364,0.8052912000000001
536960,32.879999999999995,67.12,61.2290502793296,98.86688,0.8053504
537040,32.870000000000005,67.13,61.21042830540038,98.88012,0.8054096000000001
537120,32.86,67.14,61.191806331471135,98.89336,0.8054688000000001
537200,32.849999999999994,67.15,61.173184357541885,98.9066,0.805528
537280,32.84,67.16,61.154562383612664,98.91984,0.8055872000000002
537360,32.83,67.17,61.13594040968342,98.93307999999999,0.8056464000000001
537440,32.81999999999999,67.18,61.11731843575417,98.94631999999999,0.8057056
537520,32.81,67.19,61.09869646182496,98.95956,0.8057648000000001
537600,32.8,67.2,61.08007448789571,98.97279999999999,0.8058240000000001
537680,32.78999999999999,67.21000000000001,61.061452513966465,98.98603999999999,0.8058832
537760,32.78,67.22,61.042830540037244,98.99928,0.8059424000000001
537840,32.769999999999996,67.23,61.024208566107994,99.01252,0.8060016
537920,32.760000000000005,67.24,61.00558659217878,99.02575999999999,0.8060608000000001
538000,32.75,67.25,60.98696461824953,99.039,0.8061200000000002
538080,32.739999999999995,67.26,60.96834264432029,99.05224,0.8061792000000001
538160,32.730000000000004,67.27,60.949720670391066,99.06548,0.8062384000000001
538240,32.72,67.28,60.93109869646182,99.07872,0.8062976000000001
538320,32.709999999999994,67.29,60.912476722532574,99.09196,0.8063568000000001
538400,32.7,67.3,60.89385474860335,99.1052,0.806416
538480,32.69,67.31,60.87523277467411,99.11844,0.8064752000000001
538560,32.67999999999999,67.32000000000001,60.85661080074486,99.13167999999999,0.8065344
538640,32.67,67.33,60.83798882681564,99.14491999999998,0.8065936
538720,32.66,67.34,60.8193668528864,99.15816,0.8066528000000002
538800,32.650000000000006,67.35,60.800744878957175,99.17139999999999,0.8067120000000001
538880,32.64,67.36,60.78212290502793,99.18463999999999,0.8067712000000001
538960,32.629999999999995,67.37,60.76350093109868,99.19788,0.8068304000000001
539040,32.620000000000005,67.38,60.74487895716946,99.21112,0.8068896000000001
539120,32.61,67.39,60.72625698324022,99.22435999999999,0.8069488
539200,32.599999999999994,67.4,60.70763500931097,99.2376,0.8070080000000001
539280,32.59,67.41,60.689013035381755,99.25084,0.8070672000000001
539360,32.58,67.42,60.670391061452506,99.26407999999999,0.8071264
539440,32.56999999999999,67.43,60.65176908752326,99.27732,0.8071856
539520,32.56,67.44,60.63314711359404,99.29056,0.8072448000000001
539600,32.55,67.45,60.61452513966479,99.3038,0.8073040000000001
539680,32.53999999999999,67.46000000000001,60.59590316573555,99.31704,0.8073632000000001
539760,32.53,67.47,60.57728119180633,99.33027999999999,0.8074224000000001
539840,32.519999999999996,67.48,60.558659217877086,99.34351999999998,0.8074816
539920,32.510000000000005,67.49,60.540037243947864,99.35676,0.8075408000000001
540000,32.5,67.5,60.521415270018615,99.36999999999999,0.8076000000000001
540080,32.489999999999995,67.51,60.50279329608937,99.38323999999999,0.8076592
540160,32.480000000000004,67.52,60.48417132216015,99.39648,0.8077184000000001
540240,32.47,67.53,60.46554934823091,99.40972,0.8077776
540320,32.459999999999994,67.54,60.44692737430166,99.42295999999999,0.8078368
540400,32.45,67.55,60.428305400372444,99.4362,0.8078960000000002
540480,32.44,67.56,60.409683426443195,99.44944,0.8079552000000001
540560,32.42999999999999,67.57000000000001,60.39106145251395,99.46267999999999,0.8080144
540640,32.42,67.58,60.37243947858473,99.47592,0.8080736000000001
540720,32.41,67.59,60.35381750465548,99.48916,0.8081328000000001
540800,32.400000000000006,67.6,60.33519553072627,99.5024,0.808192
540880,32.39,67.61,60.31657355679702,99.51564,0.8082512000000001
540960,32.379999999999995,67.62,60.297951582867775,99.52888,0.8083104
541040,32.370000000000005,67.63,60.27932960893855,99.54211999999998,0.8083696
541120,32.36,67.64,60.260707635009304,99.55536,0.8084288
541200,32.349999999999994,67.65,60.24208566108006,99.56859999999999,0.8084880000000001
541280,32.34,67.66,60.22346368715084,99.58183999999999,0.8085472000000001
541360,32.33,67.67,60.2048417132216,99.59508,0.8086064000000001
541440,32.31999999999999,67.68,60.18621973929235,99.60831999999999,0.8086656000000001
541520,32.31,67.69,60.167597765363126,99.62155999999999,0.8087248
541600,32.3,67.7,60.148975791433884,99.6348,0.8087840000000001
541680,32.28999999999999,67.71000000000001,60.130353817504634,99.64804,0.8088432
541760,32.28,67.72,60.11173184357542,99.66127999999999,0.8089024
541840,32.269999999999996,67.73,60.09310986964617,99.67452,0.8089616
541920,32.260000000000005,67.74,60.07448789571695,99.68776,0.8090208000000001
542000,32.25,67.75,60.055865921787706,99.701,0.8090800000000001
542080,32.239999999999995,67.76,60.03724394785846,99.71424,0.8091392000000001
542160,32.230000000000004,67.77,60.01862197392924,99.72748,0.8091984000000001
542240,32.22,67.78,59.99999999999999,99.74071999999998,0.8092576
542320,32.209999999999994,67.79,59.98137802607075,99.75395999999999,0.8093168000000001
542400,32.2,67.8,59.96275605214153,99.76719999999999,0.8093760000000001
542480,32.19,67.81,59.94413407821228,99.78043999999998,0.8094352
542560,32.17999999999999,67.82000000000001,59.92551210428304,99.79368,0.8094944
542640,32.17,67.83,59.906890130353815,99.80691999999999,0.8095536000000001
542720,32.16,67.84,59.88826815642457,99.82015999999999,0.8096128
542800,32.150000000000006,67.85,59.86964618249535,99.8334,0.8096720000000002
542880,32.14,67.86,59.8510242085661,99.84664,0.8097312000000001
542960,32.129999999999995,67.87,59.83240223463686,99.85987999999999,0.8097904
543040,32.120000000000005,67.88,59.81378026070764,99.87312,0.8098496000000001
543120,32.11,67.89,59.795158286778396,99.88636,0.8099088000000001
543200,32.099999999999994,67.9,59.776536312849146,99.89959999999999,0.809968
543280,32.09,67.91,59.75791433891993,99.91284,0.8100272000000001
543360,32.08,67.92,59.73929236499068,99.92608,0.8100864000000001
543440,32.06999999999999,67.93,59.72067039106144,99.93932,0.8101456
543520,32.06,67.94,59.70204841713222,99.95255999999999,0.8102048000000001
543600,32.05,67.95,59.68342644320297,99.96579999999999,0.8102640000000001
543680,32.03999999999999,67.96000000000001,59.664804469273726,99.97903999999998,0.8103232
543760,32.03,67.97,59.646182495344505,99.99228,0.8103824000000001
543840,32.019999999999996,67.98,59.62756052141526,100.00551999999999,0.8104416000000001
543920,32.010000000000005,67.99,59.60893854748604,100.01875999999999,0.8105008
544000,32.0,68.0,59.59031657355679,100.032,0.8105600000000001
544080,31.989999999999995,68.01,59.57169459962755,100.04523999999999,0.8106192000000001
544160,31.980000000000004,68.02,59.55307262569833,100.05848,0.8106784
544240,31.97,68.03,59.534450651769085,100.07172,0.8107376000000001
544320,31.959999999999994,68.04,59.515828677839835,100.08496,0.8107968
544400,31.950000000000003,68.05,59.497206703910614,100.09819999999999,0.8108560000000001
544480,31.939999999999998,68.06,59.47858472998137,100.11144,0.8109152000000001
544560,31.929999999999993,68.07000000000001,59.45996275605212,100.12468,0.8109744000000001
544640,31.92,68.08,59.44134078212291,100.13792000000001,0.8110336
544720,31.909999999999997,68.09,59.42271880819366,100.15115999999999,0.8110928000000001
544800,31.900000000000006,68.1,59.404096834264436,100.16439999999999,0.8111520000000001
544880,31.89,68.11,59.385474860335194,100.17764,0.8112112
544960,31.879999999999995,68.12,59.366852886405944,100.19087999999999,0.8112704000000001
545040,31.870000000000005,68.13,59.34823091247673,100.20411999999999,0.8113296000000001
545120,31.86,68.14,59.32960893854748,100.21735999999999,0.8113888
545200,31.849999999999994,68.15,59.31098696461824,100.2306,0.8114480000000001
545280,31.840000000000003,68.16,59.292364990689016,100.24383999999999,0.8115072000000001
545360,31.83,68.17,59.27374301675977,100.25708,0.8115664
545440,31.819999999999993,68.18,59.255121042830524,100.27032,0.8116256000000001
545520,31.810000000000002,68.19,59.2364990689013,100.28356,0.8116848000000001
545600,31.799999999999997,68.2,59.21787709497206,100.29679999999999,0.811744
545680,31.789999999999992,68.21000000000001,59.19925512104281,100.31004,0.8118032000000001
545760,31.78,68.22,59.18063314711359,100.32328,0.8118624000000001
545840,31.769999999999996,68.23,59.16201117318435,100.33652000000001,0.8119216
545920,31.760000000000005,68.24,59.143389199255125,100.34976,0.8119808000000001
546000,31.75,68.25,59.12476722532588,100.36299999999999,0.8120400000000001
546080,31.739999999999995,68.26,59.10614525139663,100.37624,0.8120992
546160,31.730000000000004,68.27,59.08752327746742,100.38947999999999,0.8121584000000002
546240,31.72,68.28,59.06890130353817,100.40271999999999,0.8122176000000001
546320,31.709999999999994,68.29,59.05027932960893,100.41595999999998,0.8122768
546400,31.700000000000003,68.3,59.031657355679705,100.4292,0.8123360000000001
546480,31.689999999999998,68.31,59.013035381750456,100.44243999999999,0.8123952000000001
546560,31.679999999999993,68.32000000000001,58.99441340782121,100.45568,0.8124544
546640,31.67,68.33,58.97579143389199,100.46892,0.8125136000000001
546720,31.659999999999997,68.34,58.95716945996275,100.48216,0.8125728
546800,31.64999999999999,68.35000000000001,58.9385474860335,100.49539999999999,0.812632
546880,31.64,68.36,58.91992551210428,100.50864,0.8126912000000002
546960,31.629999999999995,68.37,58.901303538175036,100.52188,0.8127504000000001
547040,31.620000000000005,68.38,58.882681564245814,100.53512,0.8128096000000001
547120,31.61,68.39,58.86405959031657,100.54836,0.8128688000000001
547200,31.599999999999994,68.4,58.84543761638732,100.56159999999998,0.8129280000000001
547280,31.590000000000003,68.41,58.8268156424581,100.57484,0.8129872
547360,31.58,68.42,58.80819366852886,100.58807999999999,0.8130464000000001
547440,31.569999999999993,68.43,58.78957169459961,100.60131999999999,0.8131056
547520,31.560000000000002,68.44,58.770949720670394,100.61456,0.8131648
547600,31.549999999999997,68.45,58.752327746741145,100.6278,0.8132240000000002
547680,31.539999999999992,68.46000000000001,58.7337057728119,100.64103999999999,0.8132832000000001
547760,31.53,68.47,58.71508379888268,100.65428,0.8133424000000001
547840,31.519999999999996,68.48,58.69646182495343,100.66752,0.8134016000000001
547920,31.510000000000005,68.49,58.67783985102422,100.68075999999999,0.8134608000000001
548000,31.5,68.5,58.65921787709497,100.694,0.81352
548080,31.489999999999995,68.51,58.640595903165725,100.70724,0.8135792000000001
548160,31.480000000000004,68.52,58.6219739292365,100.72048,0.8136384000000001
548240,31.47,68.53,58.603351955307254,100.73372,0.8136976
548320,31.459999999999994,68.54,58.58472998137801,100.74696,0.8137568
548400,31.450000000000003,68.55,58.56610800744879,100.7602,0.8138160000000001
548480,31.439999999999998,68.56,58.54748603351955,100.77344,0.8138752000000001
548560,31.429999999999993,68.57000000000001,58.5288640595903,100.78667999999999,0.8139344000000001
548640,31.42,68.58,58.510242085661076,100.79991999999999,0.8139936000000001
548720,31.409999999999997,68.59,58.491620111731834,100.81316,0.8140528
548800,31.39999999999999,68.60000000000001,58.47299813780259,100.82639999999999,0.8141120000000001
548880,31.39,68.61,58.45437616387337,100.83963999999999,0.8141712000000001
548960,31.379999999999995,68.62,58.43575418994412,100.85288,0.8142304
549040,31.370000000000005,68.63,58.417132216014906,100.86612,0.8142896000000001
549120,31.36,68.64,58.398510242085656,100.87935999999999,0.8143488
549200,31.349999999999994,68.65,58.379888268156414,100.8926,0.8144080000000001
549280,31.340000000000003,68.66,58.36126629422719,100.90584,0.8144672000000002
549360,31.33,68.67,58.34264432029794,100.91908,0.8145264000000001
549440,31.319999999999993,68.68,58.3240223463687,100.93232,0.8145856
549520,31.310000000000002,68.69,58.30540037243948,100.94556,0.8146448000000001
549600,31.299999999999997,68.7,58.286778398510236,100.9588,0.8147040000000001
549680,31.289999999999992,68.71000000000001,58.26815642458099,100.97203999999999,0.8147632
549760,31.28,68.72,58.249534450651765,100.98527999999999,0.8148224000000001
549840,31.269999999999996,68.73,58.23091247672252,100.99851999999998,0.8148816
549920,31.260000000000005,68.74,58.2122905027933,101.01176,0.8149408
550000,31.25,68.75,58.19366852886406,101.02499999999999,0.8150000000000002
550080,31.239999999999995,68.76,58.17504655493481,101.03823999999999,0.8150592000000001
550160,31.230000000000004,68.77,58.15642458100559,101.05148,0.8151184000000001
550240,31.22,68.78,58.137802607076345,101.06472,0.8151776000000001
550320,31.209999999999994,68.79,58.119180633147096,101.07795999999999,0.8152368000000001
550400,31.200000000000003,68.8,58.10055865921788,101.0912,0.815296
550480,31.189999999999998,68.81,58.08193668528863,101.10444,0.8153552000000001
550560,31.179999999999993,68.82000000000001,58.06331471135939,101.11768,0.8154144
550640,31.17,68.83,58.04469273743017,101.13092,0.8154736
550720,31.159999999999997,68.84,58.02607076350092,101.14416,0.8155328
550800,31.14999999999999,68.85000000000001,58.007448789571676,101.1574,0.815592
550880,31.14,68.86,57.988826815642454,101.17063999999999,0.8156512000000001
550960,31.129999999999995,68.87,57.97020484171321,101.18387999999999,0.8157104000000001
551040,31.120000000000005,68.88,57.95158286778399,101.19711999999998,0.8157696000000001
551120,31.11,68.89,57.93296089385474,101.21036,0.8158288
551200,31.099999999999994,68.9,57.9143389199255,101.22359999999999,0.8158880000000001
551280,31.090000000000003,68.91,57.89571694599628,101.23683999999999,0.8159472000000001
551360,31.08,68.92,57.877094972067034,101.25008,0.8160064
551440,31.069999999999993,68.93,57.858472998137785,101.26332,0.8160656
551520,31.060000000000002,68.94,57.83985102420856,101.27655999999999,0.8161248000000001
551600,31.049999999999997,68.95,57.82122905027932,101.2898,0.816184
551680,31.039999999999992,68.96000000000001,57.80260707635007,101.30304,0.8162432000000001
551760,31.03,68.97,57.78398510242086,101.31627999999999,0.8163024000000001
551840,31.019999999999996,68.98,57.76536312849161,101.32952,0.8163616
551920,31.010000000000005,68.99,57.746741154562386,101.34276,0.8164208000000001
552000,31.0,69.0,57.72811918063314,101.356,0.8164800000000001
552080,30.989999999999995,69.01,57.7094972067039,101.36924,0.8165392
552160,30.980000000000004,69.02,57.69087523277468,101.38247999999999,0.8165984000000001
552240,30.97,69.03,57.67225325884543,101.39571999999998,0.8166576000000001
552320,30.959999999999994,69.04,57.65363128491619,101.40896,0.8167168
552400,30.950000000000003,69.05,57.635009310986966,101.42219999999999,0.8167760000000001
552480,30.939999999999998,69.06,57.61638733705772,101.43543999999999,0.8168352000000001
552560,30.929999999999993,69.07000000000001,57.597765363128474,101.44868,0.8168944
552640,30.92,69.08,57.57914338919925,101.46191999999999,0.8169536000000001
552720,30.909999999999997,69.09,57.56052141527001,101.47515999999999,0.8170128000000001
552800,30.89999999999999,69.10000000000001,57.54189944134076,101.4884,0.817072
552880,30.89,69.11,57.523277467411546,101.50164,0.8171312000000001
552960,30.879999999999995,69.12,57.504655493482296,101.51487999999999,0.8171904000000001
553040,30.870000000000005,69.13,57.486033519553075,101.52812,0.8172496
553120,30.86,69.14,57.46741154562383,101.54136,0.8173088000000001
553200,30.849999999999994,69.15,57.44878957169458,101.5546,0.817368
553280,30.840000000000003,69.16,57.43016759776537,101.56784,0.8174272000000001
553360,30.83,69.17,57.41154562383612,101.58107999999999,0.8174864000000001
553440,30.819999999999993,69.18,57.39292364990688,101.59431999999998,0.8175456000000001
553520,30.810000000000002,69.19,57.374301675977655,101.60755999999999,0.8176048
553600,30.799999999999997,69.2,57.355679702048405,101.62079999999999,0.8176640000000001
553680,30.789999999999992,69.21000000000001,57.33705772811916,101.63403999999998,0.8177232000000001
553760,30.78,69.22,57.31843575418994,101.64728,0.8177824
553840,30.769999999999996,69.23,57.2998137802607,101.66051999999999,0.8178416000000001
553920,30.760000000000005,69.24,57.28119180633148,101.67375999999999,0.8179008000000001
554000,30.75,69.25,57.26256983240223,101.687,0.81796
554080,30.739999999999995,69.26,57.243947858472986,101.70024,0.8180192000000001
554160,30.730000000000004,69.27,57.225325884543764,101.71348,0.8180784000000001
554240,30.72,69.28,57.20670391061452,101.72672,0.8181376
554320,30.709999999999994,69.29,57.18808193668527,101.73996,0.8181968000000001
554400,30.700000000000003,69.3,57.16945996275605,101.75319999999999,0.8182560000000001
554480,30.689999999999998,69.31,57.15083798882681,101.76644,0.8183152
554560,30.679999999999993,69.32000000000001,57.13221601489756,101.77968,0.8183744000000001
554640,30.67,69.33,57.113594040968344,101.79291999999998,0.8184336000000001
554720,30.659999999999997,69.34,57.094972067039095,101.80615999999999,0.8184928
554800,30.64999999999999,69.35000000000001,57.07635009310985,101.81939999999999,0.818552
554880,30.64,69.36,57.05772811918063,101.83264,0.8186112000000001
554960,30.629999999999995,69.37,57.03910614525139,101.84588,0.8186704000000001
555040,30.620000000000005,69.38,57.02048417132217,101.85911999999999,0.8187296000000002
555120,30.61,69.39,57.00186219739292,101.87235999999999,0.8187888000000001
555200,30.599999999999994,69.4,56.983240223463675,101.8856,0.818848
555280,30.590000000000003,69.41,56.96461824953445,101.89883999999999,0.8189072000000001
555360,30.58,69.42,56.94599627560521,101.91208,0.8189664000000001
555440,30.569999999999993,69.43,56.92737430167596,101.92532,0.8190256
555520,30.560000000000002,69.44,56.90875232774674,101.93856,0.8190848000000001
555600,30.549999999999997,69.45,56.8901303538175,101.95179999999999,0.819144
555680,30.539999999999992,69.46000000000001,56.87150837988825,101.96504,0.8192032000000001
555760,30.53,69.47,56.85288640595903,101.97828,0.8192624000000002
555840,30.519999999999996,69.48,56.834264432029784,101.99151999999998,0.8193216000000001
555920,30.510000000000005,69.49,56.81564245810056,102.00475999999999,0.8193808000000001
556000,30.5,69.5,56.79702048417132,102.01799999999999,0.8194400000000001
556080,30.489999999999995,69.51,56.77839851024207,102.03124,0.8194992000000001
556160,30.480000000000004,69.52,56.759776536312856,102.04448,0.8195584
556240,30.47,69.53,56.741154562383606,102.05771999999999,0.8196176000000001
556320,30.459999999999994,69.54,56.722532588454364,102.07095999999999,0.8196768
556400,30.450000000000003,69.55,56.70391061452514,102.0842,0.819736
556480,30.439999999999998,69.56,56.68528864059589,102.09743999999999,0.8197952000000002
556560,30.429999999999993,69.57000000000001,56.66666666666665,102.11068,0.8198544000000001
556640,30.42,69.58,56.64804469273743,102.12392,0.8199136000000001
556720,30.409999999999997,69.59,56.629422718808186,102.13716,0.8199728000000001
556800,30.39999999999999,69.60000000000001,56.61080074487894,102.15039999999999,0.8200320000000001
556880,30.39,69.61,56.592178770949715,102.16364,0.8200912
556960,30.379999999999995,69.62,56.57355679702047,102.17688,0.8201504000000001
557040,30.370000000000005,69.63,56.55493482309125,102.19012000000001,0.8202096000000001
557120,30.36,69.64,56.53631284916201,102.20335999999999,0.8202688
557200,30.349999999999994,69.65,56.51769087523276,102.21659999999999,0.820328
557280,30.340000000000003,69.66,56.49906890130354,102.22984,0.8203872000000001
557360,30.33,69.67,56.480446927374295,102.24307999999999,0.8204464000000001
557440,30.319999999999993,69.68,56.461824953445046,102.25631999999999,0.8205056000000001
557520,30.310000000000002,69.69,56.44320297951583,102.26956,0.8205648000000001
557600,30.299999999999997,69.7,56.42458100558658,102.2828,0.820624
557680,30.289999999999992,69.71000000000001,56.40595903165734,102.29603999999999,0.8206832000000001
557760,30.28,69.72,56.38733705772812,102.30928,0.8207424000000001
557840,30.269999999999996,69.73,56.368715083798875,102.32252,0.8208016
557920,30.260000000000005,69.74,56.350093109869654,102.33576,0.8208608000000001
558000,30.25,69.75,56.331471135940404,102.349,0.82092
558080,30.239999999999995,69.76,56.31284916201116,102.36224,0.8209792000000001
558160,30.230000000000004,69.77,56.29422718808194,102.37548,0.8210384000000002
558240,30.22,69.78,56.2756052141527,102.38872,0.8210976000000001
558320,30.209999999999994,69.79,56.25698324022345,102.40195999999999,0.8211568
558400,30.200000000000003,69.8,56.23836126629423,102.41519999999998,0.8212160000000001
558480,30.189999999999998,69.81,56.219739292364984,102.42844,0.8212752000000001
558560,30.179999999999993,69.82000000000001,56.201117318435735,102.44167999999999,0.8213344
558640,30.17,69.83,56.18249534450652,102.45491999999999,0.8213936000000001
558720,30.159999999999997,69.84,56.16387337057727,102.46816,0.8214528
558800,30.14999999999999,69.85000000000001,56.14525139664803,102.4814,0.821512
558880,30.14,69.86,56.12662942271881,102.49463999999999,0.8215712000000002
558960,30.129999999999995,69.87,56.10800744878956,102.50788,0.8216304000000001
559040,30.120000000000005,69.88,56.08938547486034,102.52112,0.8216896000000001
559120,30.11,69.89,56.07076350093109,102.53435999999999,0.8217488000000001
559200,30.099999999999994,69.9,56.05214152700185,102.5476,0.8218080000000001
559280,30.090000000000003,69.91,56.03351955307263,102.56084,0.8218672
559360,30.08,69.92,56.01489757914338,102.57408,0.8219264000000001
559440,30.069999999999993,69.93,55.99627560521414,102.58732,0.8219856
559520,30.060000000000002,69.94,55.977653631284916,102.60056,0.8220448
559600,30.049999999999997,69.95,55.95903165735567,102.61379999999998,0.822104
559680,30.039999999999992,69.96000000000001,55.940409683426424,102.62704,0.8221632000000001
559760,30.03,69.97,55.9217877094972,102.64027999999999,0.8222224000000001
559840,30.019999999999996,69.98,55.90316573556796,102.65351999999999,0.8222816000000001
559920,30.010000000000005,69.99,55.88454376163874,102.66676,0.8223408000000001
560000,30.0,70.0,55.865921787709496,102.67999999999999,0.8224
560080,29.989999999999995,70.01,55.847299813780246,102.69323999999999,0.8224592000000001
560160,29.980000000000004,70.02,55.828677839851025,102.70648,0.8225184000000001
560240,29.97,70.03,55.81005586592178,102.71972,0.8225776
560320,29.959999999999994,70.04,55.79143389199253,102.73295999999999,0.8226368
560400,29.950000000000003,70.05,55.77281191806332,102.7462,0.8226960000000001
560480,29.939999999999998,70.06,55.75418994413407,102.75944,0.8227552000000001
560560,29.929999999999993,70.07000000000001,55.735567970204826,102.77268,0.8228144000000001
560640,29.92,70.08,55.716945996275605,102.78592,0.8228736000000001
560720,29.909999999999997,70.09,55.69832402234636,102.79916,0.8229328
560800,29.89999999999999,70.10000000000001,55.67970204841711,102.81239999999998,0.8229920000000001
560880,29.89,70.11,55.66108007448789,102.82563999999999,0.8230512000000001
560960,29.879999999999995,70.12,55.64245810055865,102.83887999999999,0.8231104
561040,29.870000000000005,70.13,55.62383612662943,102.85211999999999,0.8231696000000001
561120,29.86,70.14,55.605214152700185,102.86536,0.8232288
561200,29.849999999999994,70.15,55.586592178770935,102.87859999999999,0.823288
561280,29.840000000000003,70.16,55.567970204841714,102.89183999999999,0.8233472000000002
561360,29.83,70.17,55.54934823091247,102.90508,0.8234064000000001
561440,29.819999999999993,70.18,55.53072625698322,102.91832,0.8234656
561520,29.810000000000002,70.19,55.51210428305401,102.93155999999999,0.8235248000000001
561600,29.799999999999997,70.2,55.49348230912476,102.9448,0.8235840000000001
561680,29.789999999999992,70.21000000000001,55.474860335195515,102.95804,0.8236432
561760,29.78,70.22,55.456238361266294,102.97128,0.8237024000000001
561840,29.769999999999996,70.23,55.437616387337044,102.98452,0.8237616
561920,29.760000000000005,70.24,55.41899441340783,102.99776,0.8238208
562000,29.75,70.25,55.40037243947858,103.011,0.8238800000000001
562080,29.739999999999995,70.26,55.38175046554934,103.02423999999999,0.8239392
562160,29.730000000000004,70.27,55.36312849162012,103.03747999999999,0.8239984000000001
562240,29.72,70.28,55.34450651769087,103.05071999999998,0.8240576000000001
562320,29.709999999999994,70.29,55.325884543761624,103.06396,0.8241168000000001
562400,29.700000000000003,70.3,55.3072625698324,103.07719999999999,0.8241760000000001
562480,29.689999999999998,70.31,55.28864059590316,103.09043999999999,0.8242352000000001
562560,29.679999999999993,70.32000000000001,55.27001862197391,103.10368,0.8242944
562640,29.67,70.33,55.25139664804469,103.11692,0.8243536
562720,29.659999999999997,70.34,55.23277467411545,103.13015999999999,0.8244128000000001
562800,29.64999999999999,70.35000000000001,55.2141527001862,103.1434,0.824472
562880,29.64,70.36,55.19553072625698,103.15664,0.8245312
562960,29.629999999999995,70.37,55.17690875232773,103.16987999999999,0.8245904000000001
563040,29.620000000000005,70.38,55.15828677839851,103.18312,0.8246496000000001
563120,29.61,70.39,55.13966480446927,103.19636,0.8247088000000001
563200,29.599999999999994,70.4,55.12104283054002,103.2096,0.8247680000000001
563280,29.590000000000003,70.41,55.102420856610806,103.22283999999999,0.8248272000000001
563360,29.58,70.42,55.083798882681556,103.23607999999999,0.8248864
563440,29.569999999999993,70.43,55.06517690875231,103.24931999999998,0.8249456000000001
563520,29.560000000000002,70.44,55.04655493482309,103.26256,0.8250048000000001
563600,29.549999999999997,70.45,55.02793296089384,103.27579999999999,0.825064
563680,29.539999999999992,70.46000000000001,55.0093109869646,103.28903999999999,0.8251232
563760,29.53,70.47,54.99068901303538,103.30228,0.8251824000000001
563840,29.519999999999996,70.48,54.972067039106136,103.31551999999999,0.8252416000000001
563920,29.510000000000005,70.49,54.953445065176915,103.32875999999999,0.8253008000000002
564000,29.5,70.5,54.93482309124767,103.342,0.8253600000000001
564080,29.489999999999995,70.51,54.91620111731842,103.35524,0.8254192
564160,29.480000000000004,70.52,54.8975791433892,103.36848,0.8254784000000001
564240,29.47,70.53,54.87895716945996,103.38172,0.8255376000000001
564320,29.459999999999994,70.54,54.86033519553071,103.39496,0.8255968
564400,29.450000000000003,70.55,54.841713221601495,103.4082,0.8256560000000001
564480,29.439999999999998,70.56,54.823091247672245,103.42143999999999,0.8257152
564560,29.429999999999993,70.57000000000001,54.804469273743,103.43467999999999,0.8257744000000001
564640,29.42,70.58,54.78584729981378,103.44791999999998,0.8258336000000002
564720,29.409999999999997,70.59,54.76722532588453,103.46115999999999,0.8258928000000001
564800,29.39999999999999,70.60000000000001,54.74860335195529,103.47439999999999,0.825952
564880,29.39,70.61,54.72998137802607,103.48764,0.8260112000000001
564960,29.379999999999995,70.62,54.711359404096825,103.50088,0.8260704000000001
565040,29.370000000000005,70.63,54.692737430167604,103.51411999999999,0.8261296
565120,29.36,70.64,54.674115456238354,103.52735999999999,0.8261888000000001
565200,29.349999999999994,70.65,54.65549348230911,103.5406,0.826248
565280,29.340000000000003,70.66,54.63687150837989,103.55384,0.8263072
565360,29.33,70.67,54.61824953445065,103.56708,0.8263664000000002
565440,29.319999999999993,70.68,54.5996275605214,103.58032,0.8264256000000001
565520,29.310000000000002,70.69,54.58100558659218,103.59356,0.8264848000000001
565600,29.299999999999997,70.7,54.562383612662934,103.60679999999999,0.8265440000000001
565680,29.289999999999992,70.71000000000001,54.543761638733685,103.62004,0.8266032000000001
565760,29.28,70.72,54.52513966480447,103.63327999999998,0.8266624
565840,29.269999999999996,70.73,54.50651769087522,103.64651999999998,0.8267216000000001
565920,29.260000000000005,70.74,54.487895716946,103.65975999999999,0.8267808000000001
566000,29.25,70.75,54.46927374301676,103.67299999999999,0.82684
566080,29.239999999999995,70.76,54.45065176908751,103.68624,0.8268992
566160,29.230000000000004,70.77,54.43202979515829,103.69948,0.8269584000000001
566240,29.22,70.78,54.41340782122904,103.71271999999999,0.8270176000000001
566320,29.209999999999994,70.79,54.3947858472998,103.72595999999999,0.8270768000000001
566400,29.200000000000003,70.8,54.37616387337058,103.7392,0.8271360000000001
566480,29.189999999999998,70.81,54.35754189944133,103.75243999999999,0.8271952
566560,29.179999999999993,70.82000000000001,54.33891992551209,103.76568,0.8272544000000001
566640,29.17,70.83,54.320297951582866,103.77892,0.8273136000000001
566720,29.159999999999997,70.84,54.30167597765362,103.79216,0.8273728
566800,29.14999999999999,70.85000000000001,54.283054003724374,103.80539999999999,0.827432
566880,29.14,70.86,54.26443202979516,103.81864,0.8274912
566960,29.129999999999995,70.87,54.24581005586591,103.83187999999998,0.8275504000000001
567040,29.120000000000005,70.88,54.22718808193669,103.84512,0.8276096000000002
567120,29.11,70.89,54.208566108007446,103.85835999999999,0.8276688000000001
567200,29.099999999999994,70.9,54.189944134078196,103.87159999999999,0.827728
567280,29.090000000000003,70.91,54.17132216014898,103.88484,0.8277872000000001
567360,29.08,70.92,54.15270018621973,103.89808,0.8278464000000001
567440,29.069999999999993,70.93,54.13407821229049,103.91131999999999,0.8279056
567520,29.060000000000002,70.94,54.11545623836127,103.92456,0.8279648000000001
567600,29.049999999999997,70.95,54.09683426443202,103.9378,0.828024
567680,29.039999999999992,70.96000000000001,54.078212290502776,103.95103999999999,0.8280832
567760,29.03,70.97,54.059590316573555,103.96428,0.8281424000000002
567840,29.019999999999996,70.98,54.04096834264431,103.97752,0.8282016000000001
567920,29.010000000000005,70.99,54.02234636871509,103.99076,0.8282608000000001
568000,29.0,71.0,54.00372439478584,104.004,0.8283200000000001
568080,28.989999999999995,71.01,53.9851024208566,104.01724,0.8283792000000001
568160,28.980000000000004,71.02,53.96648044692738,104.03048,0.8284384
568240,28.97,71.03,53.947858472998135,104.04372,0.8284976000000001
568320,28.959999999999994,71.04,53.929236499068885,104.05695999999999,0.8285568
568400,28.950000000000003,71.05,53.910614525139664,104.07019999999999,0.828616
568480,28.939999999999998,71.06,53.89199255121042,104.08344,0.8286752000000001
568560,28.929999999999993,71.07000000000001,53.87337057728117,104.09667999999999,0.8287344000000001
568640,28.92,71.08,53.85474860335196,104.10991999999999,0.8287936000000001
568720,28.909999999999997,71.09,53.83612662942271,104.12316,0.8288528000000001
568800,28.89999999999999,71.10000000000001,53.817504655493465,104.1364,0.8289120000000001
568880,28.89,71.11,53.798882681564244,104.14963999999999,0.8289712
568960,28.879999999999995,71.12,53.780260707634994,104.16288,0.8290304000000001
569040,28.870000000000005,71.13,53.76163873370578,104.17612,0.8290896000000001
569120,28.86,71.14,53.74301675977653,104.18936,0.8291488
569200,28.849999999999994,71.15,53.72439478584729,104.2026,0.829208
569280,28.840000000000003,71.16,53.70577281191807,104.21584,0.8292672000000001
569360,28.83,71.17,53.68715083798882,104.22908,0.8293264000000001
569440,28.819999999999993,71.18,53.668528864059574,104.24231999999999,0.8293856000000001
569520,28.810000000000002,71.19,53.64990689013035,104.25555999999999,0.8294448000000001
569600,28.799999999999997,71.2,53.63128491620111,104.26879999999998,0.829504
569680,28.789999999999992,71.21000000000001,53.61266294227186,104.28204,0.8295632000000001
569760,28.78,71.22,53.59404096834265,104.29527999999999,0.8296224000000001
569840,28.769999999999996,71.23,53.5754189944134,104.30851999999999,0.8296816
569920,28.760000000000005,71.24,53.556797020484176,104.32176,0.8297408000000001
570000,28.75,71.25,53.53817504655493,104.335,0.8298000000000001
570080,28.739999999999995,71.26,53.51955307262568,104.34823999999999,0.8298592
570160,28.730000000000004,71.27,53.50093109869647,104.36148,0.8299184000000002
570240,28.72,71.28,53.48230912476722,104.37472,0.8299776000000001
570320,28.709999999999994,71.29,53.46368715083798,104.38795999999999,0.8300368
570400,28.700000000000003,71.3,53.445065176908756,104.4012,0.8300960000000001
570480,28.689999999999998,71.31,53.426443202979506,104.41444,0.8301552000000001
570560,28.679999999999993,71.32000000000001,53.40782122905026,104.42768,0.8302144
570640,28.67,71.33,53.38919925512104,104.44092,0.8302736000000001
570720,28.659999999999997,71.34,53.3705772811918,104.45415999999999,0.8303328
570800,28.64999999999999,71.35000000000001,53.35195530726255,104.46739999999998,0.830392
570880,28.64,71.36,53.33333333333333,104.48064,0.8304512000000001
570960,28.629999999999995,71.37,53.314711359404086,104.49387999999999,0.8305104000000001
571040,28.620000000000005,71.38,53.296089385474865,104.50711999999999,0.8305696000000001
571120,28.61,71.39,53.27746741154562,104.52036,0.8306288000000001
571200,28.599999999999994,71.4,53.25884543761637,104.53359999999999,0.8306880000000001
571280,28.590000000000003,71.41,53.24022346368715,104.54683999999999,0.8307472000000001
571360,28.58,71.42,53.22160148975791,104.56008,0.8308064000000001
571440,28.569999999999993,71.43,53.20297951582866,104.57332,0.8308656
571520,28.560000000000002,71.44,53.184357541899445,104.58655999999999,0.8309248
571600,28.549999999999997,71.45,53.165735567970195,104.5998,0.8309840000000001
571680,28.539999999999992,71.46000000000001,53.14711359404095,104.61304,0.8310432
571760,28.53,71.47,53.12849162011173,104.62628,0.8311024000000001
571840,28.519999999999996,71.48,53.10986964618248,104.63952,0.8311616000000001
571920,28.510000000000005,71.49,53.09124767225327,104.65275999999999,0.8312208000000001
572000,28.5,71.5,53.07262569832402,104.66599999999998,0.8312800000000001
572080,28.489999999999995,71.51,53.054003724394775,104.67924,0.8313392000000001
572160,28.480000000000004,71.52,53.035381750465554,104.69247999999999,0.8313984000000001
572240,28.47,71.53,53.016759776536304,104.70571999999999,0.8314576
572320,28.459999999999994,71.54,52.99813780260706,104.71896,0.8315168000000001
572400,28.450000000000003,71.55,52.97951582867784,104.73219999999999,0.8315760000000001
572480,28.439999999999998,71.56,52.9608938547486,104.74543999999999,0.8316352
572560,28.429999999999993,71.57000000000001,52.94227188081935,104.75868,0.8316944000000001
572640,28.42,71.58,52.923649906890134,104.77192,0.8317536000000001
572720,28.409999999999997,71.59,52.905027932960884,104.78515999999999,0.8318128000000001
572800,28.39999999999999,71.60000000000001,52.88640595903164,104.7984,0.8318720000000001
572880,28.39,71.61,52.86778398510242,104.81164,0.8319312000000001
572960,28.379999999999995,71.62,52.84916201117317,104.82488,0.8319904
573040,28.370000000000005,71.63,52.830540037243956,104.83812,0.8320496000000001
573120,28.36,71.64,52.81191806331471,104.85136,0.8321088000000001
573200,28.349999999999994,71.65,52.793296089385464,104.86459999999998,0.832168
573280,28.340000000000003,71.66,52.77467411545624,104.87783999999999,0.8322272000000001
573360,28.33,71.67,52.75605214152699,104.89107999999999,0.8322864
573440,28.319999999999993,71.68,52.73743016759775,104.90431999999998,0.8323456000000001
573520,28.310000000000002,71.69,52.71880819366853,104.91756,0.8324048000000002
573600,28.299999999999997,71.7,52.70018621973929,104.93079999999999,0.8324640000000001
573680,28.289999999999992,71.71000000000001,52.68156424581004,104.94403999999999,0.8325232
573760,28.28,71.72,52.662942271880816,104.95728,0.8325824000000001
573840,28.269999999999996,71.73,52.64432029795157,104.97052,0.8326416000000001
573920,28.260000000000005,71.74,52.62569832402235,104.98375999999999,0.8327008
574000,28.25,71.75,52.60707635009311,104.997,0.8327600000000001
574080,28.239999999999995,71.76,52.58845437616386,105.01024,0.8328192
574160,28.230000000000004,71.77,52.56983240223464,105.02348,0.8328784
574240,28.22,71.78,52.551210428305396,105.03672,0.8329376000000002
574320,28.209999999999994,71.79,52.532588454376146,105.04996,0.8329968000000001
574400,28.200000000000003,71.8,52.51396648044693,105.0632,0.8330560000000001
574480,28.189999999999998,71.81,52.49534450651768,105.07643999999999,0.8331152000000001
574560,28.179999999999993,71.82000000000001,52.47672253258844,105.08967999999999,0.8331744000000001
574640,28.17,71.83,52.45810055865922,105.10291999999998,0.8332336
574720,28.159999999999997,71.84,52.43947858472997,105.11616,0.8332928000000001
574800,28.14999999999999,71.85000000000001,52.420856610800726,105.12939999999999,0.833352
574880,28.14,71.86,52.402234636871505,105.14264,0.8334112
574960,28.129999999999995,71.87,52.38361266294226,105.15588,0.8334704
575040,28.120000000000005,71.88,52.36499068901304,105.16911999999999,0.8335296000000001
575120,28.11,71.89,52.34636871508379,105.18235999999999,0.8335888000000001
575200,28.099999999999994,71.9,52.32774674115455,105.1956,0.8336480000000001
575280,28.090000000000003,71.91,52.30912476722533,105.20884,0.8337072000000001
575360,28.08,71.92,52.290502793296085,105.22208,0.8337664
575440,28.069999999999993,71.93,52.271880819366835,105.23532,0.8338256000000001
575520,28.060000000000002,71.94,52.253258845437614,105.24856,0.8338848000000001
575600,28.049999999999997,71.95,52.23463687150837,105.2618,0.833944
575680,28.039999999999992,71.96000000000001,52.21601489757913,105.27503999999999,0.8340032
575760,28.03,71.97,52.19739292364991,105.28827999999999,0.8340624
575840,28.019999999999996,71.98,52.17877094972066,105.30151999999998,0.8341216000000001
575920,28.010000000000005,71.99,52.160148975791444,105.31475999999999,0.8341808000000002
576000,28.0,72.0,52.141527001862194,105.32799999999999,0.8342400000000001
576080,27.989999999999995,72.01,52.12290502793295,105.34124,0.8342992
576160,27.980000000000004,72.02,52.10428305400373,105.35448,0.8343584000000001
576240,27.97,72.03,52.08566108007448,105.36771999999999,0.8344176000000001
576320,27.959999999999994,72.04,52.06703910614524,105.38095999999999,0.8344768
576400,27.950000000000003,72.05,52.04841713221602,105.3942,0.8345360000000001
576480,27.939999999999998,72.06,52.029795158286774,105.40744,0.8345952
576560,27.929999999999993,72.07000000000001,52.011173184357524,105.42068,0.8346544
576640,27.92,72.08,51.9925512104283,105.43392,0.8347136000000002
576720,27.909999999999997,72.09,51.97392923649906,105.44716,0.8347728000000001
576800,27.89999999999999,72.10000000000001,51.95530726256981,105.46039999999999,0.834832
576880,27.89,72.11,51.9366852886406,105.47363999999999,0.8348912
576960,27.879999999999995,72.12,51.91806331471135,105.48687999999999,0.8349504000000001
577040,27.870000000000005,72.13,51.899441340782126,105.50012,0.8350096
577120,27.86,72.14,51.88081936685288,105.51335999999999,0.8350688
577200,27.849999999999994,72.15,51.86219739292363,105.52659999999999,0.835128
577280,27.840000000000003,72.16,51.84357541899442,105.53984,0.8351872
577360,27.83,72.17,51.82495344506517,105.55308,0.8352464
577440,27.819999999999993,72.18,51.80633147113593,105.56631999999999,0.8353056000000001
577520,27.810000000000002,72.19,51.787709497206706,105.57956,0.8353648000000001
577600,27.799999999999997,72.2,51.769087523277456,105.5928,0.835424
577680,27.789999999999992,72.21000000000001,51.75046554934821,105.60604,0.8354832000000001
577760,27.78,72.22,51.73184357541899,105.61928,0.8355424
577840,27.769999999999996,72.23,51.71322160148975,105.63252,0.8356016
577920,27.760000000000005,72.24,51.69459962756053,105.64576,0.8356608000000001
578000,27.75,72.25,51.67597765363128,105.659,0.83572
578080,27.739999999999995,72.26,51.657355679702036,105.67223999999999,0.8357792
578160,27.730000000000004,72.27,51.638733705772815,105.68547999999998,0.8358384000000001
578240,27.72,72.28,51.62011173184357,105.69872,0.8358976000000001
578320,27.709999999999994,72.29,51.60148975791432,105.71195999999999,0.8359568
578400,27.700000000000003,72.3,51.5828677839851,105.72519999999999,0.8360160000000001
578480,27.689999999999998,72.31,51.56424581005586,105.73844,0.8360752
578560,27.679999999999993,72.32000000000001,51.545623836126616,105.75168,0.8361344
578640,27.67,72.33,51.527001862197395,105.76491999999999,0.8361936000000001
578720,27.659999999999997,72.34,51.508379888268145,105.77816,0.8362528
578800,27.64999999999999,72.35000000000001,51.4897579143389,105.7914,0.8363119999999999
578880,27.64,72.36,51.47113594040968,105.80463999999999,0.8363712000000001
578960,27.629999999999995,72.37,51.45251396648044,105.81788,0.8364304
579040,27.620000000000005,72.38,51.43389199255122,105.83112,0.8364896000000002
579120,27.61,72.39,51.41527001862197,105.84436,0.8365488000000001
579200,27.599999999999994,72.4,51.396648044692725,105.8576,0.836608
579280,27.590000000000003,72.41,51.378026070763504,105.87084,0.8366672
579360,27.58,72.42,51.35940409683426,105.88407999999998,0.8367264000000001
579440,27.569999999999993,72.43,51.34078212290501,105.89732,0.8367856
579520,27.560000000000002,72.44,51.32216014897579,105.91055999999999,0.8368448
579600,27.549999999999997,72.45,51.30353817504655,105.92379999999999,0.836904
579680,27.539999999999992,72.46000000000001,51.2849162011173,105.93704,0.8369632
579760,27.53,72.47,51.266294227188084,105.95027999999999,0.8370224
579840,27.519999999999996,72.48,51.247672253258834,105.96351999999999,0.8370816000000001
579920,27.510000000000005,72.49,51.22905027932961,105.97676,0.8371408000000001
580000,27.5,72.5,51.21042830540037,105.99,0.8372
580080,27.489999999999995,72.51,51.19180633147112,106.00323999999999,0.8372592000000001
580160,27.480000000000004,72.52,51.173184357541906,106.01648,0.8373184000000001
580240,27.47,72.53,51.15456238361266,106.02972,0.8373776
580320,27.459999999999994,72.54,51.135940409683414,106.04296,0.8374368
580400,27.450000000000003,72.55,51.11731843575419,106.0562,0.837496
580480,27.439999999999998,72.56,51.09869646182494,106.06944,0.8375552
580560,27.429999999999993,72.57000000000001,51.0800744878957,106.08267999999998,0.8376144
580640,27.42,72.58,51.06145251396648,106.09591999999999,0.8376736000000001
580720,27.409999999999997,72.59,51.04283054003724,106.10915999999999,0.8377328
580800,27.39999999999999,72.60000000000001,51.02420856610799,106.12239999999998,0.8377920000000001
580880,27.39,72.61,51.005586592178766,106.13564,0.8378512000000001
580960,27.379999999999995,72.62,50.98696461824952,106.14887999999999,0.8379104
581040,27.370000000000005,72.63,50.9683426443203,106.16211999999999,0.8379696000000001
581120,27.36,72.64,50.94972067039106,106.17536,0.8380288
581200,27.349999999999994,72.65,50.93109869646181,106.1886,0.838088
581280,27.340000000000003,72.66,50.91247672253259,106.20183999999999,0.8381472000000001
581360,27.33,72.67,50.893854748603346,106.21508,0.8382064
581440,27.319999999999993,72.68,50.8752327746741,106.22832,0.8382656
581520,27.310000000000002,72.69,50.85661080074488,106.24155999999999,0.8383248000000001
581600,27.299999999999997,72.7,50.83798882681563,106.2548,0.8383840000000001
581680,27.289999999999992,72.71000000000001,50.81936685288639,106.26804,0.8384432
581760,27.28,72.72,50.80074487895717,106.28128,0.8385024000000001
581840,27.269999999999996,72.73,50.782122905027926,106.29451999999999,0.8385616
581920,27.260000000000005,72.74,50.763500931098704,106.30775999999999,0.8386208
582000,27.25,72.75,50.744878957169455,106.32099999999998,0.8386800000000001
582080,27.239999999999995,72.76,50.72625698324021,106.33424,0.8387392
582160,27.230000000000004,72.77,50.70763500931099,106.34747999999999,0.8387984
582240,27.22,72.78,50.68901303538175,106.36071999999999,0.8388576000000001
582320,27.209999999999994,72.79,50.6703910614525,106.37396,0.8389168000000001
582400,27.200000000000003,72.8,50.65176908752328,106.38719999999999,0.8389760000000002
582480,27.189999999999998,72.81,50.633147113594035,106.40043999999999,0.8390352000000001
582560,27.179999999999993,72.82000000000001,50.614525139664785,106.41368,0.8390944
582640,27.17,72.83,50.59590316573557,106.42692,0.8391536
582720,27.159999999999997,72.84,50.57728119180632,106.44015999999999,0.8392128000000001
582800,27.14999999999999,72.85000000000001,50.55865921787708,106.4534,0.839272
582880,27.14,72.86,50.54003724394786,106.46664,0.8393312
582960,27.129999999999995,72.87,50.52141527001861,106.47988,0.8393904
583040,27.120000000000005,72.88,50.50279329608939,106.49311999999999,0.8394496000000001
583120,27.11,72.89,50.484171322160144,106.50635999999999,0.8395088000000002
583200,27.099999999999994,72.9,50.4655493482309,106.51959999999998,0.8395680000000001
583280,27.090000000000003,72.91,50.44692737430168,106.53284,0.8396272000000001
583360,27.08,72.92,50.42830540037243,106.54607999999999,0.8396864
583440,27.069999999999993,72.93,50.40968342644319,106.55931999999999,0.8397456000000001
583520,27.060000000000002,72.94,50.391061452513966,106.57256,0.8398048
583600,27.049999999999997,72.95,50.372439478584724,106.58579999999999,0.839864
583680,27.039999999999992,72.96000000000001,50.353817504655474,106.59903999999999,0.8399232
583760,27.03,72.97,50.33519553072625,106.61228,0.8399824
583840,27.019999999999996,72.98,50.31657355679701,106.62552,0.8400415999999999
583920,27.010000000000005,72.99,50.29795158286779,106.63875999999999,0.8401008000000001
584000,27.0,73.0,50.279329608938546,106.652,0.8401600000000001
584080,26.989999999999995,73.01,50.2607076350093,106.66524,0.8402192
584160,26.980000000000004,73.02,50.242085661080075,106.67848000000001,0.8402784000000001
584240,26.97,73.03,50.22346368715083,106.69172,0.8403376
584320,26.959999999999994,73.04,50.20484171322159,106.70495999999999,0.8403968
584400,26.950000000000003,73.05,50.18621973929237,106.7182,0.8404560000000001
584480,26.939999999999998,73.06,50.16759776536312,106.73143999999999,0.8405152
584560,26.929999999999993,73.07000000000001,50.14897579143388,106.74467999999999,0.8405743999999999
584640,26.92,73.08,50.130353817504655,106.75791999999998,0.8406336
584720,26.909999999999997,73.09,50.11173184357541,106.77116,0.8406928000000001
584800,26.89999999999999,73.10000000000001,50.09310986964616,106.78439999999999,0.840752
584880,26.89,73.11,50.07448789571694,106.79764,0.8408112000000001
584960,26.879999999999995,73.12,50.0558659217877,106.81088,0.8408704
585040,26.870000000000005,73.13,50.03724394785848,106.82412,0.8409296
585120,26.86,73.14,50.018621973929235,106.83735999999999,0.8409888000000001
585200,26.849999999999994,73.15,49.999999999999986,106.8506,0.841048
585280,26.840000000000003,73.16,49.981378026070765,106.86384,0.8411072
585360,26.83,73.17,49.96275605214152,106.87708,0.8411664
585440,26.819999999999993,73.18,49.94413407821227,106.89032,0.8412256
585520,26.810000000000002,73.19,49.92551210428306,106.90355999999998,0.8412848000000002
585600,26.799999999999997,73.2,49.90689013035381,106.9168,0.8413440000000001
585680,26.789999999999992,73.21000000000001,49.888268156424566,106.93003999999999,0.8414032
585760,26.78,73.22,49.869646182495345,106.94327999999999,0.8414624
585840,26.769999999999996,73.23,49.851024208566095,106.95651999999998,0.8415216000000001
585920,26.760000000000005,73.24,49.83240223463688,106.96976,0.8415808
586000,26.75,73.25,49.81378026070763,106.98299999999999,0.84164
586080,26.739999999999995,73.26,49.79515828677839,106.99624,0.8416992
586160,26.730000000000004,73.27,49.77653631284917,107.00948,0.8417584
586240,26.72,73.28,49.75791433891992,107.02271999999999,0.8418176
586320,26.709999999999994,73.29,49.739292364990675,107.03595999999999,0.8418768000000001
586400,26.700000000000003,73.3,49.720670391061454,107.0492,0.8419360000000001
586480,26.689999999999998,73.31,49.70204841713221,107.06244,0.8419952
586560,26.679999999999993,73.32000000000001,49.68342644320296,107.07568,0.8420544000000001
586640,26.67,73.33,49.66480446927374,107.08892,0.8421136
586720,26.659999999999997,73.34,49.6461824953445,107.10216,0.8421728
586800,26.64999999999999,73.35000000000001,49.62756052141525,107.1154,0.842232
586880,26.64,73.36,49.608938547486034,107.12863999999999,0.8422912
586960,26.629999999999995,73.37,49.590316573556784,107.14187999999999,0.8423504
587040,26.620000000000005,73.38,49.57169459962756,107.15512,0.8424096000000001
587120,26.61,73.39,49.55307262569832,107.16835999999999,0.8424688000000001
587200,26.599999999999994,73.4,49.53445065176907,107.18159999999999,0.842528
587280,26.590000000000003,73.41,49.515828677839856,107.19484,0.8425872000000001
587360,26.58,73.42,49.49720670391061,107.20808,0.8426464
587440,26.569999999999993,73.43,49.478584729981364,107.22131999999999,0.8427056
587520,26.560000000000002,73.44,49.45996275605214,107.23456,0.8427648000000001
587600,26.549999999999997,73.45,49.4413407821229,107.2478,0.842824
587680,26.539999999999992,73.46000000000001,49.42271880819365,107.26104,0.8428832
587760,26.53,73.47,49.40409683426443,107.27428,0.8429424000000001
587840,26.519999999999996,73.48,49.38547486033519,107.28752,0.8430016
587920,26.510000000000005,73.49,49.366852886405965,107.30076,0.8430608000000002
588000,26.5,73.5,49.34823091247672,107.314,0.8431200000000001
588080,26.489999999999995,73.51,49.32960893854747,107.32723999999999,0.8431792
588160,26.480000000000004,73.52,49.31098696461825,107.34047999999999,0.8432384
588240,26.47,73.53,49.29236499068901,107.35372,0.8432976000000001
588320,26.459999999999994,73.54,49.27374301675976,107.36695999999999,0.8433568
588400,26.450000000000003,73.55,49.255121042830545,107.38019999999999,0.843416
588480,26.439999999999998,73.56,49.236499068901296,107.39344,0.8434752000000001
588560,26.429999999999993,73.57000000000001,49.21787709497205,107.40668,0.8435344
588640,26.42,73.58,49.19925512104283,107.41991999999999,0.8435936
588720,26.409999999999997,73.59,49.18063314711358,107.43316,0.8436528000000001
588800,26.39999999999999,73.60000000000001,49.16201117318434,107.4464,0.843712
588880,26.39,73.61,49.14338919925512,107.45964,0.8437712
588960,26.379999999999995,73.62,49.124767225325876,107.47288,0.8438304000000001
589040,26.370000000000005,73.63,49.106145251396654,107.48612,0.8438896000000001
589120,26.36,73.64,49.087523277467405,107.49936,0.8439488
589200,26.349999999999994,73.65,49.06890130353816,107.5126,0.844008
589280,26.340000000000003,73.66,49.05027932960894,107.52583999999999,0.8440672
589360,26.33,73.67,49.0316573556797,107.53907999999998,0.8441264
589440,26.319999999999993,73.68,49.01303538175045,107.55232,0.8441856
589520,26.310000000000002,73.69,48.99441340782123,107.56555999999999,0.8442448000000001
589600,26.299999999999997,73.7,48.975791433891985,107.57879999999999,0.844304
589680,26.289999999999992,73.71000000000001,48.957169459962735,107.59204,0.8443632000000001
589760,26.28,73.72,48.93854748603352,107.60528,0.8444224000000001
589840,26.269999999999996,73.73,48.91992551210427,107.61851999999999,0.8444816
589920,26.260000000000005,73.74,48.90130353817505,107.63176,0.8445408000000001
590000,26.25,73.75,48.88268156424581,107.645,0.8446
590080,26.239999999999995,73.76,48.86405959031656,107.65823999999999,0.8446592
590160,26.230000000000004,73.77,48.84543761638734,107.67148,0.8447184000000001
590240,26.22,73.78,48.826815642458094,107.68472,0.8447776
590320,26.209999999999994,73.79,48.80819366852885,107.69796,0.8448368
590400,26.200000000000003,73.8,48.78957169459963,107.7112,0.8448960000000001
590480,26.189999999999998,73.81,48.77094972067039,107.72443999999999,0.8449552000000001
590560,26.179999999999993,73.82000000000001,48.75232774674114,107.73767999999998,0.8450144
590640,26.17,73.83,48.733705772811916,107.75092,0.8450736000000001
590720,26.159999999999997,73.84,48.715083798882674,107.76415999999999,0.8451328
590800,26.14999999999999,73.85000000000001,48.696461824953424,107.77739999999999,0.845192
590880,26.14,73.86,48.67783985102421,107.79064,0.8452512000000001
590960,26.129999999999995,73.87,48.65921787709496,107.80387999999999,0.8453104
591040,26.120000000000005,73.88,48.64059590316574,107.81711999999999,0.8453696
591120,26.11,73.89,48.621973929236496,107.83036,0.8454288000000001
591200,26.099999999999994,73.9,48.60335195530725,107.8436,0.8454880000000001
591280,26.090000000000003,73.91,48.58472998137803,107.85683999999999,0.8455472000000002
591360,26.08,73.92,48.56610800744878,107.87008,0.8456064000000001
591440,26.069999999999993,73.93,48.54748603351954,107.88332,0.8456656
591520,26.060000000000002,73.94,48.52886405959032,107.89656,0.8457248
591600,26.049999999999997,73.95,48.51024208566107,107.9098,0.8457840000000001
591680,26.039999999999992,73.96000000000001,48.49162011173183,107.92303999999999,0.8458432
591760,26.03,73.97,48.472998137802605,107.93627999999998,0.8459024
591840,26.019999999999996,73.98,48.45437616387336,107.94951999999999,0.8459616
591920,26.010000000000005,73.99,48.43575418994414,107.96275999999999,0.8460208000000001
592000,26.0,74.0,48.41713221601489,107.97599999999998,0.8460800000000002
592080,25.989999999999995,74.01,48.39851024208565,107.98924,0.8461392000000001
592160,25.980000000000004,74.02,48.37988826815643,108.00247999999999,0.8461984000000001
592240,25.97,74.03,48.361266294227185,108.01571999999999,0.8462576
592320,25.959999999999994,74.04,48.342644320297936,108.02896,0.8463168000000001
592400,25.950000000000003,74.05,48.324022346368714,108.0422,0.846376
592480,25.939999999999998,74.06,48.30540037243947,108.05543999999999,0.8464352
592560,25.929999999999993,74.07000000000001,48.28677839851022,108.06868,0.8464944
592640,25.92,74.08,48.26815642458101,108.08192,0.8465536
592720,25.909999999999997,74.09,48.24953445065176,108.09515999999999,0.8466128000000002
592800,25.89999999999999,74.10000000000001,48.230912476722516,108.1084,0.8466720000000001
592880,25.89,74.11,48.212290502793294,108.12164,0.8467312000000001
592960,25.879999999999995,74.12,48.193668528864045,108.13487999999998,0.8467904
593040,25.870000000000005,74.13,48.17504655493483,108.14811999999999,0.8468496000000001
593120,25.86,74.14,48.15642458100558,108.16135999999999,0.8469088
593200,25.849999999999994,74.15,48.13780260707634,108.17459999999998,0.846968
593280,25.840000000000003,74.16,48.11918063314712,108.18784,0.8470272000000001
593360,25.83,74.17,48.100558659217874,108.20107999999999,0.8470864
593440,25.819999999999993,74.18,48.081936685288625,108.21431999999999,0.8471455999999999
593520,25.810000000000002,74.19,48.0633147113594,108.22756,0.8472048000000001
593600,25.799999999999997,74.2,48.04469273743016,108.2408,0.8472640000000001
593680,25.789999999999992,74.21000000000001,48.02607076350091,108.25403999999999,0.8473232
593760,25.78,74.22,48.0074487895717,108.26728,0.8473824000000001
593840,25.769999999999996,74.23,47.98882681564245,108.28052,0.8474416
593920,25.760000000000005,74.24,47.970204841713226,108.29375999999999,0.8475008
594000,25.75,74.25,47.95158286778398,108.307,0.8475600000000001
594080,25.739999999999995,74.26,47.932960893854734,108.32024,0.8476192
594160,25.730000000000004,74.27,47.91433891992552,108.33347999999998,0.8476784
594240,25.72,74.28,47.89571694599627,108.34671999999999,0.8477376
594320,25.709999999999994,74.29,47.87709497206703,108.35995999999999,0.8477968000000001
594400,25.700000000000003,74.3,47.858472998137806,108.3732,0.8478560000000002
594480,25.689999999999998,74.31,47.839851024208556,108.38644,0.8479152000000001
594560,25.679999999999993,74.32000000000001,47.821229050279314,108.39967999999999,0.8479744
594640,25.67,74.33,47.80260707635009,108.41291999999999,0.8480336
594720,25.659999999999997,74.34,47.78398510242085,108.42616,0.8480928000000001
594800,25.64999999999999,74.35000000000001,47.7653631284916,108.43939999999999,0.848152
594880,25.64,74.36,47.74674115456238,108.45264,0.8482112
594960,25.629999999999995,74.37,47.728119180633136,108.46588,0.8482704
595040,25.620000000000005,74.38,47.709497206703915,108.47912,0.8483296
595120,25.61,74.39,47.69087523277467,108.49235999999999,0.8483888
595200,25.599999999999994,74.4,47.67225325884542,108.5056,0.8484480000000001
595280,25.590000000000003,74.41,47.6536312849162,108.51884,0.8485072000000001
595360,25.58,74.42,47.63500931098696,108.53208000000001,0.8485664
595440,25.569999999999993,74.43,47.61638733705771,108.54531999999999,0.8486256000000001
595520,25.560000000000002,74.44,47.597765363128495,108.55855999999999,0.8486848
595600,25.549999999999997,74.45,47.579143389199245,108.5718,0.848744
595680,25.539999999999992,74.46000000000001,47.56052141527,108.58503999999999,0.8488032
595760,25.53,74.47,47.54189944134078,108.59827999999999,0.8488624
595840,25.519999999999996,74.48,47.52327746741153,108.61151999999998,0.8489216
595920,25.510000000000005,74.49,47.50465549348232,108.62476,0.8489808000000001
596000,25.5,74.5,47.48603351955307,108.63799999999999,0.8490400000000001
596080,25.489999999999995,74.51,47.467411545623825,108.65124,0.8490992
596160,25.480000000000004,74.52,47.448789571694604,108.66448,0.8491584000000001
596240,25.47,74.53,47.43016759776536,108.67772,0.8492176
596320,25.459999999999994,74.54,47.41154562383611,108.69095999999999,0.8492768
596400,25.450000000000003,74.55,47.39292364990689,108.7042,0.8493360000000001
596480,25.439999999999998,74.56,47.37430167597765,108.71744,0.8493952
596560,25.429999999999993,74.57000000000001,47.3556797020484,108.73068,0.8494544
596640,25.42,74.58,47.337057728119184,108.74391999999999,0.8495136000000001
596720,25.409999999999997,74.59,47.318435754189935,108.75715999999998,0.8495728
596800,25.39999999999999,74.60000000000001,47.29981378026069,108.7704,0.849632
596880,25.39,74.61,47.28119180633147,108.78363999999999,0.8496912000000001
596960,25.379999999999995,74.62,47.26256983240222,108.79687999999999,0.8497504
597040,25.370000000000005,74.63,47.24394785847301,108.81012,0.8498096
597120,25.36,74.64,47.22532588454376,108.82336,0.8498688000000001
597200,25.349999999999994,74.65,47.206703910614515,108.83659999999999,0.849928
597280,25.340000000000003,74.66,47.18808193668529,108.84984,0.8499872
597360,25.33,74.67,47.169459962756044,108.86308,0.8500464000000001
597440,25.319999999999993,74.68,47.1508379888268,108.87631999999999,0.8501056
597520,25.310000000000002,74.69,47.13221601489758,108.88956,0.8501648
597600,25.299999999999997,74.7,47.11359404096834,108.9028,0.8502240000000001
597680,25.289999999999992,74.71000000000001,47.09497206703909,108.91604,0.8502832
597760,25.28,74.72,47.076350093109866,108.92928,0.8503424
597840,25.269999999999996,74.73,47.057728119180624,108.94252,0.8504016000000001
597920,25.260000000000005,74.74,47.0391061452514,108.95575999999998,0.8504608000000001
598000,25.25,74.75,47.02048417132216,108.969,0.85052
598080,25.239999999999995,74.76,47.00186219739291,108.98223999999999,0.8505792000000001
598160,25.230000000000004,74.77,46.98324022346369,108.99547999999999,0.8506384
598240,25.22,74.78,46.964618249534446,109.00872,0.8506976
598320,25.209999999999994,74.79,46.9459962756052,109.02195999999999,0.8507568
598400,25.200000000000003,74.8,46.92737430167598,109.03519999999999,0.8508160000000001
598480,25.189999999999998,74.81,46.90875232774673,109.04844,0.8508752
598560,25.179999999999993,74.82000000000001,46.89013035381749,109.06168,0.8509344000000001
598640,25.17,74.83,46.87150837988827,109.07491999999999,0.8509936000000001
598720,25.159999999999997,74.84,46.85288640595902,109.08816,0.8510528
598800,25.14999999999999,74.85000000000001,46.83426443202978,109.1014,0.851112
598880,25.14,74.86,46.815642458100555,109.11464,0.8511712
598960,25.129999999999995,74.87,46.79702048417131,109.12788,0.8512304
599040,25.120000000000005,74.88,46.77839851024209,109.14112,0.8512896000000001
599120,25.11,74.89,46.75977653631284,109.15435999999998,0.8513488
599200,25.099999999999994,74.9,46.7411545623836,109.1676,0.851408
599280,25.090000000000003,74.91,46.72253258845438,109.18083999999999,0.8514672000000001
599360,25.08,74.92,46.703910614525135,109.19407999999999,0.8515264000000001
599440,25.069999999999993,74.93,46.685288640595886,109.20732,0.8515856
599520,25.060000000000002,74.94,46.66666666666667,109.22055999999999,0.8516448000000001
599600,25.049999999999997,74.95,46.64804469273742,109.23379999999999,0.851704
599680,25.039999999999992,74.96000000000001,46.62942271880818,109.24704,0.8517632
599760,25.03,74.97,46.61080074487896,109.26028,0.8518224000000001
599840,25.019999999999996,74.98,46.59217877094971,109.27351999999999,0.8518816
599920,25.010000000000005,74.99,46.573556797020494,109.28676,0.8519408
600000,25.0,75.0,46.554934823091244,109.3,0.8520000000000001
600080,24.989999999999995,75.01,46.536312849162,109.31324,0.8520592000000001
600160,24.980000000000004,75.02,46.51769087523278,109.32648,0.8521184000000002
600240,24.97,75.03,46.49906890130353,109.33972,0.8521776000000001
600320,24.959999999999994,75.04,46.48044692737429,109.35296,0.8522368
600400,24.950000000000003,75.05,46.46182495344507,109.36619999999999,0.852296
600480,24.939999999999998,75.06,46.443202979515824,109.37943999999999,0.8523552000000001
600560,24.929999999999993,75.07000000000001,46.424581005586575,109.39267999999998,0.8524144
600640,24.92,75.08,46.40595903165735,109.40592,0.8524736
600720,24.909999999999997,75.09,46.38733705772811,109.41915999999999,0.8525328
600800,24.89999999999999,75.10000000000001,46.36871508379886,109.43239999999999,0.8525920000000001
600880,24.89,75.11,46.35009310986965,109.44564,0.8526512000000002
600960,24.879999999999995,75.12,46.3314711359404,109.45888,0.8527104000000001
601040,24.870000000000005,75.13,46.312849162011176,109.47211999999999,0.8527696000000001
601120,24.86,75.14,46.29422718808193,109.48536,0.8528288
601200,24.849999999999994,75.15,46.275605214152684,109.4986,0.8528880000000001
601280,24.840000000000003,75.16,46.25698324022347,109.51183999999999,0.8529472
601360,24.83,75.17,46.23836126629422,109.52508,0.8530064
601440,24.819999999999993,75.18,46.21973929236498,109.53832,0.8530656
601520,24.810000000000002,75.19,46.201117318435756,109.55156,0.8531248
601600,24.799999999999997,75.2,46.182495344506506,109.56479999999999,0.8531840000000002
601680,24.789999999999992,75.21000000000001,46.163873370577264,109.57803999999999,0.8532432000000001
601760,24.78,75.22,46.14525139664804,109.59127999999998,0.8533024000000001
601840,24.769999999999996,75.23,46.1266294227188,109.60452,0.8533616
601920,24.760000000000005,75.24,46.10800744878958,109.61775999999999,0.8534208000000001
602000,24.75,75.25,46.08938547486033,109.63099999999999,0.85348
602080,24.739999999999995,75.26,46.070763500931086,109.64424,0.8535392
602160,24.730000000000004,75.27,46.052141527001865,109.65747999999999,0.8535984000000001
602240,24.72,75.28,46.03351955307262,109.67071999999999,0.8536576
602320,24.709999999999994,75.29,46.01489757914337,109.68396,0.8537167999999999
602400,24.700000000000003,75.3,45.99627560521416,109.6972,0.8537760000000001
602480,24.689999999999998,75.31,45.97765363128491,109.71043999999999,0.8538352000000001
602560,24.679999999999993,75.32000000000001,45.959031657355666,109.72368,0.8538944
602640,24.67,75.33,45.940409683426445,109.73692,0.8539536000000001
602720,24.659999999999997,75.34,45.921787709497195,109.75016,0.8540128
602800,24.64999999999999,75.35000000000001,45.90316573556795,109.7634,0.854072
602880,24.64,75.36,45.88454376163873,109.77663999999999,0.8541312000000001
602960,24.629999999999995,75.37,45.86592178770949,109.78987999999998,0.8541904
603040,24.620000000000005,75.38,45.84729981378027,109.80311999999999,0.8542496
603120,24.61,75.39,45.82867783985102,109.81635999999999,0.8543088
603200,24.599999999999994,75.4,45.810055865921775,109.82959999999999,0.8543680000000001
603280,24.590000000000003,75.41,45.791433891992554,109.84284,0.8544272000000002
603360,24.58,75.42,45.77281191806331,109.85607999999999,0.8544864000000001
603440,24.569999999999993,75.43,45.75418994413406,109.86931999999999,0.8545456
603520,24.560000000000002,75.44,45.73556797020484,109.88256,0.8546048
603600,24.549999999999997,75.45,45.7169459962756,109.8958,0.8546640000000001
603680,24.539999999999992,75.46000000000001,45.69832402234635,109.90903999999999,0.8547232
603760,24.53,75.47,45.679702048417134,109.92228,0.8547824
603840,24.519999999999996,75.48,45.661080074487884,109.93552,0.8548416
603920,24.510000000000005,75.49,45.64245810055866,109.94876,0.8549008
604000,24.5,75.5,45.62383612662942,109.962,0.8549600000000002
604080,24.489999999999995,75.51,45.60521415270017,109.97523999999999,0.8550192000000001
604160,24.480000000000004,75.52,45.58659217877096,109.98847999999998,0.8550784000000001
604240,24.47,75.53,45.56797020484171,110.00171999999999,0.8551376
604320,24.459999999999994,75.54,45.549348230912464,110.01495999999999,0.8551968000000001
604400,24.450000000000003,75.55,45.53072625698324,110.0282,0.8552560000000001
604480,24.439999999999998,75.56,45.51210428305399,110.04144,0.8553152
604560,24.429999999999993,75.57000000000001,45.49348230912475,110.05467999999999,0.8553744
604640,24.42,75.58,45.47486033519553,110.06791999999999,0.8554336
604720,24.409999999999997,75.59,45.45623836126629,110.08116,0.8554928
604800,24.39999999999999,75.60000000000001,45.43761638733704,110.0944,0.8555520000000001
604880,24.39,75.61,45.418994413407816,110.10764,0.8556112000000001
604960,24.379999999999995,75.62,45.40037243947857,110.12088,0.8556704
605040,24.370000000000005,75.63,45.38175046554935,110.13412,0.8557296000000001
605120,24.36,75.64,45.36312849162011,110.14735999999999,0.8557888
605200,24.349999999999994,75.65,45.34450651769086,110.1606,0.855848
605280,24.340000000000003,75.66,45.325884543761646,110.17384,0.8559072000000001
605360,24.33,75.67,45.307262569832396,110.18707999999998,0.8559664
605440,24.319999999999993,75.68,45.28864059590315,110.20031999999999,0.8560256
605520,24.310000000000002,75.69,45.27001862197393,110.21355999999999,0.8560848000000001
605600,24.299999999999997,75.7,45.25139664804468,110.2268,0.8561440000000001
605680,24.289999999999992,75.71000000000001,45.23277467411544,110.24004,0.8562032
605760,24.28,75.72,45.21415270018622,110.25327999999999,0.8562624000000001
605840,24.269999999999996,75.73,45.195530726256976,110.26651999999999,0.8563216
605920,24.260000000000005,75.74,45.176908752327755,110.27976,0.8563808
606000,24.25,75.75,45.158286778398505,110.29299999999999,0.8564400000000001
606080,24.239999999999995,75.76,45.13966480446926,110.30624,0.8564992
606160,24.230000000000004,75.77,45.12104283054004,110.31948,0.8565584
606240,24.22,75.78,45.1024208566108,110.33272,0.8566176000000001
606320,24.209999999999994,75.79,45.08379888268155,110.34595999999999,0.8566768
606400,24.200000000000003,75.8,45.06517690875233,110.3592,0.856736
606480,24.189999999999998,75.81,45.046554934823085,110.37244,0.8567952000000001
606560,24.179999999999993,75.82000000000001,45.027932960893835,110.38567999999998,0.8568544
606640,24.17,75.83,45.00931098696462,110.39891999999999,0.8569136
606720,24.159999999999997,75.84,44.99068901303537,110.41215999999999,0.8569728000000001
606800,24.14999999999999,75.85000000000001,44.97206703910613,110.4254,0.857032
606880,24.14,75.86,44.95344506517691,110.43863999999999,0.8570912
606960,24.129999999999995,75.87,44.93482309124766,110.45187999999999,0.8571504000000001
607040,24.120000000000005,75.88,44.916201117318444,110.46512,0.8572096
607120,24.11,75.89,44.897579143389194,110.47836,0.8572688
607200,24.099999999999994,75.9,44.87895716945995,110.49159999999999,0.857328
607280,24.090000000000003,75.91,44.86033519553073,110.50484,0.8573872000000001
607360,24.08,75.92,44.84171322160148,110.51808,0.8574464
607440,24.069999999999993,75.93,44.82309124767224,110.53132,0.8575056000000001
607520,24.060000000000002,75.94,44.80446927374302,110.54456,0.8575648000000001
607600,24.049999999999997,75.95,44.785847299813774,110.5578,0.857624
607680,24.039999999999992,75.96000000000001,44.767225325884525,110.57104,0.8576832000000001
607760,24.03,75.97,44.7486033519553,110.58427999999999,0.8577424
607840,24.019999999999996,75.98,44.72998137802606,110.59751999999999,0.8578016
607920,24.010000000000005,75.99,44.71135940409684,110.61075999999998,0.8578608000000001
608000,24.0,76.0,44.6927374301676,110.624,0.85792
608080,23.989999999999995,76.01,44.67411545623835,110.63723999999999,0.8579792
608160,23.980000000000004,76.02,44.65549348230913,110.65047999999999,0.8580384000000001
608240,23.97,76.03,44.63687150837988,110.66372,0.8580976000000001
608320,23.959999999999994,76.04,44.61824953445064,110.67696,0.8581568
608400,23.950000000000003,76.05,44.59962756052142,110.69019999999999,0.8582160000000001
608480,23.939999999999998,76.06,44.58100558659217,110.70344,0.8582752
608560,23.929999999999993,76.07000000000001,44.56238361266293,110.71668,0.8583344
608640,23.92,76.08,44.543761638733706,110.72991999999999,0.8583936000000001
608720,23.909999999999997,76.09,44.52513966480446,110.74316,0.8584528
608800,23.89999999999999,76.10000000000001,44.506517690875214,110.7564,0.8585119999999999
608880,23.89,76.11,44.48789571694599,110.76964,0.8585712000000001
608960,23.879999999999995,76.12,44.46927374301675,110.78288,0.8586304000000001
609040,23.870000000000005,76.13,44.45065176908753,110.79611999999999,0.8586896000000002
609120,23.86,76.14,44.432029795158286,110.80935999999998,0.8587488000000001
609200,23.849999999999994,76.15,44.413407821229036,110.8226,0.858808
609280,23.840000000000003,76.16,44.394785847299815,110.83583999999999,0.8588672
609360,23.83,76.17,44.37616387337057,110.84907999999999,0.8589264000000001
609440,23.819999999999993,76.18,44.35754189944132,110.86232,0.8589856
609520,23.810000000000002,76.19,44.33891992551211,110.87556,0.8590448
609600,23.799999999999997,76.2,44.32029795158286,110.88879999999999,0.859104
609680,23.789999999999992,76.21000000000001,44.301675977653616,110.90204,0.8591632000000001
609760,23.78,76.22,44.283054003724395,110.91528,0.8592224000000002
609840,23.769999999999996,76.23,44.264432029795145,110.92851999999999,0.8592816000000001
609920,23.760000000000005,76.24,44.24581005586593,110.94176,0.8593408000000001
610000,23.75,76.25,44.22718808193668,110.955,0.8594
610080,23.739999999999995,76.26,44.20856610800744,110.96824,0.8594592000000001
610160,23.730000000000004,76.27,44.18994413407822,110.98148,0.8595184
610240,23.72,76.28,44.17132216014897,110.99471999999999,0.8595776
610320,23.709999999999994,76.29,44.152700186219725,111.00795999999998,0.8596368
610400,23.700000000000003,76.3,44.134078212290504,111.0212,0.859696
610480,23.689999999999998,76.31,44.11545623836126,111.03443999999999,0.8597552000000002
610560,23.679999999999993,76.32000000000001,44.09683426443201,111.04767999999999,0.8598144000000001
610640,23.67,76.33,44.07821229050279,111.06092,0.8598736000000001
610720,23.659999999999997,76.34,44.05959031657355,111.07415999999999,0.8599328
610800,23.64999999999999,76.35000000000001,44.040968342644305,111.08739999999999,0.8599920000000001
610880,23.64,76.36,44.022346368715084,111.10064,0.8600512
610960,23.629999999999995,76.37,44.003724394785834,111.11388,0.8601104
611040,23.620000000000005,76.38,43.98510242085661,111.12711999999999,0.8601696000000001
611120,23.61,76.39,43.96648044692737,111.14036,0.8602288
611200,23.599999999999994,76.4,43.94785847299813,111.1536,0.8602879999999999
611280,23.590000000000003,76.41,43.92923649906891,111.16684,0.8603472000000001
611360,23.58,76.42,43.91061452513966,111.18008,0.8604064000000001
611440,23.569999999999993,76.43,43.891992551210414,111.19332,0.8604656
611520,23.560000000000002,76.44,43.87337057728119,111.20655999999998,0.8605248000000001
611600,23.549999999999997,76.45,43.85474860335195,111.21979999999999,0.860584
611680,23.539999999999992,76.46000000000001,43.8361266294227,111.23303999999999,0.8606432
611760,23.53,76.47,43.81750465549348,111.24627999999998,0.8607024000000001
611840,23.519999999999996,76.48,43.79888268156424,111.25952,0.8607616
611920,23.510000000000005,76.49,43.780260707635016,111.27275999999999,0.8608208
612000,23.5,76.5,43.76163873370577,111.28599999999999,0.86088
612080,23.489999999999995,76.51,43.74301675977652,111.29924,0.8609392000000001
612160,23.480000000000004,76.52,43.7243947858473,111.31248,0.8609984000000002
612240,23.47,76.53,43.70577281191806,111.32571999999999,0.8610576000000001
612320,23.459999999999994,76.54,43.68715083798881,111.33896,0.8611168
612400,23.450000000000003,76.55,43.668528864059596,111.3522,0.861176
612480,23.439999999999998,76.56,43.649906890130346,111.36543999999999,0.8612352000000001
612560,23.429999999999993,76.57000000000001,43.6312849162011,111.37868,0.8612944
612640,23.42,76.58,43.61266294227188,111.39192,0.8613536
612720,23.409999999999997,76.59,43.59404096834263,111.40515999999998,0.8614128
612800,23.39999999999999,76.60000000000001,43.57541899441339,111.41839999999999,0.861472
612880,23.39,76.61,43.55679702048417,111.43163999999999,0.8615312000000002
612960,23.379999999999995,76.62,43.538175046554926,111.44487999999998,0.8615904000000001
613040,23.370000000000005,76.63,43.519553072625705,111.45812,0.8616496000000001
613120,23.36,76.64,43.500931098696455,111.47135999999999,0.8617088
613200,23.349999999999994,76.65,43.48230912476721,111.48459999999999,0.8617680000000001
613280,23.340000000000003,76.66,43.46368715083799,111.49784,0.8618272000000001
613360,23.33,76.67,43.44506517690875,111.51107999999999,0.8618864
613440,23.319999999999993,76.68,43.4264432029795,111.52431999999999,0.8619456
613520,23.310000000000002,76.69,43.40782122905028,111.53756,0.8620048
613600,23.299999999999997,76.7,43.389199255121035,111.5508,0.862064
613680,23.289999999999992,76.71000000000001,43.370577281191785,111.56403999999999,0.8621232000000001
613760,23.28,76.72,43.35195530726257,111.57728,0.8621824000000001
613840,23.269999999999996,76.73,43.33333333333332,111.59052,0.8622416
613920,23.260000000000005,76.74,43.3147113594041,111.60376,0.8623008000000001
614000,23.25,76.75,43.29608938547486,111.61699999999999,0.86236
614080,23.239999999999995,76.76,43.277467411545615,111.63023999999999,0.8624192
614160,23.230000000000004,76.77,43.258845437616394,111.64347999999998,0.8624784000000001
614240,23.22,76.78,43.240223463687144,111.65671999999999,0.8625376
614320,23.209999999999994,76.79,43.2216014897579,111.66995999999999,0.8625968
614400,23.200000000000003,76.8,43.20297951582868,111.6832,0.8626560000000001
614480,23.189999999999998,76.81,43.18435754189944,111.69644,0.8627152000000001
614560,23.179999999999993,76.82000000000001,43.16573556797019,111.70967999999999,0.8627744
614640,23.17,76.83,43.14711359404097,111.72291999999999,0.8628336000000001
614720,23.159999999999997,76.84,43.128491620111724,111.73616,0.8628928
614800,23.14999999999999,76.85000000000001,43.109869646182474,111.7494,0.862952
614880,23.14,76.86,43.09124767225326,111.76264,0.8630112000000001
614960,23.129999999999995,76.87,43.07262569832401,111.77588,0.8630704
615040,23.120000000000005,76.88,43.05400372439479,111.78912,0.8631296
615120,23.11,76.89,43.03538175046555,111.80236,0.8631888000000001
615200,23.099999999999994,76.9,43.0167597765363,111.81559999999999,0.863248
615280,23.090000000000003,76.91,42.99813780260708,111.82883999999999,0.8633072000000002
615360,23.08,76.92,42.97951582867783,111.84207999999998,0.8633664000000001
615440,23.069999999999993,76.93,42.96089385474859,111.85531999999999,0.8634256
615520,23.060000000000002,76.94,42.94227188081937,111.86855999999999,0.8634848
615600,23.049999999999997,76.95,42.92364990689012,111.8818,0.8635440000000001
615680,23.039999999999992,76.96000000000001,42.90502793296088,111.89504,0.8636032
615760,23.03,76.97,42.886405959031656,111.90827999999999,0.8636624
615840,23.019999999999996,76.98,42.86778398510241,111.92151999999999,0.8637216000000001
615920,23.010000000000005,76.99,42.84916201117319,111.93476,0.8637808
616000,23.0,77.0,42.83054003724394,111.948,0.86384
616080,22.989999999999995,77.01,42.8119180633147,111.96124,0.8638992000000001
616160,22.980000000000004,77.02,42.79329608938548,111.97448,0.8639584000000001
616240,22.97,77.03,42.774674115456236,111.98772,0.8640176
616320,22.959999999999994,77.04,42.756052141526986,112.00095999999999,0.8640768000000001
616400,22.950000000000003,77.05,42.737430167597765,112.0142,0.8641360000000001
616480,22.939999999999998,77.06,42.71880819366852,112.02743999999998,0.8641952
616560,22.929999999999993,77.07000000000001,42.70018621973927,112.04067999999998,0.8642544000000001
616640,22.92,77.08,42.68156424581006,112.05391999999999,0.8643136
616720,22.909999999999997,77.09,42.66294227188081,112.06715999999999,0.8643728
616800,22.89999999999999,77.10000000000001,42.644320297951566,112.0804,0.864432
616880,22.89,77.11,42.625698324022345,112.09364,0.8644912
616960,22.879999999999995,77.12,42.6070763500931,112.10687999999999,0.8645504
617040,22.870000000000005,77.13,42.58845437616388,112.12012,0.8646096000000001
617120,22.86,77.14,42.56983240223463,112.13336,0.8646688000000001
617200,22.849999999999994,77.15,42.55121042830539,112.14659999999999,0.864728
617280,22.840000000000003,77.16,42.53258845437617,112.15984,0.8647872000000001
617360,22.83,77.17,42.513966480446925,112.17308,0.8648464
617440,22.819999999999993,77.18,42.495344506517675,112.18632,0.8649056
617520,22.810000000000002,77.19,42.476722532588454,112.19956,0.8649648000000001
617600,22.799999999999997,77.2,42.45810055865921,112.2128,0.865024
617680,22.789999999999992,77.21000000000001,42.43947858472996,112.22603999999998,0.8650831999999999
617760,22.78,77.22,42.42085661080075,112.23928,0.8651424000000001
617840,22.769999999999996,77.23,42.4022346368715,112.25251999999999,0.8652016000000001
617920,22.760000000000005,77.24,42.38361266294228,112.26575999999999,0.8652608000000002
618000,22.75,77.25,42.364990689013034,112.279,0.8653200000000001
618080,22.739999999999995,77.26,42.346368715083784,112.29223999999999,0.8653792
618160,22.730000000000004,77.27,42.32774674115457,112.30547999999999,0.8654384
618240,22.72,77.28,42.30912476722532,112.31872,0.8654976000000001
618320,22.709999999999994,77.29,42.29050279329608,112.33196,0.8655568
618400,22.700000000000003,77.3,42.27188081936686,112.34519999999999,0.865616
618480,22.689999999999998,77.31,42.25325884543761,112.35844,0.8656752
618560,22.679999999999993,77.32000000000001,42.234636871508364,112.37168,0.8657344000000001
618640,22.67,77.33,42.21601489757914,112.38492,0.8657936000000002
618720,22.659999999999997,77.34,42.1973929236499,112.39816,0.8658528000000001
618800,22.64999999999999,77.35000000000001,42.17877094972065,112.4114,0.865912
618880,22.64,77.36,42.16014897579143,112.42464,0.8659712
618960,22.629999999999995,77.37,42.14152700186219,112.43787999999999,0.8660304000000001
619040,22.620000000000005,77.38,42.122905027932966,112.45111999999999,0.8660896
619120,22.61,77.39,42.10428305400372,112.46435999999999,0.8661488
619200,22.599999999999994,77.4,42.08566108007447,112.4776,0.866208
619280,22.590000000000003,77.41,42.06703910614525,112.49083999999999,0.8662672
619360,22.58,77.42,42.04841713221601,112.50407999999999,0.8663264000000002
619440,22.569999999999993,77.43,42.02979515828676,112.51732,0.8663856000000001
619520,22.560000000000002,77.44,42.011173184357546,112.53056,0.8664448000000001
619600,22.549999999999997,77.45,41.992551210428296,112.54379999999999,0.866504
619680,22.539999999999992,77.46000000000001,41.97392923649905,112.55704,0.8665632000000001
619760,22.53,77.47,41.95530726256983,112.57028,0.8666224
619840,22.519999999999996,77.48,41.93668528864059,112.58352,0.8666816
619920,22.510000000000005,77.49,41.91806331471137,112.59676,0.8667408000000001
620000,22.5,77.5,41.89944134078212,112.61,0.8668
620080,22.489999999999995,77.51,41.880819366852876,112.62324,0.8668591999999999
620160,22.480000000000004,77.52,41.862197392923655,112.63647999999999,0.8669184000000001
620240,22.47,77.53,41.84357541899441,112.64971999999999,0.8669776000000001
620320,22.459999999999994,77.54,41.82495344506516,112.66295999999998,0.8670368
620400,22.450000000000003,77.55,41.80633147113594,112.6762,0.8670960000000001
620480,22.439999999999998,77.56,41.7877094972067,112.68943999999999,0.8671552
620560,22.429999999999993,77.57000000000001,41.76908752327745,112.70267999999999,0.8672144
620640,22.42,77.58,41.750465549348235,112.71592,0.8672736000000001
620720,22.409999999999997,77.59,41.731843575418985,112.72916,0.8673328
620800,22.39999999999999,77.60000000000001,41.71322160148974,112.74239999999999,0.8673919999999999
620880,22.39,77.61,41.69459962756052,112.75564,0.8674512
620960,22.379999999999995,77.62,41.67597765363127,112.76888,0.8675104000000001
621040,22.370000000000005,77.63,41.65735567970206,112.78211999999999,0.8675696000000002
621120,22.36,77.64,41.63873370577281,112.79536,0.8676288000000001
621200,22.349999999999994,77.65,41.620111731843565,112.8086,0.867688
621280,22.340000000000003,77.66,41.601489757914344,112.82184,0.8677472
621360,22.33,77.67,41.582867783985094,112.83507999999999,0.8678064000000001
621440,22.319999999999993,77.68,41.56424581005585,112.84831999999999,0.8678656
621520,22.310000000000002,77.69,41.54562383612663,112.86155999999998,0.8679248
621600,22.299999999999997,77.7,41.52700186219739,112.8748,0.867984
621680,22.289999999999992,77.71000000000001,41.50837988826814,112.88803999999999,0.8680432
621760,22.28,77.72,41.48975791433892,112.90127999999999,0.8681024000000002
621840,22.269999999999996,77.73,41.471135940409674,112.91452,0.8681616000000001
621920,22.260000000000005,77.74,41.45251396648045,112.92775999999999,0.8682208000000001
622000,22.25,77.75,41.43389199255121,112.94099999999999,0.86828
622080,22.239999999999995,77.76,41.41527001862196,112.95424,0.8683392000000001
622160,22.230000000000004,77.77,41.39664804469274,112.96748,0.8683984000000001
622240,22.22,77.78,41.3780260707635,112.98071999999999,0.8684576
622320,22.209999999999994,77.79,41.35940409683425,112.99396,0.8685168
622400,22.200000000000003,77.8,41.34078212290503,113.0072,0.868576
622480,22.189999999999998,77.81,41.32216014897578,113.02044,0.8686352
622560,22.179999999999993,77.82000000000001,41.30353817504654,113.03368,0.8686944000000001
622640,22.17,77.83,41.28491620111732,113.04691999999999,0.8687536000000001
622720,22.159999999999997,77.84,41.26629422718808,113.06015999999998,0.8688128
622800,22.14999999999999,77.85000000000001,41.24767225325883,113.07339999999999,0.8688720000000001
622880,22.14,77.86,41.229050279329606,113.08663999999999,0.8689312000000001
622960,22.129999999999995,77.87,41.21042830540036,113.09987999999998,0.8689904
623040,22.120000000000005,77.88,41.19180633147114,113.11312,0.8690496000000001
623120,22.11,77.89,41.1731843575419,113.12635999999999,0.8691088
623200,22.099999999999994,77.9,41.15456238361265,113.13959999999999,0.869168
623280,22.090000000000003,77.91,41.13594040968343,113.15284,0.8692272000000001
623360,22.08,77.92,41.117318435754186,113.16608,0.8692864000000001
623440,22.069999999999993,77.93,41.098696461824936,113.17931999999999,0.8693456
623520,22.060000000000002,77.94,41.08007448789572,113.19256,0.8694048000000001
623600,22.049999999999997,77.95,41.06145251396647,113.2058,0.869464
623680,22.039999999999992,77.96000000000001,41.04283054003723,113.21903999999999,0.8695232
623760,22.03,77.97,41.02420856610801,113.23228,0.8695824000000001
623840,22.019999999999996,77.98,41.00558659217876,113.24551999999998,0.8696416
623920,22.010000000000005,77.99,40.986964618249544,113.25876,0.8697008
624000,22.0,78.0,40.968342644320295,113.27199999999999,0.8697600000000001
624080,21.989999999999995,78.01,40.94972067039105,113.28523999999999,0.8698192
624160,21.980000000000004,78.02,40.93109869646183,113.29847999999998,0.8698784000000002
624240,21.97,78.03,40.91247672253258,113.31172,0.8699376000000001
624320,21.959999999999994,78.04,40.89385474860334,113.32495999999999,0.8699968
624400,21.950000000000003,78.05,40.87523277467412,113.3382,0.8700560000000002
624480,21.939999999999998,78.06,40.856610800744875,113.35144,0.8701152000000001
624560,21.929999999999993,78.07000000000001,40.837988826815625,113.36467999999999,0.8701744
624640,21.92,78.08,40.819366852886404,113.37791999999999,0.8702336
624720,21.909999999999997,78.09,40.80074487895716,113.39116,0.8702928000000001
624800,21.89999999999999,78.10000000000001,40.78212290502791,113.4044,0.870352
624880,21.89,78.11,40.7635009310987,113.41764,0.8704112
624960,21.879999999999995,78.12,40.74487895716945,113.43088,0.8704704000000001
625040,21.870000000000005,78.13,40.726256983240226,113.44412,0.8705296000000001
625120,21.86,78.14,40.707635009310984,113.45736,0.8705888
625200,21.849999999999994,78.15,40.689013035381734,113.47059999999999,0.8706480000000001
625280,21.840000000000003,78.16,40.67039106145252,113.48383999999999,0.8707072000000001
625360,21.83,78.17,40.65176908752327,113.49707999999998,0.8707664
625440,21.819999999999993,78.18,40.63314711359403,113.51032,0.8708256000000001
625520,21.810000000000002,78.19,40.614525139664806,113.52355999999999,0.8708848
625600,21.799999999999997,78.2,40.59590316573556,113.5368,0.870944
625680,21.789999999999992,78.21000000000001,40.577281191806314,113.55004,0.8710032
625760,21.78,78.22,40.55865921787709,113.56327999999999,0.8710624000000001
625840,21.769999999999996,78.23,40.54003724394785,113.57651999999999,0.8711216
625920,21.760000000000005,78.24,40.52141527001863,113.58976,0.8711808000000001
626000,21.75,78.25,40.502793296089386,113.603,0.8712400000000001
626080,21.739999999999995,78.26,40.48417132216014,113.61624,0.8712992
626160,21.730000000000004,78.27,40.465549348230915,113.62948,0.8713584000000001
626240,21.72,78.28,40.44692737430167,113.64272,0.8714176
626320,21.709999999999994,78.29,40.42830540037242,113.65596,0.8714768
626400,21.700000000000003,78.3,40.40968342644321,113.66919999999999,0.8715360000000001
626480,21.689999999999998,78.31,40.39106145251396,113.68243999999999,0.8715952
626560,21.679999999999993,78.32000000000001,40.37243947858472,113.69567999999998,0.8716544
626640,21.67,78.33,40.353817504655495,113.70891999999999,0.8717136000000001
626720,21.659999999999997,78.34,40.335195530726246,113.72215999999999,0.8717728000000001
626800,21.64999999999999,78.35000000000001,40.316573556797,113.7354,0.871832
626880,21.64,78.36,40.29795158286778,113.74864,0.8718912000000001
626960,21.629999999999995,78.37,40.27932960893854,113.76187999999999,0.8719504
627040,21.620000000000005,78.38,40.26070763500932,113.77512,0.8720096
627120,21.61,78.39,40.24208566108007,113.78836,0.8720688000000001
627200,21.599999999999994,78.4,40.223463687150826,113.8016,0.872128
627280,21.590000000000003,78.41,40.204841713221604,113.81484,0.8721872
627360,21.58,78.42,40.18621973929236,113.82808,0.8722464000000001
627440,21.569999999999993,78.43,40.16759776536311,113.84132,0.8723056000000001
627520,21.560000000000002,78.44,40.14897579143389,113.85456,0.8723648000000002
627600,21.549999999999997,78.45,40.13035381750465,113.86779999999999,0.8724240000000001
627680,21.539999999999992,78.46000000000001,40.1117318435754,113.88103999999998,0.8724832
627760,21.53,78.47,40.093109869646185,113.89428,0.8725424
627840,21.519999999999996,78.48,40.074487895716935,113.90751999999999,0.8726016000000001
627920,21.510000000000005,78.49,40.05586592178771,113.92075999999999,0.8726608
628000,21.5,78.5,40.03724394785847,113.934,0.87272
628080,21.489999999999995,78.51,40.01862197392922,113.94724,0.8727792
628160,21.480000000000004,78.52,40.00000000000001,113.96047999999999,0.8728384
628240,21.47,78.53,39.98137802607076,113.97372,0.8728976000000002
628320,21.459999999999994,78.54,39.962756052141515,113.98696,0.8729568000000001
628400,21.450000000000003,78.55,39.944134078212294,114.00019999999999,0.8730160000000001
628480,21.439999999999998,78.56,39.925512104283044,114.01344,0.8730752
628560,21.429999999999993,78.57000000000001,39.9068901303538,114.02668,0.8731344000000001
628640,21.42,78.58,39.88826815642458,114.03992,0.8731936
628720,21.409999999999997,78.59,39.86964618249534,114.05316,0.8732528
628800,21.39999999999999,78.60000000000001,39.85102420856609,114.06639999999999,0.873312
628880,21.39,78.61,39.832402234636874,114.07963999999998,0.8733712
628960,21.379999999999995,78.62,39.813780260707624,114.09288,0.8734303999999999
629040,21.370000000000005,78.63,39.7951582867784,114.10611999999999,0.8734896000000001
629120,21.36,78.64,39.77653631284916,114.11935999999999,0.8735488000000001
629200,21.349999999999994,78.65,39.75791433891991,114.1326,0.873608
629280,21.340000000000003,78.66,39.739292364990696,114.14583999999999,0.8736672000000001
629360,21.33,78.67,39.72067039106145,114.15907999999999,0.8737264
629440,21.319999999999993,78.68,39.702048417132204,114.17232,0.8737856
629520,21.310000000000002,78.69,39.68342644320298,114.18556,0.8738448000000001
629600,21.299999999999997,78.7,39.66480446927373,114.19879999999999,0.873904
629680,21.289999999999992,78.71000000000001,39.64618249534449,114.21204,0.8739631999999999
629760,21.28,78.72,39.62756052141527,114.22528,0.8740224
629840,21.269999999999996,78.73,39.60893854748603,114.23852,0.8740816000000001
629920,21.260000000000005,78.74,39.590316573556805,114.25176,0.8741408000000002
630000,21.25,78.75,39.571694599627556,114.265,0.8742000000000001
630080,21.239999999999995,78.76,39.55307262569831,114.27823999999998,0.8742592
630160,21.230000000000004,78.77,39.53445065176909,114.29147999999999,0.8743184
630240,21.22,78.78,39.51582867783985,114.30471999999999,0.8743776000000001
630320,21.209999999999994,78.79,39.4972067039106,114.31795999999999,0.8744368
630400,21.200000000000003,78.8,39.47858472998138,114.3312,0.874496
630480,21.189999999999998,78.81,39.459962756052136,114.34443999999999,0.8745552
630560,21.179999999999993,78.82000000000001,39.441340782122886,114.35767999999999,0.8746144
630640,21.17,78.83,39.42271880819367,114.37092,0.8746736000000002
630720,21.159999999999997,78.84,39.40409683426442,114.38416,0.8747328000000001
630800,21.14999999999999,78.85000000000001,39.38547486033518,114.39739999999999,0.874792
630880,21.14,78.86,39.36685288640596,114.41064,0.8748512
630960,21.129999999999995,78.87,39.34823091247671,114.42388,0.8749104000000001
631040,21.120000000000005,78.88,39.329608938547494,114.43712,0.8749696000000001
631120,21.11,78.89,39.310986964618245,114.45036,0.8750288
631200,21.099999999999994,78.9,39.292364990689,114.4636,0.875088
631280,21.090000000000003,78.91,39.27374301675978,114.47683999999998,0.8751472
631360,21.08,78.92,39.25512104283053,114.49007999999999,0.8752064
631440,21.069999999999993,78.93,39.23649906890129,114.50331999999999,0.8752656000000001
631520,21.060000000000002,78.94,39.21787709497207,114.51655999999998,0.8753248000000001
631600,21.049999999999997,78.95,39.199255121042825,114.5298,0.875384
631680,21.039999999999992,78.96000000000001,39.180633147113575,114.54303999999999,0.8754432000000001
631760,21.03,78.97,39.16201117318436,114.55627999999999,0.8755024000000001
631840,21.019999999999996,78.98,39.14338919925511,114.56952,0.8755616
631920,21.010000000000005,78.99,39.12476722532589,114.58276,0.8756208000000001
632000,21.0,79.0,39.10614525139665,114.59599999999999,0.87568
632080,20.989999999999995,79.01,39.0875232774674,114.60924,0.8757392
632160,20.980000000000004,79.02,39.06890130353818,114.62248,0.8757984000000001
632240,20.97,79.03,39.050279329608934,114.63571999999999,0.8758576000000001
632320,20.959999999999994,79.04,39.03165735567969,114.64896,0.8759168
632400,20.950000000000003,79.05,39.01303538175047,114.6622,0.8759760000000001
632480,20.939999999999998,79.06,38.99441340782122,114.67544,0.8760352000000001
632560,20.929999999999993,79.07000000000001,38.97579143389198,114.68867999999999,0.8760944
632640,20.92,79.08,38.957169459962756,114.70191999999999,0.8761536000000001
632720,20.909999999999997,79.09,38.938547486033514,114.71515999999998,0.8762128
632800,20.89999999999999,79.10000000000001,38.919925512104264,114.7284,0.876272
632880,20.89,79.11,38.90130353817504,114.74163999999999,0.8763312000000001
632960,20.879999999999995,79.12,38.8826815642458,114.75487999999999,0.8763904
633040,20.870000000000005,79.13,38.86405959031658,114.76812,0.8764496000000002
633120,20.86,79.14,38.845437616387336,114.78135999999999,0.8765088000000001
633200,20.849999999999994,79.15,38.82681564245809,114.79459999999999,0.876568
633280,20.840000000000003,79.16,38.808193668528865,114.80784,0.8766272000000002
633360,20.83,79.17,38.78957169459962,114.82108,0.8766864000000001
633440,20.819999999999993,79.18,38.77094972067037,114.83431999999999,0.8767456
633520,20.810000000000002,79.19,38.75232774674116,114.84756,0.8768048
633600,20.799999999999997,79.2,38.73370577281191,114.8608,0.8768640000000001
633680,20.789999999999992,79.21000000000001,38.71508379888267,114.87404,0.8769232
633760,20.78,79.22,38.696461824953445,114.88727999999999,0.8769824
633840,20.769999999999996,79.23,38.677839851024196,114.90051999999999,0.8770416000000001
633920,20.760000000000005,79.24,38.65921787709498,114.91376,0.8771008000000001
634000,20.75,79.25,38.64059590316573,114.92699999999999,0.8771600000000002
634080,20.739999999999995,79.26,38.62197392923649,114.94023999999999,0.8772192000000001
634160,20.730000000000004,79.27,38.60335195530727,114.95347999999998,0.8772784000000001
634240,20.72,79.28,38.58472998137802,114.96672,0.8773376
634320,20.709999999999994,79.29,38.566108007448776,114.97995999999999,0.8773968000000001
634400,20.700000000000003,79.3,38.547486033519554,114.9932,0.877456
634480,20.689999999999998,79.31,38.52886405959031,115.00644,0.8775152
634560,20.679999999999993,79.32000000000001,38.51024208566106,115.01968,0.8775744
634640,20.67,79.33,38.49162011173185,115.03291999999999,0.8776336000000001
634720,20.659999999999997,79.34,38.4729981378026,115.04616,0.8776928
634800,20.64999999999999,79.35000000000001,38.454376163873356,115.0594,0.8777520000000001
634880,20.64,79.36,38.435754189944134,115.07264,0.8778112000000001
634960,20.629999999999995,79.37,38.417132216014885,115.08587999999999,0.8778704
635040,20.620000000000005,79.38,38.39851024208567,115.09911999999998,0.8779296000000001
635120,20.61,79.39,38.37988826815642,115.11236,0.8779888
635200,20.599999999999994,79.4,38.36126629422718,115.12559999999999,0.878048
635280,20.590000000000003,79.41,38.34264432029796,115.13883999999999,0.8781072000000001
635360,20.58,79.42,38.32402234636871,115.15207999999998,0.8781664
635440,20.569999999999993,79.43,38.305400372439465,115.16532,0.8782256
635520,20.560000000000002,79.44,38.28677839851024,115.17855999999999,0.8782848000000001
635600,20.549999999999997,79.45,38.268156424581,115.1918,0.8783440000000001
635680,20.539999999999992,79.46000000000001,38.24953445065175,115.20504,0.8784032
635760,20.53,79.47,38.23091247672253,115.21828,0.8784624000000001
635840,20.519999999999996,79.48,38.21229050279329,115.23151999999999,0.8785216
635920,20.510000000000005,79.49,38.193668528864066,115.24476,0.8785808
636000,20.5,79.5,38.17504655493482,115.258,0.8786400000000001
636080,20.489999999999995,79.51,38.156424581005574,115.27124,0.8786992
636160,20.480000000000004,79.52,38.13780260707635,115.28448,0.8787584
636240,20.47,79.53,38.11918063314711,115.29771999999998,0.8788176000000001
636320,20.459999999999994,79.54,38.10055865921786,115.31096,0.8788768000000001
636400,20.450000000000003,79.55,38.081936685288646,115.32419999999999,0.8789360000000002
636480,20.439999999999998,79.56,38.063314711359396,115.33743999999999,0.8789952000000001
636560,20.429999999999993,79.57000000000001,38.044692737430154,115.35067999999998,0.8790544
636640,20.42,79.58,38.02607076350093,115.36392,0.8791136
636720,20.409999999999997,79.59,38.00744878957168,115.37715999999999,0.8791728000000001
636800,20.39999999999999,79.60000000000001,37.98882681564244,115.3904,0.879232
636880,20.39,79.61,37.97020484171322,115.40364,0.8792912
636960,20.379999999999995,79.62,37.951582867783976,115.41687999999999,0.8793504
637040,20.370000000000005,79.63,37.932960893854755,115.43012,0.8794096000000001
637120,20.36,79.64,37.914338919925505,115.44336,0.8794688000000002
637200,20.349999999999994,79.65,37.89571694599626,115.4566,0.8795280000000001
637280,20.340000000000003,79.66,37.87709497206704,115.46984,0.8795872000000001
637360,20.33,79.67,37.8584729981378,115.48308,0.8796464
637440,20.319999999999993,79.68,37.83985102420855,115.49631999999998,0.8797056000000001
637520,20.310000000000002,79.69,37.82122905027933,115.50956,0.8797648
637600,20.299999999999997,79.7,37.802607076350085,115.52279999999999,0.879824
637680,20.289999999999992,79.71000000000001,37.78398510242084,115.53603999999999,0.8798832
637760,20.28,79.72,37.76536312849162,115.54928,0.8799424
637840,20.269999999999996,79.73,37.74674115456237,115.56251999999999,0.8800016000000002
637920,20.260000000000005,79.74,37.72811918063316,115.57575999999999,0.8800608000000001
638000,20.25,79.75,37.70949720670391,115.589,0.8801200000000001
638080,20.239999999999995,79.76,37.690875232774665,115.60224,0.8801792
638160,20.230000000000004,79.77,37.672253258845444,115.61547999999999,0.8802384000000001
638240,20.22,79.78,37.653631284916194,115.62872,0.8802976
638320,20.209999999999994,79.79,37.63500931098695,115.64196,0.8803568
638400,20.200000000000003,79.8,37.61638733705773,115.6552,0.8804160000000001
638480,20.189999999999998,79.81,37.59776536312849,115.66844,0.8804752
638560,20.179999999999993,79.82000000000001,37.57914338919924,115.68168,0.8805343999999999
638640,20.17,79.83,37.56052141527002,115.69492,0.8805936000000001
638720,20.159999999999997,79.84,37.541899441340775,115.70815999999999,0.8806528000000001
638800,20.14999999999999,79.85000000000001,37.523277467411525,115.72139999999999,0.880712
638880,20.14,79.86,37.50465549348231,115.73463999999998,0.8807712000000001
638960,20.129999999999995,79.87,37.48603351955306,115.74788,0.8808304
639040,20.120000000000005,79.88,37.46741154562384,115.76111999999999,0.8808896
639120,20.11,79.89,37.4487895716946,115.77435999999999,0.8809488000000001
639200,20.099999999999994,79.9,37.43016759776535,115.7876,0.881008
639280,20.090000000000003,79.91,37.41154562383613,115.80084,0.8810672
639360,20.08,79.92,37.392923649906884,115.81407999999999,0.8811264
639440,20.069999999999993,79.93,37.37430167597764,115.82732,0.8811856
639520,20.060000000000002,79.94,37.35567970204842,115.84056,0.8812448000000002
639600,20.049999999999997,79.95,37.33705772811917,115.85379999999999,0.8813040000000001
639680,20.039999999999992,79.96000000000001,37.31843575418993,115.86704,0.8813632
639760,20.03,79.97,37.299813780260706,115.88028,0.8814224
639840,20.019999999999996,79.98,37.281191806331464,115.89352,0.8814816000000001
639920,20.010000000000005,79.99,37.26256983240224,115.90675999999999,0.8815408000000001
640000,20.0,80.0,37.24394785847299,115.91999999999999,0.8816
640080,19.989999999999995,80.01,37.22532588454375,115.93323999999998,0.8816592
640160,19.980000000000004,80.02,37.20670391061453,115.94648,0.8817184
640240,19.97,80.03,37.188081936685286,115.95971999999999,0.8817776
640320,19.959999999999994,80.04,37.16945996275604,115.97295999999999,0.8818368000000001
640400,19.950000000000003,80.05,37.150837988826815,115.9862,0.8818960000000001
640480,19.939999999999998,80.06,37.13221601489757,115.99943999999999,0.8819552
640560,19.929999999999993,80.07000000000001,37.11359404096833,116.01267999999999,0.8820144000000001
640640,19.92,80.08,37.09497206703911,116.02592,0.8820736000000001
640720,19.909999999999997,80.09,37.07635009310986,116.03916,0.8821328
640800,19.89999999999999,80.10000000000001,37.05772811918062,116.05239999999999,0.882192
640880,19.89,80.11,37.039106145251395,116.06564,0.8822512
640960,19.879999999999995,80.12,37.02048417132215,116.07888,0.8823104
641040,19.870000000000005,80.13,37.00186219739293,116.09212,0.8823696000000001
641120,19.86,80.14,36.98324022346368,116.10536,0.8824288000000001
641200,19.849999999999994,80.15,36.96461824953444,116.11859999999999,0.882488
641280,19.840000000000003,80.16,36.94599627560522,116.13183999999998,0.8825472000000001
641360,19.83,80.17,36.927374301675975,116.14508,0.8826064000000001
641440,19.819999999999993,80.18,36.908752327746726,116.15831999999999,0.8826656
641520,19.810000000000002,80.19,36.890130353817504,116.17155999999999,0.8827248000000001
641600,19.799999999999997,80.2,36.87150837988826,116.1848,0.882784
641680,19.789999999999992,80.21000000000001,36.85288640595901,116.19803999999999,0.8828432
641760,19.78,80.22,36.8342644320298,116.21127999999999,0.8829024000000001
641840,19.769999999999996,80.23,36.81564245810055,116.22452,0.8829616
641920,19.760000000000005,80.24,36.79702048417133,116.23776,0.8830208000000002
642000,19.75,80.25,36.778398510242084,116.25099999999999,0.8830800000000001
642080,19.739999999999995,80.26,36.759776536312835,116.26424,0.8831392000000001
642160,19.730000000000004,80.27,36.74115456238362,116.27748,0.8831984000000002
642240,19.72,80.28,36.72253258845437,116.29072,0.8832576000000001
642320,19.709999999999994,80.29,36.70391061452513,116.30396,0.8833168
642400,19.700000000000003,80.3,36.68528864059591,116.31719999999999,0.883376
642480,19.689999999999998,80.31,36.66666666666666,116.33043999999998,0.8834352000000001
642560,19.679999999999993,80.32000000000001,36.648044692737415,116.34367999999999,0.8834944
642640,19.67,80.33,36.62942271880819,116.35691999999999,0.8835536
642720,19.659999999999997,80.34,36.61080074487895,116.37015999999998,0.8836128000000001
642800,19.64999999999999,80.35000000000001,36.5921787709497,116.3834,0.883672
642880,19.64,80.36,36.57355679702048,116.39663999999999,0.8837312000000002
642960,19.629999999999995,80.37,36.55493482309124,116.40987999999999,0.8837904000000001
643040,19.620000000000005,80.38,36.536312849162016,116.42312,0.8838496000000001
643120,19.61,80.39,36.51769087523277,116.43636,0.8839088
643200,19.599999999999994,80.4,36.499068901303524,116.44959999999999,0.8839680000000001
643280,19.590000000000003,80.41,36.4804469273743,116.46284,0.8840272
643360,19.58,80.42,36.46182495344506,116.47608,0.8840864
643440,19.569999999999993,80.43,36.44320297951582,116.48931999999999,0.8841456
643520,19.560000000000002,80.44,36.424581005586596,116.50256,0.8842048000000001
643600,19.549999999999997,80.45,36.405959031657346,116.5158,0.884264
643680,19.539999999999992,80.46000000000001,36.387337057728104,116.52903999999998,0.8843232000000001
643760,19.53,80.47,36.36871508379888,116.54227999999999,0.8843824000000001
643840,19.519999999999996,80.48,36.35009310986964,116.55551999999999,0.8844416
643920,19.510000000000005,80.49,36.33147113594042,116.56876,0.8845008000000001
644000,19.5,80.5,36.31284916201117,116.582,0.88456
644080,19.489999999999995,80.51,36.294227188081926,116.59523999999999,0.8846192
644160,19.480000000000004,80.52,36.275605214152705,116.60847999999999,0.8846784000000001
644240,19.47,80.53,36.25698324022346,116.62172,0.8847376
644320,19.459999999999994,80.54,36.23836126629421,116.63495999999999,0.8847968
644400,19.450000000000003,80.55,36.21973929236499,116.6482,0.8848560000000001
644480,19.439999999999998,80.56,36.20111731843575,116.66144,0.8849152000000001
644560,19.429999999999993,80.57000000000001,36.1824953445065,116.67468,0.8849744
644640,19.42,80.58,36.163873370577285,116.68791999999999,0.8850336000000001
644720,19.409999999999997,80.59,36.145251396648035,116.70116,0.8850928
644800,19.39999999999999,80.60000000000001,36.12662942271879,116.7144,0.885152
644880,19.39,80.61,36.10800744878957,116.72763999999998,0.8852112000000001
644960,19.379999999999995,80.62,36.08938547486032,116.74087999999999,0.8852704
645040,19.370000000000005,80.63,36.07076350093111,116.75411999999999,0.8853296
645120,19.36,80.64,36.05214152700186,116.76736,0.8853888000000001
645200,19.349999999999994,80.65,36.033519553072615,116.78059999999999,0.8854480000000001
645280,19.340000000000003,80.66,36.014897579143394,116.79383999999999,0.8855072000000002
645360,19.33,80.67,35.996275605214144,116.80707999999998,0.8855664000000001
645440,19.319999999999993,80.68,35.9776536312849,116.82032,0.8856256
645520,19.310000000000002,80.69,35.95903165735568,116.83355999999999,0.8856848
645600,19.299999999999997,80.7,35.94040968342644,116.8468,0.8857440000000001
645680,19.289999999999992,80.71000000000001,35.92178770949719,116.86004,0.8858032
645760,19.28,80.72,35.90316573556797,116.87328,0.8858624
645840,19.269999999999996,80.73,35.884543761638724,116.88651999999999,0.8859216
645920,19.260000000000005,80.74,35.8659217877095,116.89976,0.8859808000000001
646000,19.25,80.75,35.84729981378026,116.913,0.8860400000000002
646080,19.239999999999995,80.76,35.82867783985101,116.92624,0.8860992000000001
646160,19.230000000000004,80.77,35.81005586592179,116.93947999999999,0.8861584000000001
646240,19.22,80.78,35.79143389199255,116.95271999999999,0.8862176
646320,19.209999999999994,80.79,35.772811918063304,116.96596,0.8862768000000001
646400,19.200000000000003,80.8,35.75418994413408,116.97919999999999,0.886336
646480,19.189999999999998,80.81,35.73556797020483,116.99243999999999,0.8863952
646560,19.179999999999993,80.82000000000001,35.71694599627559,117.00567999999998,0.8864544
646640,19.17,80.83,35.69832402234637,117.01892,0.8865136
646720,19.159999999999997,80.84,35.67970204841713,117.03215999999999,0.8865728000000002
646800,19.14999999999999,80.85000000000001,35.66108007448788,117.0454,0.8866320000000001
646880,19.14,80.86,35.642458100558656,117.05864,0.8866912000000001
646960,19.129999999999995,80.87,35.62383612662941,117.07188,0.8867504
647040,19.120000000000005,80.88,35.60521415270019,117.08512,0.8868096000000001
647120,19.11,80.89,35.58659217877095,117.09836,0.8868688
647200,19.099999999999994,80.9,35.5679702048417,117.1116,0.886928
647280,19.090000000000003,80.91,35.54934823091248,117.12484,0.8869872000000001
647360,19.08,80.92,35.530726256983236,117.13807999999999,0.8870464
647440,19.069999999999993,80.93,35.512104283053986,117.15131999999998,0.8871055999999999
647520,19.060000000000002,80.94,35.49348230912477,117.16456,0.8871648000000001
647600,19.049999999999997,80.95,35.47486033519552,117.17779999999999,0.8872240000000001
647680,19.039999999999992,80.96000000000001,35.45623836126628,117.19103999999999,0.8872832
647760,19.03,80.97,35.43761638733706,117.20428,0.8873424000000001
647840,19.019999999999996,80.98,35.41899441340781,117.21752,0.8874016
647920,19.010000000000005,80.99,35.400372439478595,117.23075999999999,0.8874608
648000,19.0,81.0,35.381750465549345,117.244,0.8875200000000001
648080,18.989999999999995,81.01,35.3631284916201,117.25724,0.8875792
648160,18.980000000000004,81.02,35.34450651769088,117.27047999999999,0.8876384
648240,18.97,81.03,35.32588454376163,117.28372,0.8876976
648320,18.959999999999994,81.04,35.30726256983239,117.29696,0.8877568000000001
648400,18.950000000000003,81.05,35.28864059590317,117.3102,0.8878160000000002
648480,18.939999999999998,81.06,35.270018621973925,117.32344,0.8878752000000001
648560,18.929999999999993,81.07000000000001,35.251396648044675,117.33667999999999,0.8879344
648640,18.92,81.08,35.232774674115454,117.34991999999998,0.8879936
648720,18.909999999999997,81.09,35.21415270018621,117.36316,0.8880528000000001
648800,18.89999999999999,81.10000000000001,35.19553072625696,117.37639999999999,0.888112
648880,18.89,81.11,35.17690875232775,117.38963999999999,0.8881712
648960,18.879999999999995,81.12,35.1582867783985,117.40288,0.8882304
649040,18.870000000000005,81.13,35.13966480446928,117.41611999999999,0.8882896
649120,18.86,81.14,35.121042830540034,117.42935999999999,0.8883488000000002
649200,18.849999999999994,81.15,35.102420856610784,117.4426,0.8884080000000001
649280,18.840000000000003,81.16,35.08379888268157,117.45584,0.8884672000000001
649360,18.83,81.17,35.06517690875232,117.46907999999999,0.8885264
649440,18.819999999999993,81.18,35.04655493482308,117.48232,0.8885856000000001
649520,18.810000000000002,81.19,35.02793296089386,117.49556,0.8886448000000001
649600,18.799999999999997,81.2,35.009310986964614,117.5088,0.888704
649680,18.789999999999992,81.21000000000001,34.990689013035364,117.52204,0.8887632
649760,18.78,81.22,34.97206703910614,117.53528,0.8888224
649840,18.769999999999996,81.23,34.9534450651769,117.54851999999998,0.8888816
649920,18.760000000000005,81.24,34.93482309124768,117.56175999999999,0.8889408000000001
650000,18.75,81.25,34.91620111731844,117.57499999999999,0.8890000000000001
650080,18.739999999999995,81.26,34.89757914338919,117.58823999999998,0.8890592
650160,18.730000000000004,81.27,34.878957169459966,117.60148,0.8891184000000001
650240,18.72,81.28,34.86033519553072,117.61471999999999,0.8891776000000001
650320,18.709999999999994,81.29,34.84171322160147,117.62795999999999,0.8892368
650400,18.700000000000003,81.3,34.82309124767226,117.6412,0.8892960000000001
650480,18.689999999999998,81.31,34.80446927374301,117.65444,0.8893552
650560,18.679999999999993,81.32000000000001,34.78584729981377,117.66767999999999,0.8894144
650640,18.67,81.33,34.767225325884546,117.68092,0.8894736000000001
650720,18.659999999999997,81.34,34.748603351955296,117.69416,0.8895328
650800,18.64999999999999,81.35000000000001,34.729981378026054,117.70739999999999,0.889592
650880,18.64,81.36,34.71135940409683,117.72064,0.8896512000000001
650960,18.629999999999995,81.37,34.69273743016759,117.73388,0.8897104000000001
651040,18.620000000000005,81.38,34.67411545623837,117.74711999999998,0.8897696000000002
651120,18.61,81.39,34.65549348230912,117.76035999999999,0.8898288000000001
651200,18.599999999999994,81.4,34.636871508379876,117.77359999999999,0.889888
651280,18.590000000000003,81.41,34.618249534450655,117.78683999999998,0.8899472
651360,18.58,81.42,34.59962756052141,117.80008,0.8900064000000001
651440,18.569999999999993,81.43,34.58100558659216,117.81331999999999,0.8900656
651520,18.560000000000002,81.44,34.56238361266294,117.82655999999999,0.8901248
651600,18.549999999999997,81.45,34.5437616387337,117.8398,0.8901840000000001
651680,18.539999999999992,81.46000000000001,34.52513966480445,117.85304,0.8902432000000001
651760,18.53,81.47,34.506517690875235,117.86627999999999,0.8903024000000002
651840,18.519999999999996,81.48,34.487895716945985,117.87952,0.8903616000000001
651920,18.510000000000005,81.49,34.469273743016764,117.89276,0.8904208000000001
652000,18.5,81.5,34.45065176908752,117.90599999999999,0.89048
652080,18.489999999999995,81.51,34.43202979515827,117.91924,0.8905392000000001
652160,18.480000000000004,81.52,34.41340782122906,117.93248,0.8905984
652240,18.47,81.53,34.39478584729981,117.94572,0.8906576
652320,18.459999999999994,81.54,34.376163873370565,117.95895999999999,0.8907168
652400,18.450000000000003,81.55,34.357541899441344,117.97219999999999,0.8907760000000001
652480,18.439999999999998,81.56,34.3389199255121,117.98543999999998,0.8908352000000002
652560,18.429999999999993,81.57000000000001,34.32029795158285,117.99868,0.8908944000000001
652640,18.42,81.58,34.30167597765363,118.01191999999999,0.8909536000000001
652720,18.409999999999997,81.59,34.28305400372439,118.02515999999999,0.8910128
652800,18.39999999999999,81.60000000000001,34.26443202979514,118.0384,0.8910720000000001
652880,18.39,81.61,34.245810055865924,118.05163999999999,0.8911312
652960,18.379999999999995,81.62,34.227188081936674,118.06487999999999,0.8911904
653040,18.370000000000005,81.63,34.20856610800745,118.07812,0.8912496000000001
653120,18.36,81.64,34.18994413407821,118.09136,0.8913088
653200,18.349999999999994,81.65,34.17132216014896,118.10459999999999,0.891368
653280,18.340000000000003,81.66,34.15270018621975,118.11784,0.8914272000000001
653360,18.33,81.67,34.1340782122905,118.13108,0.8914864000000001
653440,18.319999999999993,81.68,34.115456238361254,118.14432,0.8915456
653520,18.310000000000002,81.69,34.09683426443203,118.15755999999999,0.8916048000000001
653600,18.299999999999997,81.7,34.07821229050278,118.17079999999999,0.891664
653680,18.289999999999992,81.71000000000001,34.05959031657354,118.18403999999998,0.8917232
653760,18.28,81.72,34.04096834264432,118.19727999999999,0.8917824000000001
653840,18.269999999999996,81.73,34.02234636871508,118.21051999999999,0.8918416
653920,18.260000000000005,81.74,34.003724394785856,118.22376,0.8919008
654000,18.25,81.75,33.985102420856606,118.237,0.8919600000000001
654080,18.239999999999995,81.76,33.96648044692736,118.25023999999999,0.8920192000000001
654160,18.230000000000004,81.77,33.94785847299814,118.26347999999999,0.8920784000000002
654240,18.22,81.78,33.9292364990689,118.27672,0.8921376000000001
654320,18.209999999999994,81.79,33.91061452513965,118.28996,0.8921968
654400,18.200000000000003,81.8,33.89199255121043,118.3032,0.892256
654480,18.189999999999998,81.81,33.873370577281186,118.31644,0.8923152000000001
654560,18.179999999999993,81.82000000000001,33.854748603351936,118.32968,0.8923744
654640,18.17,81.83,33.83612662942272,118.34291999999999,0.8924336
654720,18.159999999999997,81.84,33.81750465549347,118.35616,0.8924928
654800,18.14999999999999,81.85000000000001,33.79888268156423,118.36939999999998,0.8925520000000001
654880,18.14,81.86,33.78026070763501,118.38263999999998,0.8926112000000002
654960,18.129999999999995,81.87,33.76163873370576,118.39587999999999,0.8926704000000001
655040,18.120000000000005,81.88,33.743016759776545,118.40911999999999,0.8927296000000001
655120,18.11,81.89,33.724394785847295,118.42236,0.8927888
655200,18.099999999999994,81.9,33.70577281191805,118.4356,0.8928480000000001
655280,18.090000000000003,81.91,33.68715083798883,118.44883999999999,0.8929072
655360,18.08,81.92,33.66852886405959,118.46207999999999,0.8929664
655440,18.069999999999993,81.93,33.64990689013034,118.47532,0.8930256
655520,18.060000000000002,81.94,33.63128491620112,118.48855999999999,0.8930848
655600,18.049999999999997,81.95,33.612662942271875,118.5018,0.8931440000000002
655680,18.039999999999992,81.96000000000001,33.594040968342625,118.51504,0.8932032000000001
655760,18.03,81.97,33.57541899441341,118.52828,0.8932624000000001
655840,18.019999999999996,81.98,33.55679702048416,118.54151999999999,0.8933216
655920,18.010000000000005,81.99,33.53817504655494,118.55476,0.8933808000000001
656000,18.0,82.0,33.5195530726257,118.56799999999998,0.89344
656080,17.989999999999995,82.01,33.50093109869645,118.58123999999998,0.8934992
656160,17.980000000000004,82.02,33.482309124767234,118.59447999999999,0.8935584000000001
656240,17.97,82.03,33.463687150837984,118.60771999999999,0.8936176
656320,17.959999999999994,82.04,33.44506517690874,118.62096,0.8936767999999999
656400,17.950000000000003,82.05,33.42644320297952,118.63419999999999,0.8937360000000001
656480,17.939999999999998,82.06,33.40782122905027,118.64743999999999,0.8937952000000001
656560,17.929999999999993,82.07000000000001,33.38919925512103,118.66067999999999,0.8938544
656640,17.92,82.08,33.37057728119181,118.67392,0.8939136000000001
656720,17.909999999999997,82.09,33.351955307262564,118.68715999999999,0.8939728
656800,17.89999999999999,82.10000000000001,33.333333333333314,118.7004,0.894032
656880,17.89,82.11,33.31471135940409,118.71364,0.8940912000000001
656960,17.879999999999995,82.12,33.29608938547485,118.72688,0.8941504
657040,17.870000000000005,82.13,33.27746741154563,118.74012,0.8942096
657120,17.86,82.14,33.25884543761639,118.75336,0.8942688
657200,17.849999999999994,82.15,33.24022346368714,118.7666,0.8943280000000001
657280,17.840000000000003,82.16,33.221601489757916,118.77984,0.8943872000000002
657360,17.83,82.17,33.20297951582867,118.79307999999999,0.8944464000000001
657440,17.819999999999993,82.18,33.18435754189942,118.80631999999999,0.8945056
657520,17.810000000000002,82.19,33.16573556797021,118.81956,0.8945648
657600,17.799999999999997,82.2,33.14711359404096,118.83279999999999,0.8946240000000001
657680,17.789999999999992,82.21000000000001,33.12849162011172,118.84603999999999,0.8946832
657760,17.78,82.22,33.109869646182496,118.85928,0.8947424
657840,17.769999999999996,82.23,33.091247672253246,118.87252,0.8948016
657920,17.760000000000005,82.24,33.07262569832403,118.88575999999999,0.8948608
658000,17.75,82.25,33.05400372439478,118.899,0.8949200000000002
658080,17.739999999999995,82.26,33.03538175046554,118.91224,0.8949792000000001
658160,17.730000000000004,82.27,33.01675977653632,118.92548,0.8950384000000001
658240,17.72,82.28,32.998137802607076,118.93872,0.8950976
658320,17.709999999999994,82.29,32.979515828677826,118.95196,0.8951568000000001
658400,17.700000000000003,82.3,32.960893854748605,118.9652,0.8952160000000001
658480,17.689999999999998,82.31,32.94227188081936,118.97843999999999,0.8952752
658560,17.679999999999993,82.32000000000001,32.92364990689011,118.99167999999999,0.8953344
658640,17.67,82.33,32.9050279329609,119.00491999999998,0.8953936
658720,17.659999999999997,82.34,32.88640595903165,119.01816,0.8954528
658800,17.64999999999999,82.35000000000001,32.867783985102406,119.03139999999999,0.8955120000000001
658880,17.64,82.36,32.849162011173185,119.04463999999999,0.8955712000000001
658960,17.629999999999995,82.37,32.830540037243935,119.05788,0.8956304
659040,17.620000000000005,82.38,32.81191806331472,119.07112,0.8956896000000001
659120,17.61,82.39,32.79329608938547,119.08435999999999,0.8957488000000001
659200,17.599999999999994,82.4,32.77467411545623,119.0976,0.895808
659280,17.590000000000003,82.41,32.75605214152701,119.11084,0.8958672000000001
659360,17.58,82.42,32.73743016759776,119.12407999999999,0.8959264
659440,17.569999999999993,82.43,32.718808193668515,119.13732,0.8959856
659520,17.560000000000002,82.44,32.700186219739294,119.15056,0.8960448000000001
659600,17.549999999999997,82.45,32.68156424581005,119.1638,0.8961040000000001
659680,17.539999999999992,82.46000000000001,32.6629422718808,119.17704,0.8961632
659760,17.53,82.47,32.64432029795158,119.19027999999999,0.8962224000000001
659840,17.519999999999996,82.48,32.62569832402234,119.20351999999998,0.8962816000000001
659920,17.510000000000005,82.49,32.607076350093116,119.21676,0.8963408000000002
660000,17.5,82.5,32.588454376163874,119.22999999999999,0.8964000000000001
660080,17.489999999999995,82.51,32.569832402234624,119.24323999999999,0.8964592
660160,17.480000000000004,82.52,32.5512104283054,119.25648,0.8965184
660240,17.47,82.53,32.53258845437616,119.26971999999999,0.8965776000000001
660320,17.459999999999994,82.54,32.51396648044691,119.28295999999999,0.8966368
660400,17.450000000000003,82.55,32.4953445065177,119.2962,0.8966960000000002
660480,17.439999999999998,82.56,32.47672253258845,119.30944,0.8967552000000001
660560,17.429999999999993,82.57000000000001,32.458100558659204,119.32267999999999,0.8968144000000001
660640,17.42,82.58,32.43947858472998,119.33592,0.8968736000000002
660720,17.409999999999997,82.59,32.42085661080073,119.34916,0.8969328000000001
660800,17.39999999999999,82.60000000000001,32.40223463687149,119.3624,0.896992
660880,17.39,82.61,32.38361266294227,119.37564,0.8970512
660960,17.379999999999995,82.62,32.36499068901303,119.38887999999999,0.8971104000000001
661040,17.370000000000005,82.63,32.346368715083806,119.40211999999998,0.8971696
661120,17.36,82.64,32.327746741154556,119.41535999999999,0.8972288
661200,17.349999999999994,82.65,32.30912476722531,119.42859999999999,0.897288
661280,17.340000000000003,82.66,32.29050279329609,119.44183999999998,0.8973472000000001
661360,17.33,82.67,32.27188081936685,119.45508,0.8974064000000002
661440,17.319999999999993,82.68,32.2532588454376,119.46831999999999,0.8974656000000001
661520,17.310000000000002,82.69,32.234636871508386,119.48155999999999,0.8975248000000001
661600,17.299999999999997,82.7,32.216014897579136,119.4948,0.897584
661680,17.289999999999992,82.71000000000001,32.19739292364989,119.50804,0.8976432000000001
661760,17.28,82.72,32.17877094972067,119.52127999999999,0.8977024
661840,17.269999999999996,82.73,32.16014897579142,119.53452,0.8977616
661920,17.260000000000005,82.74,32.14152700186221,119.54776,0.8978208000000001
662000,17.25,82.75,32.12290502793296,119.56099999999999,0.89788
662080,17.239999999999995,82.76,32.104283054003716,119.57424,0.8979392000000002
662160,17.230000000000004,82.77,32.085661080074495,119.58748,0.8979984000000001
662240,17.22,82.78,32.067039106145245,119.60071999999998,0.8980576000000001
662320,17.209999999999994,82.79,32.048417132216,119.61395999999999,0.8981168
662400,17.200000000000003,82.8,32.02979515828678,119.62719999999999,0.8981760000000001
662480,17.189999999999998,82.81,32.01117318435754,119.64043999999998,0.8982352
662560,17.179999999999993,82.82000000000001,31.99255121042829,119.65368,0.8982944
662640,17.17,82.83,31.97392923649907,119.66691999999999,0.8983536000000001
662720,17.159999999999997,82.84,31.955307262569825,119.68015999999999,0.8984128
662800,17.14999999999999,82.85000000000001,31.93668528864058,119.6934,0.8984719999999999
662880,17.14,82.86,31.918063314711357,119.70664,0.8985312000000001
662960,17.129999999999995,82.87,31.89944134078211,119.71987999999999,0.8985904000000001
663040,17.120000000000005,82.88,31.880819366852894,119.73312,0.8986496000000002
663120,17.11,82.89,31.862197392923647,119.74636,0.8987088000000001
663200,17.099999999999994,82.9,31.8435754189944,119.75959999999999,0.898768
663280,17.090000000000003,82.91,31.82495344506518,119.77284,0.8988272
663360,17.08,82.92,31.806331471135934,119.78608,0.8988864000000001
663440,17.069999999999993,82.93,31.787709497206688,119.79931999999998,0.8989456
663520,17.060000000000002,82.94,31.76908752327747,119.81255999999999,0.8990048
663600,17.049999999999997,82.95,31.750465549348224,119.82579999999999,0.899064
663680,17.039999999999992,82.96000000000001,31.731843575418978,119.83903999999998,0.8991232000000001
663760,17.03,82.97,31.713221601489757,119.85228,0.8991824000000002
663840,17.019999999999996,82.98,31.69459962756051,119.86551999999999,0.8992416000000001
663920,17.010000000000005,82.99,31.675977653631293,119.87876,0.8993008000000001
664000,17.0,83.0,31.657355679702047,119.892,0.89936
664080,16.989999999999995,83.01,31.6387337057728,119.90523999999999,0.8994192000000001
664160,16.980000000000004,83.02,31.62011173184358,119.91847999999999,0.8994784
664240,16.97,83.03,31.601489757914337,119.93172,0.8995376
664320,16.959999999999994,83.04,31.58286778398509,119.94496,0.8995968
664400,16.950000000000003,83.05,31.56424581005587,119.9582,0.899656
664480,16.939999999999998,83.06,31.545623836126623,119.97144,0.8997152000000002
664560,16.929999999999993,83.07000000000001,31.527001862197377,119.98468,0.8997744000000001
664640,16.92,83.08,31.50837988826816,119.99792,0.8998336000000001
664720,16.909999999999997,83.09,31.489757914338913,120.01115999999999,0.8998928
664800,16.89999999999999,83.10000000000001,31.471135940409667,120.02439999999999,0.8999520000000001
664880,16.89,83.11,31.452513966480446,120.03763999999998,0.9000112
664960,16.879999999999995,83.12,31.4338919925512,120.05087999999999,0.9000704
665040,16.870000000000005,83.13,31.41527001862198,120.06411999999999,0.9001296000000001
665120,16.86,83.14,31.396648044692736,120.07736,0.9001888
665200,16.849999999999994,83.15,31.37802607076349,120.0906,0.9002479999999999
665280,16.840000000000003,83.16,31.359404096834268,120.10383999999999,0.9003072000000001
665360,16.83,83.17,31.340782122905022,120.11707999999999,0.9003664000000001
665440,16.819999999999993,83.18,31.322160148975776,120.13032,0.9004256
665520,16.810000000000002,83.19,31.303538175046558,120.14356,0.9004848000000001
665600,16.799999999999997,83.2,31.284916201117312,120.1568,0.900544
665680,16.789999999999992,83.21000000000001,31.266294227188066,120.17004,0.9006032
665760,16.78,83.22,31.247672253258845,120.18328,0.9006624000000001
665840,16.769999999999996,83.23,31.2290502793296,120.19651999999999,0.9007216
665920,16.760000000000005,83.24,31.21042830540038,120.20975999999999,0.9007808
666000,16.75,83.25,31.191806331471135,120.22299999999998,0.9008400000000001
666080,16.739999999999995,83.26,31.17318435754189,120.23623999999998,0.9008992000000001
666160,16.730000000000004,83.27,31.154562383612667,120.24947999999999,0.9009584000000002
666240,16.72,83.28,31.13594040968342,120.26271999999999,0.9010176000000001
666320,16.709999999999994,83.29,31.117318435754175,120.27596,0.9010768
666400,16.700000000000003,83.3,31.098696461824957,120.2892,0.901136
666480,16.689999999999998,83.31,31.08007448789571,120.30243999999999,0.9011952000000001
666560,16.679999999999993,83.32000000000001,31.061452513966465,120.31567999999999,0.9012544
666640,16.67,83.33,31.042830540037244,120.32892,0.9013136
666720,16.659999999999997,83.34,31.024208566107998,120.34215999999999,0.9013728
666800,16.64999999999999,83.35000000000001,31.00558659217875,120.3554,0.901432
666880,16.64,83.36,30.986964618249534,120.36864,0.9014912000000002
666960,16.629999999999995,83.37,30.968342644320288,120.38188,0.9015504000000001
667040,16.620000000000005,83.38,30.949720670391066,120.39512,0.9016096000000001
667120,16.61,83.39,30.931098696461824,120.40835999999999,0.9016688
667200,16.599999999999994,83.4,30.912476722532578,120.42159999999998,0.9017280000000001
667280,16.590000000000003,83.41,30.893854748603356,120.43484,0.9017872000000001
667360,16.58,83.42,30.87523277467411,120.44807999999999,0.9018464
667440,16.569999999999993,83.43,30.856610800744864,120.46131999999999,0.9019056
667520,16.560000000000002,83.44,30.837988826815646,120.47456,0.9019648
667600,16.549999999999997,83.45,30.8193668528864,120.4878,0.902024
667680,16.539999999999992,83.46000000000001,30.800744878957154,120.50103999999999,0.9020832000000001
667760,16.53,83.47,30.782122905027933,120.51428,0.9021424000000001
667840,16.519999999999996,83.48,30.763500931098687,120.52752,0.9022016
667920,16.510000000000005,83.49,30.74487895716947,120.54075999999999,0.9022608000000001
668000,16.5,83.5,30.726256983240223,120.554,0.9023200000000001
668080,16.489999999999995,83.51,30.707635009310977,120.56724,0.9023792
668160,16.480000000000004,83.52,30.689013035381755,120.58048,0.9024384000000001
668240,16.47,83.53,30.67039106145251,120.59372,0.9024976
668320,16.459999999999994,83.54,30.651769087523263,120.60696,0.9025568
668400,16.450000000000003,83.55,30.633147113594045,120.62019999999998,0.9026160000000001
668480,16.439999999999998,83.56,30.6145251396648,120.63344,0.9026752000000001
668560,16.429999999999993,83.57000000000001,30.595903165735553,120.64667999999999,0.9027344
668640,16.42,83.58,30.577281191806332,120.65991999999999,0.9027936000000001
668720,16.409999999999997,83.59,30.558659217877086,120.67316,0.9028528000000001
668800,16.39999999999999,83.60000000000001,30.54003724394784,120.68639999999999,0.902912
668880,16.39,83.61,30.521415270018622,120.69963999999999,0.9029712000000001
668960,16.379999999999995,83.62,30.502793296089376,120.71288,0.9030304
669040,16.370000000000005,83.63,30.484171322160154,120.72612,0.9030896
669120,16.36,83.64,30.46554934823091,120.73935999999999,0.9031488000000001
669200,16.349999999999994,83.65,30.446927374301662,120.7526,0.903208
669280,16.340000000000003,83.66,30.428305400372444,120.76584,0.9032672000000002
669360,16.33,83.67,30.4096834264432,120.77908,0.9033264000000001
669440,16.319999999999993,83.68,30.391061452513952,120.79232,0.9033856000000001
669520,16.310000000000002,83.69,30.37243947858473,120.80556,0.9034448000000002
669600,16.299999999999997,83.7,30.353817504655485,120.81879999999998,0.9035040000000001
669680,16.289999999999992,83.71000000000001,30.33519553072624,120.83203999999999,0.9035632
669760,16.28,83.72,30.31657355679702,120.84527999999999,0.9036224
669840,16.269999999999996,83.73,30.297951582867775,120.85851999999998,0.9036816000000001
669920,16.260000000000005,83.74,30.279329608938554,120.87176,0.9037408
670000,16.25,83.75,30.260707635009307,120.88499999999999,0.9038
670080,16.239999999999995,83.76,30.242085661080065,120.89823999999999,0.9038592000000001
670160,16.230000000000004,83.77,30.223463687150844,120.91148,0.9039184000000001
670240,16.22,83.78,30.204841713221597,120.92472,0.9039776000000002
670320,16.209999999999994,83.79,30.18621973929235,120.93795999999999,0.9040368000000001
670400,16.200000000000003,83.8,30.167597765363134,120.9512,0.9040960000000001
670480,16.189999999999998,83.81,30.148975791433887,120.96444,0.9041552
670560,16.179999999999993,83.82000000000001,30.13035381750464,120.97767999999999,0.9042144000000001
670640,16.17,83.83,30.11173184357542,120.99092,0.9042736
670720,16.159999999999997,83.84,30.093109869646174,121.00416,0.9043328
670800,16.14999999999999,83.85000000000001,30.074487895716928,121.0174,0.904392
670880,16.14,83.86,30.05586592178771,121.03063999999999,0.9044512000000001
670960,16.129999999999995,83.87,30.037243947858464,121.04387999999999,0.9045104000000002
671040,16.120000000000005,83.88,30.018621973929243,121.05711999999998,0.9045696000000001
671120,16.11,83.89,29.999999999999996,121.07036,0.9046288000000001
671200,16.099999999999994,83.9,29.98137802607075,121.08359999999999,0.904688
671280,16.090000000000003,83.91,29.962756052141533,121.09683999999999,0.9047472000000001
671360,16.08,83.92,29.944134078212286,121.11008,0.9048064
671440,16.069999999999993,83.93,29.92551210428304,121.12331999999999,0.9048656
671520,16.060000000000002,83.94,29.90689013035382,121.13655999999999,0.9049248000000001
671600,16.049999999999997,83.95,29.888268156424573,121.1498,0.904984
671680,16.039999999999992,83.96000000000001,29.869646182495327,121.16304,0.9050432000000002
671760,16.03,83.97,29.85102420856611,121.17627999999999,0.9051024000000001
671840,16.019999999999996,83.98,29.832402234636863,121.18952,0.9051616000000001
671920,16.010000000000005,83.99,29.81378026070764,121.20276,0.9052208000000002
672000,16.0,84.0,29.795158286778396,121.216,0.9052800000000001
672080,15.989999999999995,84.01,29.77653631284915,121.22923999999999,0.9053392
672160,15.980000000000004,84.02,29.75791433891993,121.24247999999999,0.9053984
672240,15.969999999999999,84.03,29.739292364990686,121.25571999999998,0.9054576000000001
672320,15.959999999999994,84.04,29.72067039106144,121.26895999999999,0.9055168
672400,15.950000000000003,84.05,29.702048417132218,121.28219999999999,0.905576
672480,15.939999999999998,84.06,29.683426443202972,121.29543999999999,0.9056352
672560,15.929999999999993,84.07000000000001,29.664804469273726,121.30868,0.9056944000000001
672640,15.920000000000002,84.08,29.646182495344508,121.32191999999999,0.9057536000000002
672720,15.909999999999997,84.09,29.627560521415262,121.33515999999999,0.9058128000000001
672800,15.899999999999991,84.10000000000001,29.608938547486016,121.3484,0.905872
672880,15.89,84.11,29.590316573556795,121.36164,0.9059312
672960,15.879999999999995,84.12,29.571694599627552,121.37487999999999,0.9059904000000001
673040,15.870000000000005,84.13,29.55307262569833,121.38812,0.9060496
673120,15.86,84.14,29.534450651769085,121.40136,0.9061088
673200,15.849999999999994,84.15,29.51582867783984,121.4146,0.906168
673280,15.840000000000003,84.16,29.49720670391062,121.42784,0.9062272
673360,15.829999999999998,84.17,29.478584729981375,121.44107999999999,0.9062864000000002
673440,15.819999999999993,84.18,29.45996275605213,121.45431999999998,0.9063456000000001
673520,15.810000000000002,84.19,29.441340782122907,121.46755999999999,0.9064048000000001
673600,15.799999999999997,84.2,29.42271880819366,121.48079999999999,0.906464
673680,15.789999999999992,84.21000000000001,29.404096834264415,121.49403999999998,0.9065232000000001
673760,15.780000000000001,84.22,29.385474860335197,121.50728,0.9065824
673840,15.769999999999996,84.23,29.36685288640595,121.52051999999999,0.9066416
673920,15.760000000000005,84.24,29.34823091247673,121.53376,0.9067008000000001
674000,15.75,84.25,29.329608938547484,121.547,0.90676
674080,15.739999999999995,84.26,29.310986964618237,121.56024,0.9068192
674160,15.730000000000004,84.27,29.29236499068902,121.57347999999999,0.9068784000000001
674240,15.719999999999999,84.28,29.273743016759774,121.58672,0.9069376000000001
674320,15.709999999999994,84.29,29.255121042830528,121.59996,0.9069968
674400,15.700000000000003,84.3,29.236499068901306,121.6132,0.9070560000000001
674480,15.689999999999998,84.31,29.21787709497206,121.62644,0.9071152
674560,15.679999999999993,84.32000000000001,29.199255121042814,121.63967999999998,0.9071744
674640,15.670000000000002,84.33,29.180633147113596,121.65292,0.9072336000000001
674720,15.659999999999997,84.34,29.16201117318435,121.66615999999999,0.9072928
674800,15.649999999999991,84.35000000000001,29.143389199255104,121.67939999999999,0.9073519999999999
674880,15.64,84.36,29.124767225325883,121.69263999999998,0.9074112000000001
674960,15.629999999999995,84.37,29.106145251396637,121.70588,0.9074704000000001
675040,15.620000000000005,84.38,29.08752327746742,121.71911999999999,0.9075296000000002
675120,15.61,84.39,29.068901303538173,121.73236,0.9075888000000001
675200,15.599999999999994,84.4,29.050279329608927,121.7456,0.907648
675280,15.590000000000003,84.41,29.031657355679705,121.75883999999999,0.9077072
675360,15.579999999999998,84.42,29.01303538175046,121.77207999999999,0.9077664000000001
675440,15.569999999999993,84.43,28.994413407821213,121.78532,0.9078256
675520,15.560000000000002,84.44,28.975791433891995,121.79856,0.9078848
675600,15.549999999999997,84.45,28.95716945996275,121.8118,0.907944
675680,15.539999999999992,84.46000000000001,28.938547486033503,121.82504,0.9080032
675760,15.530000000000001,84.47,28.91992551210428,121.83828,0.9080624000000002
675840,15.519999999999996,84.48,28.901303538175036,121.85152,0.9081216000000001
675920,15.510000000000005,84.49,28.882681564245818,121.86475999999999,0.9081808000000001
676000,15.5,84.5,28.86405959031657,121.87799999999999,0.90824
676080,15.489999999999995,84.51,28.845437616387326,121.89123999999998,0.9082992000000001
676160,15.480000000000004,84.52,28.826815642458108,121.90447999999999,0.9083584000000001
676240,15.469999999999999,84.53,28.80819366852886,121.91771999999999,0.9084176
676320,15.459999999999994,84.54,28.789571694599616,121.93096,0.9084768
676400,15.450000000000003,84.55,28.770949720670394,121.9442,0.908536
676480,15.439999999999998,84.56,28.752327746741148,121.95743999999999,0.9085952
676560,15.429999999999993,84.57000000000001,28.733705772811902,121.97067999999999,0.9086544000000001
676640,15.420000000000002,84.58,28.715083798882684,121.98392,0.9087136000000001
676720,15.409999999999997,84.59,28.69646182495344,121.99716,0.9087728
676800,15.399999999999991,84.60000000000001,28.677839851024192,122.0104,0.9088320000000001
676880,15.39,84.61,28.65921787709497,122.02364,0.9088912000000001
676960,15.379999999999995,84.62,28.640595903165725,122.03688,0.9089504
677040,15.370000000000005,84.63,28.621973929236507,122.05011999999999,0.9090096000000001
677120,15.36,84.64,28.60335195530726,122.06335999999999,0.9090688
677200,15.349999999999994,84.65,28.584729981378015,122.07659999999998,0.909128
677280,15.340000000000003,84.66,28.566108007448793,122.08984,0.9091872000000001
677360,15.329999999999998,84.67,28.547486033519547,122.10307999999999,0.9092464000000001
677440,15.319999999999993,84.68,28.5288640595903,122.11631999999999,0.9093056
677520,15.310000000000002,84.69,28.510242085661083,122.12956,0.9093648000000001
677600,15.299999999999997,84.7,28.491620111731837,122.1428,0.9094240000000001
677680,15.289999999999992,84.71000000000001,28.47299813780259,122.15603999999999,0.9094832
677760,15.280000000000001,84.72,28.45437616387337,122.16928,0.9095424000000001
677840,15.269999999999996,84.73,28.435754189944124,122.18252,0.9096016
677920,15.260000000000005,84.74,28.417132216014906,122.19575999999999,0.9096608
678000,15.25,84.75,28.39851024208566,122.209,0.9097200000000001
678080,15.239999999999995,84.76,28.379888268156414,122.22224,0.9097792
678160,15.230000000000004,84.77,28.361266294227192,122.23548,0.9098384000000002
678240,15.219999999999999,84.78,28.342644320297946,122.24871999999999,0.9098976000000001
678320,15.209999999999994,84.79,28.3240223463687,122.26195999999999,0.9099568000000001
678400,15.200000000000003,84.8,28.305400372439482,122.27519999999998,0.9100160000000002
678480,15.189999999999998,84.81,28.286778398510236,122.28844,0.9100752000000001
678560,15.179999999999993,84.82000000000001,28.26815642458099,122.30167999999999,0.9101344
678640,15.170000000000002,84.83,28.24953445065177,122.31491999999999,0.9101936
678720,15.159999999999997,84.84,28.230912476722523,122.32816,0.9102528000000001
678800,15.149999999999991,84.85000000000001,28.21229050279328,122.3414,0.910312
678880,15.14,84.86,28.19366852886406,122.35463999999999,0.9103712
678960,15.129999999999995,84.87,28.175046554934813,122.36788,0.9104304000000001
679040,15.120000000000005,84.88,28.156424581005595,122.38112,0.9104896000000001
679120,15.11,84.89,28.13780260707635,122.39435999999999,0.9105488000000002
679200,15.099999999999994,84.9,28.119180633147103,122.4076,0.9106080000000001
679280,15.090000000000003,84.91,28.10055865921788,122.42084,0.9106672000000001
679360,15.079999999999998,84.92,28.081936685288635,122.43408,0.9107264
679440,15.069999999999993,84.93,28.06331471135939,122.44732,0.9107856000000001
679520,15.060000000000002,84.94,28.04469273743017,122.46055999999999,0.9108448
679600,15.049999999999997,84.95,28.026070763500925,122.47379999999998,0.910904
679680,15.039999999999992,84.96000000000001,28.00744878957168,122.48704,0.9109632
679760,15.030000000000001,84.97,27.988826815642458,122.50027999999999,0.9110224000000001
679840,15.019999999999996,84.98,27.970204841713212,122.51351999999999,0.9110816000000002
679920,15.010000000000005,84.99,27.951582867783994,122.52676,0.9111408000000001
680000,15.0,85.0,27.932960893854748,122.53999999999999,0.9112000000000001
680080,14.989999999999995,85.01,27.914338919925502,122.55323999999999,0.9112592
680160,14.980000000000004,85.02,27.89571694599628,122.56648,0.9113184000000001
680240,14.969999999999999,85.03,27.877094972067034,122.57972,0.9113776
680320,14.959999999999994,85.04,27.85847299813779,122.59295999999999,0.9114368
680400,14.950000000000003,85.05,27.83985102420857,122.6062,0.9114960000000001
680480,14.939999999999998,85.06,27.821229050279324,122.61944,0.9115552
680560,14.929999999999993,85.07000000000001,27.80260707635008,122.63268,0.9116144
680640,14.920000000000002,85.08,27.783985102420857,122.64592,0.9116736000000001
680720,14.909999999999997,85.09,27.76536312849161,122.65915999999999,0.9117328000000001
680800,14.899999999999991,85.10000000000001,27.746741154562365,122.67239999999998,0.911792
680880,14.89,85.11,27.728119180633147,122.68563999999999,0.9118512000000001
680960,14.879999999999995,85.12,27.7094972067039,122.69887999999999,0.9119104
681040,14.870000000000005,85.13,27.69087523277468,122.71211999999998,0.9119696
681120,14.86,85.14,27.672253258845434,122.72536,0.9120288000000001
681200,14.849999999999994,85.15,27.653631284916187,122.73859999999999,0.912088
681280,14.840000000000003,85.16,27.63500931098697,122.75183999999999,0.9121472
681360,14.829999999999998,85.17,27.616387337057724,122.76508,0.9122064000000001
681440,14.819999999999993,85.18,27.597765363128477,122.77832,0.9122656000000001
681520,14.810000000000002,85.19,27.579143389199256,122.79155999999999,0.9123248000000002
681600,14.799999999999997,85.2,27.56052141527001,122.8048,0.9123840000000001
681680,14.789999999999992,85.21000000000001,27.541899441340764,122.81804,0.9124432
681760,14.780000000000001,85.22,27.523277467411546,122.83127999999999,0.9125024
681840,14.769999999999996,85.23,27.5046554934823,122.84452,0.9125616000000001
681920,14.760000000000005,85.24,27.48603351955308,122.85776,0.9126208000000001
682000,14.75,85.25,27.467411545623836,122.87099999999998,0.91268
682080,14.739999999999995,85.26,27.44878957169459,122.88423999999999,0.9127392
682160,14.730000000000004,85.27,27.43016759776537,122.89747999999999,0.9127984000000001
682240,14.719999999999999,85.28,27.411545623836123,122.91071999999998,0.9128576000000002
682320,14.709999999999994,85.29,27.392923649906876,122.92396,0.9129168000000001
682400,14.700000000000003,85.3,27.37430167597766,122.93719999999999,0.9129760000000001
682480,14.689999999999998,85.31,27.355679702048413,122.95043999999999,0.9130352
682560,14.679999999999993,85.32000000000001,27.337057728119166,122.96368,0.9130944000000001
682640,14.670000000000002,85.33,27.318435754189945,122.97691999999999,0.9131536000000001
682720,14.659999999999997,85.34,27.2998137802607,122.99015999999999,0.9132128
682800,14.649999999999991,85.35000000000001,27.281191806331453,123.0034,0.913272
682880,14.64,85.36,27.262569832402235,123.01664,0.9133312
682960,14.629999999999995,85.37,27.24394785847299,123.02987999999999,0.9133904
683040,14.620000000000005,85.38,27.225325884543768,123.04312,0.9134496000000001
683120,14.61,85.39,27.20670391061452,123.05636,0.9135088000000001
683200,14.599999999999994,85.4,27.188081936685276,123.06959999999998,0.913568
683280,14.590000000000003,85.41,27.169459962756058,123.08283999999999,0.9136272000000001
683360,14.579999999999998,85.42,27.15083798882681,123.09607999999999,0.9136864
683440,14.569999999999993,85.43,27.132216014897566,123.10931999999998,0.9137456
683520,14.560000000000002,85.44,27.113594040968344,123.12256,0.9138048000000001
683600,14.549999999999997,85.45,27.094972067039098,123.13579999999999,0.913864
683680,14.539999999999992,85.46000000000001,27.076350093109852,123.14903999999999,0.9139232
683760,14.530000000000001,85.47,27.057728119180634,123.16228,0.9139824
683840,14.519999999999996,85.48,27.039106145251388,123.17551999999999,0.9140416000000001
683920,14.510000000000005,85.49,27.020484171322167,123.18876,0.9141008000000002
684000,14.5,85.5,27.00186219739292,123.202,0.9141600000000001
684080,14.489999999999995,85.51,26.983240223463675,123.21524,0.9142192
684160,14.480000000000004,85.52,26.964618249534457,123.22847999999999,0.9142784
684240,14.469999999999999,85.53,26.94599627560521,123.24172,0.9143376000000001
684320,14.459999999999994,85.54,26.927374301675965,123.25496,0.9143968
684400,14.450000000000003,85.55,26.908752327746743,123.26820000000001,0.914456
684480,14.439999999999998,85.56,26.890130353817497,123.28143999999999,0.9145152
684560,14.429999999999993,85.57000000000001,26.87150837988825,123.29467999999999,0.9145744
684640,14.420000000000002,85.58,26.852886405959033,123.30792,0.9146336000000002
684720,14.409999999999997,85.59,26.834264432029787,123.32115999999999,0.9146928000000001
684800,14.399999999999991,85.60000000000001,26.81564245810054,123.33439999999999,0.914752
684880,14.39,85.61,26.797020484171323,123.34763999999998,0.9148112
684960,14.379999999999995,85.62,26.778398510242077,123.36088,0.9148704000000001
685040,14.370000000000005,85.63,26.759776536312856,123.37411999999999,0.9149296000000001
685120,14.36,85.64,26.74115456238361,123.38736,0.9149888
685200,14.349999999999994,85.65,26.722532588454364,123.4006,0.915048
685280,14.340000000000003,85.66,26.703910614525146,123.41384,0.9151072
685360,14.329999999999998,85.67,26.6852886405959,123.42707999999999,0.9151664
685440,14.319999999999993,85.68,26.666666666666654,123.44032,0.9152256000000001
685520,14.310000000000002,85.69,26.648044692737432,123.45356,0.9152848000000001
685600,14.299999999999997,85.7,26.629422718808186,123.4668,0.915344
685680,14.289999999999992,85.71000000000001,26.61080074487894,123.48003999999999,0.9154032000000001
685760,14.280000000000001,85.72,26.592178770949722,123.49327999999998,0.9154624000000001
685840,14.269999999999996,85.73,26.573556797020476,123.50652,0.9155216
685920,14.260000000000005,85.74,26.554934823091255,123.51975999999999,0.9155808000000001
686000,14.25,85.75,26.53631284916201,123.53299999999999,0.91564
686080,14.239999999999995,85.76,26.517690875232763,123.54623999999998,0.9156992
686160,14.230000000000004,85.77,26.499068901303545,123.55948,0.9157584000000001
686240,14.219999999999999,85.78,26.4804469273743,123.57271999999999,0.9158176000000001
686320,14.209999999999994,85.79,26.461824953445053,123.58596,0.9158768
686400,14.200000000000003,85.8,26.44320297951583,123.5992,0.9159360000000001
686480,14.189999999999998,85.81,26.424581005586585,123.61243999999999,0.9159952000000001
686560,14.179999999999993,85.82000000000001,26.40595903165734,123.62567999999999,0.9160544
686640,14.170000000000002,85.83,26.38733705772812,123.63892,0.9161136000000001
686720,14.159999999999997,85.84,26.368715083798875,123.65216,0.9161728
686800,14.149999999999991,85.85000000000001,26.35009310986963,123.6654,0.916232
686880,14.14,85.86,26.331471135940408,123.67864,0.9162912000000001
686960,14.129999999999995,85.87,26.31284916201116,123.69187999999998,0.9163504
687040,14.120000000000005,85.88,26.294227188081944,123.70512,0.9164096000000002
687120,14.11,85.89,26.275605214152698,123.71835999999999,0.9164688000000001
687200,14.099999999999994,85.9,26.25698324022345,123.73159999999999,0.9165280000000001
687280,14.090000000000003,85.91,26.23836126629423,123.74484,0.9165872000000002
687360,14.079999999999998,85.92,26.219739292364984,123.75807999999999,0.9166464000000001
687440,14.069999999999993,85.93,26.201117318435738,123.77131999999999,0.9167056
687520,14.060000000000002,85.94,26.18249534450652,123.78456,0.9167648
687600,14.049999999999997,85.95,26.163873370577274,123.7978,0.9168240000000001
687680,14.039999999999992,85.96000000000001,26.145251396648028,123.81103999999999,0.9168832
687760,14.030000000000001,85.97,26.126629422718807,123.82428,0.9169424
687840,14.019999999999996,85.98,26.108007448789564,123.83752,0.9170016000000001
687920,14.010000000000005,85.99,26.089385474860343,123.85076,0.9170608000000001
688000,14.0,86.0,26.070763500931097,123.864,0.9171200000000002
688080,13.989999999999995,86.01,26.05214152700185,123.87724,0.9171792000000001
688160,13.980000000000004,86.02,26.033519553072633,123.89047999999998,0.9172384000000001
688240,13.969999999999999,86.03,26.014897579143387,123.90371999999999,0.9172976
688320,13.959999999999994,86.04,25.99627560521414,123.91695999999999,0.9173568000000001
688400,13.950000000000003,86.05,25.97765363128492,123.93019999999999,0.917416
688480,13.939999999999998,86.06,25.959031657355673,123.94344,0.9174752
688560,13.929999999999993,86.07000000000001,25.940409683426427,123.95667999999999,0.9175344
688640,13.920000000000002,86.08,25.92178770949721,123.96991999999999,0.9175936000000001
688720,13.909999999999997,86.09,25.903165735567963,123.98316,0.9176528000000002
688800,13.899999999999991,86.10000000000001,25.884543761638717,123.9964,0.9177120000000001
688880,13.89,86.11,25.865921787709496,124.00963999999999,0.9177712000000001
688960,13.879999999999995,86.12,25.84729981378025,124.02288,0.9178304
689040,13.870000000000005,86.13,25.828677839851032,124.03612,0.9178896000000001
689120,13.86,86.14,25.810055865921786,124.04936,0.9179488
689200,13.849999999999994,86.15,25.79143389199254,124.0626,0.918008
689280,13.840000000000003,86.16,25.77281191806332,124.07584,0.9180672000000001
689360,13.829999999999998,86.17,25.754189944134072,124.08908,0.9181264
689440,13.819999999999993,86.18,25.735567970204826,124.10231999999999,0.9181856
689520,13.810000000000002,86.19,25.71694599627561,124.11555999999999,0.9182448000000001
689600,13.799999999999997,86.2,25.698324022346362,124.12879999999998,0.9183040000000001
689680,13.789999999999992,86.21000000000001,25.679702048417116,124.14204,0.9183632
689760,13.780000000000001,86.22,25.661080074487895,124.15527999999999,0.9184224000000001
689840,13.769999999999996,86.23,25.64245810055865,124.16851999999999,0.9184816
689920,13.760000000000005,86.24,25.62383612662943,124.18176,0.9185408
690000,13.75,86.25,25.605214152700185,124.195,0.9186000000000001
690080,13.739999999999995,86.26,25.58659217877094,124.20823999999999,0.9186592
690160,13.730000000000004,86.27,25.567970204841718,124.22148,0.9187184
690240,13.719999999999999,86.28,25.54934823091247,124.23472,0.9187776000000001
690320,13.709999999999994,86.29,25.530726256983225,124.24795999999999,0.9188368000000001
690400,13.700000000000003,86.3,25.512104283054008,124.2612,0.9188960000000002
690480,13.689999999999998,86.31,25.49348230912476,124.27444,0.9189552000000001
690560,13.679999999999993,86.32000000000001,25.474860335195515,124.28768,0.9190144
690640,13.670000000000002,86.33,25.456238361266294,124.30091999999999,0.9190736
690720,13.659999999999997,86.34,25.43761638733705,124.31415999999999,0.9191328000000001
690800,13.649999999999991,86.35000000000001,25.418994413407805,124.32739999999998,0.919192
690880,13.64,86.36,25.400372439478584,124.34064,0.9192512
690960,13.629999999999995,86.37,25.381750465549338,124.35387999999999,0.9193104
691040,13.620000000000005,86.38,25.36312849162012,124.36711999999999,0.9193696000000001
691120,13.61,86.39,25.344506517690874,124.38036,0.9194288000000002
691200,13.599999999999994,86.4,25.325884543761628,124.39359999999999,0.9194880000000001
691280,13.590000000000003,86.41,25.307262569832407,124.40683999999999,0.9195472000000001
691360,13.579999999999998,86.42,25.28864059590316,124.42008,0.9196064
691440,13.569999999999993,86.43,25.270018621973914,124.43332,0.9196656000000001
691520,13.560000000000002,86.44,25.251396648044697,124.44655999999999,0.9197248000000001
691600,13.549999999999997,86.45,25.23277467411545,124.4598,0.919784
691680,13.539999999999992,86.46000000000001,25.214152700186204,124.47304,0.9198432
691760,13.530000000000001,86.47,25.195530726256983,124.48628,0.9199024
691840,13.519999999999996,86.48,25.176908752327737,124.49951999999999,0.9199616000000002
691920,13.510000000000005,86.49,25.15828677839852,124.51275999999999,0.9200208000000001
692000,13.5,86.5,25.139664804469273,124.52599999999998,0.9200800000000001
692080,13.489999999999995,86.51,25.121042830540027,124.53923999999999,0.9201392
692160,13.480000000000004,86.52,25.102420856610806,124.55247999999999,0.9201984000000001
692240,13.469999999999999,86.53,25.08379888268156,124.56571999999998,0.9202576000000001
692320,13.459999999999994,86.54,25.065176908752314,124.57896,0.9203168
692400,13.450000000000003,86.55,25.046554934823096,124.59219999999999,0.9203760000000001
692480,13.439999999999998,86.56,25.02793296089385,124.60543999999999,0.9204352
692560,13.429999999999993,86.57000000000001,25.009310986964604,124.61868,0.9204944
692640,13.420000000000002,86.58,24.990689013035382,124.63192,0.9205536000000001
692720,13.409999999999997,86.59,24.972067039106136,124.64515999999999,0.9206128000000001
692800,13.399999999999991,86.60000000000001,24.95344506517689,124.6584,0.920672
692880,13.39,86.61,24.934823091247672,124.67164,0.9207312000000001
692960,13.379999999999995,86.62,24.916201117318426,124.68487999999999,0.9207904
693040,13.370000000000005,86.63,24.897579143389205,124.69812,0.9208496
693120,13.36,86.64,24.87895716945996,124.71135999999998,0.9209088000000001
693200,13.349999999999994,86.65,24.860335195530713,124.72459999999998,0.920968
693280,13.340000000000003,86.66,24.841713221601495,124.73783999999999,0.9210272
693360,13.329999999999998,86.67,24.82309124767225,124.75107999999999,0.9210864
693440,13.319999999999993,86.68,24.804469273743003,124.76431999999998,0.9211456000000001
693520,13.310000000000002,86.69,24.78584729981378,124.77756,0.9212048000000002
693600,13.299999999999997,86.7,24.767225325884535,124.79079999999999,0.9212640000000001
693680,13.289999999999992,86.71000000000001,24.748603351955293,124.80403999999999,0.9213232
693760,13.280000000000001,86.72,24.72998137802607,124.81728,0.9213824
693840,13.269999999999996,86.73,24.711359404096825,124.83051999999999,0.9214416000000001
693920,13.260000000000005,86.74,24.692737430167607,124.84376,0.9215008000000001
694000,13.25,86.75,24.67411545623836,124.857,0.92156
694080,13.239999999999995,86.76,24.655493482309115,124.87024,0.9216192
694160,13.230000000000004,86.77,24.636871508379894,124.88347999999999,0.9216784
694240,13.219999999999999,86.78,24.618249534450648,124.89672,0.9217376
694320,13.209999999999994,86.79,24.5996275605214,124.90995999999998,0.9217968000000001
694400,13.200000000000003,86.8,24.581005586592184,124.92319999999998,0.9218560000000001
694480,13.189999999999998,86.81,24.562383612662938,124.93643999999999,0.9219152
694560,13.179999999999993,86.82000000000001,24.54376163873369,124.94967999999999,0.9219744000000001
694640,13.170000000000002,86.83,24.52513966480447,124.96292,0.9220336000000001
694720,13.159999999999997,86.84,24.506517690875224,124.97616,0.9220928
694800,13.149999999999991,86.85000000000001,24.487895716945978,124.98939999999999,0.922152
694880,13.14,86.86,24.46927374301676,125.00263999999999,0.9222112
694960,13.129999999999995,86.87,24.450651769087514,125.01588,0.9222704
695040,13.120000000000005,86.88,24.432029795158293,125.02911999999999,0.9223296000000001
695120,13.11,86.89,24.413407821229047,125.04236,0.9223888000000001
695200,13.099999999999994,86.9,24.3947858472998,125.0556,0.922448
695280,13.090000000000003,86.91,24.376163873370583,125.06884,0.9225072000000001
695360,13.079999999999998,86.92,24.357541899441337,125.08207999999999,0.9225664000000001
695440,13.069999999999993,86.93,24.33891992551209,125.09532,0.9226256
695520,13.060000000000002,86.94,24.32029795158287,125.10856,0.9226848000000001
695600,13.049999999999997,86.95,24.301675977653623,125.12179999999998,0.922744
695680,13.039999999999992,86.96000000000001,24.283054003724377,125.13503999999999,0.9228032
695760,13.030000000000001,86.97,24.26443202979516,125.14827999999999,0.9228624000000001
695840,13.019999999999996,86.98,24.245810055865913,125.16152,0.9229216
695920,13.010000000000005,86.99,24.227188081936692,125.17475999999999,0.9229808000000002
696000,13.0,87.0,24.208566108007446,125.18799999999999,0.9230400000000001
696080,12.989999999999995,87.01,24.1899441340782,125.20123999999998,0.9230992000000001
696160,12.980000000000004,87.02,24.171322160148982,125.21448,0.9231584000000002
696240,12.969999999999999,87.03,24.152700186219736,125.22771999999999,0.9232176000000001
696320,12.959999999999994,87.04,24.13407821229049,125.24096,0.9232768
696400,12.950000000000003,87.05,24.11545623836127,125.2542,0.923336
696480,12.939999999999998,87.06,24.096834264432022,125.26744,0.9233952000000001
696560,12.929999999999993,87.07000000000001,24.07821229050278,125.28067999999999,0.9234544
696640,12.920000000000002,87.08,24.05959031657356,125.29392,0.9235136
696720,12.909999999999997,87.09,24.040968342644312,125.30716,0.9235728000000001
696800,12.899999999999991,87.10000000000001,24.022346368715066,125.32039999999998,0.9236320000000001
696880,12.89,87.11,24.00372439478585,125.33363999999999,0.9236912000000002
696960,12.879999999999995,87.12,23.985102420856602,125.34687999999998,0.9237504000000001
697040,12.870000000000005,87.13,23.96648044692738,125.36012,0.9238096000000001
697120,12.86,87.14,23.947858472998135,125.37335999999999,0.9238688
697200,12.849999999999994,87.15,23.92923649906889,125.38659999999999,0.9239280000000001
697280,12.840000000000003,87.16,23.91061452513967,125.39984,0.9239872
697360,12.829999999999998,87.17,23.891992551210425,125.41308,0.9240464
697440,12.819999999999993,87.18,23.87337057728118,125.42631999999999,0.9241056
697520,12.810000000000002,87.19,23.854748603351958,125.43956,0.9241648000000001
697600,12.799999999999997,87.2,23.83612662942271,125.4528,0.9242240000000002
697680,12.789999999999992,87.21000000000001,23.817504655493465,125.46603999999999,0.9242832000000001
697760,12.780000000000001,87.22,23.798882681564248,125.47928,0.9243424000000001
697840,12.769999999999996,87.23,23.780260707635,125.49252,0.9244016
697920,12.760000000000005,87.24,23.76163873370578,125.50576,0.9244608000000001
698000,12.75,87.25,23.743016759776534,125.519,0.92452
698080,12.739999999999995,87.26,23.724394785847288,125.53223999999999,0.9245792
698160,12.730000000000004,87.27,23.70577281191807,125.54547999999998,0.9246384000000001
698240,12.719999999999999,87.28,23.687150837988824,125.55872,0.9246976
698320,12.709999999999994,87.29,23.668528864059578,125.57195999999999,0.9247568000000002
698400,12.700000000000003,87.3,23.649906890130357,125.58519999999999,0.9248160000000001
698480,12.689999999999998,87.31,23.63128491620111,125.59844,0.9248752000000001
698560,12.679999999999993,87.32000000000001,23.612662942271864,125.61167999999999,0.9249344
698640,12.670000000000002,87.33,23.594040968342647,125.62491999999999,0.9249936000000001
698720,12.659999999999997,87.34,23.5754189944134,125.63816,0.9250528
698800,12.649999999999991,87.35000000000001,23.556797020484154,125.6514,0.925112
698880,12.64,87.36,23.538175046554933,125.66463999999999,0.9251712000000001
698960,12.629999999999995,87.37,23.519553072625687,125.67788,0.9252304
699040,12.620000000000005,87.38,23.50093109869647,125.69112,0.9252896
699120,12.61,87.39,23.482309124767223,125.70436,0.9253488000000001
699200,12.599999999999994,87.4,23.463687150837977,125.7176,0.9254080000000001
699280,12.590000000000003,87.41,23.445065176908756,125.73083999999999,0.9254672000000002
699360,12.579999999999998,87.42,23.42644320297951,125.74407999999998,0.9255264000000001
699440,12.569999999999993,87.43,23.407821229050267,125.75731999999999,0.9255856
699520,12.560000000000002,87.44,23.389199255121046,125.77055999999999,0.9256448
699600,12.549999999999997,87.45,23.3705772811918,125.78379999999999,0.9257040000000001
699680,12.539999999999992,87.46000000000001,23.351955307262553,125.79704,0.9257632
699760,12.530000000000001,87.47,23.333333333333336,125.81027999999999,0.9258224
699840,12.519999999999996,87.48,23.31471135940409,125.82351999999999,0.9258816
699920,12.510000000000005,87.49,23.29608938547487,125.83676,0.9259408000000001
700000,12.5,87.5,23.277467411545622,125.85,0.9260000000000002
700080,12.489999999999995,87.51,23.258845437616376,125.86323999999999,0.9260592000000001
700160,12.480000000000004,87.52,23.24022346368716,125.87648,0.9261184000000001
700240,12.469999999999999,87.53,23.221601489757912,125.88972,0.9261776
700320,12.459999999999994,87.54,23.202979515828666,125.90296,0.9262368000000001
700400,12.450000000000003,87.55,23.184357541899445,125.9162,0.9262960000000001
700480,12.439999999999998,87.56,23.1657355679702,125.92944,0.9263552
700560,12.429999999999993,87.57000000000001,23.147113594040952,125.94267999999998,0.9264144
700640,12.420000000000002,87.58,23.128491620111735,125.95591999999999,0.9264736
700720,12.409999999999997,87.59,23.10986964618249,125.96915999999999,0.9265328000000002
700800,12.399999999999991,87.60000000000001,23.091247672253242,125.98239999999998,0.9265920000000001
700880,12.39,87.61,23.07262569832402,125.99564,0.9266512000000001
700960,12.379999999999995,87.62,23.054003724394775,126.00887999999999,0.9267104
701040,12.370000000000005,87.63,23.035381750465557,126.02211999999999,0.9267696000000001
701120,12.36,87.64,23.01675977653631,126.03536,0.9268288000000001
701200,12.349999999999994,87.65,22.998137802607065,126.0486,0.926888
701280,12.340000000000003,87.66,22.979515828677844,126.06183999999999,0.9269472000000001
701360,12.329999999999998,87.67,22.960893854748598,126.07508,0.9270064
701440,12.319999999999993,87.68,22.94227188081935,126.08832,0.9270656
701520,12.310000000000002,87.69,22.923649906890134,126.10155999999999,0.9271248000000001
701600,12.299999999999997,87.7,22.905027932960888,126.1148,0.9271840000000001
701680,12.289999999999992,87.71000000000001,22.88640595903164,126.12804,0.9272432
701760,12.280000000000001,87.72,22.86778398510242,126.14127999999998,0.9273024000000001
701840,12.269999999999996,87.73,22.849162011173174,126.15451999999999,0.9273616000000001
701920,12.260000000000005,87.74,22.830540037243956,126.16775999999999,0.9274208
702000,12.25,87.75,22.81191806331471,126.18099999999998,0.9274800000000001
702080,12.239999999999995,87.76,22.793296089385464,126.19424,0.9275392
702160,12.230000000000004,87.77,22.774674115456243,126.20747999999999,0.9275984
702240,12.219999999999999,87.78,22.756052141526997,126.22071999999999,0.9276576000000001
702320,12.209999999999994,87.79,22.73743016759775,126.23396,0.9277168000000001
702400,12.200000000000003,87.8,22.718808193668533,126.24719999999999,0.9277760000000002
702480,12.189999999999998,87.81,22.700186219739287,126.26043999999999,0.9278352000000001
702560,12.179999999999993,87.82000000000001,22.68156424581004,126.27368,0.9278944
702640,12.170000000000002,87.83,22.662942271880823,126.28692,0.9279536
702720,12.159999999999997,87.84,22.644320297951577,126.30015999999999,0.9280128000000001
702800,12.149999999999991,87.85000000000001,22.62569832402233,126.3134,0.928072
702880,12.14,87.86,22.60707635009311,126.32664,0.9281312
702960,12.129999999999995,87.87,22.588454376163863,126.33988,0.9281904
703040,12.120000000000005,87.88,22.569832402234645,126.35311999999999,0.9282496
703120,12.11,87.89,22.5512104283054,126.36635999999999,0.9283088000000002
703200,12.099999999999994,87.9,22.532588454376153,126.37959999999998,0.9283680000000001
703280,12.090000000000003,87.91,22.513966480446932,126.39283999999999,0.9284272000000001
703360,12.079999999999998,87.92,22.495344506517686,126.40607999999999,0.9284864
703440,12.069999999999993,87.93,22.47672253258844,126.41931999999998,0.9285456000000001
703520,12.060000000000002,87.94,22.458100558659222,126.43256,0.9286048000000001
703600,12.049999999999997,87.95,22.439478584729976,126.44579999999999,0.928664
703680,12.039999999999992,87.96000000000001,22.42085661080073,126.45903999999999,0.9287232
703760,12.030000000000001,87.97,22.40223463687151,126.47228,0.9287824
703840,12.019999999999996,87.98,22.383612662942262,126.48552,0.9288416
703920,12.010000000000005,87.99,22.364990689013045,126.49876,0.9289008000000002
704000,12.0,88.0,22.3463687150838,126.512,0.9289600000000001
704080,11.989999999999995,88.01,22.327746741154552,126.52524,0.9290192
704160,11.980000000000004,88.02,22.30912476722533,126.53847999999999,0.9290784000000001
704240,11.969999999999999,88.03,22.290502793296085,126.55171999999999,0.9291376000000001
704320,11.959999999999994,88.04,22.27188081936684,126.56495999999999,0.9291968
704400,11.950000000000003,88.05,22.25325884543762,126.57819999999998,0.9292560000000001
704480,11.939999999999998,88.06,22.234636871508375,126.59143999999999,0.9293152
704560,11.929999999999993,88.07000000000001,22.21601489757913,126.60467999999999,0.9293744
704640,11.920000000000002,88.08,22.197392923649907,126.61792,0.9294336000000001
704720,11.909999999999997,88.09,22.17877094972066,126.63116,0.9294928000000001
704800,11.899999999999991,88.10000000000001,22.160148975791415,126.64439999999999,0.929552
704880,11.89,88.11,22.141527001862197,126.65763999999999,0.9296112000000001
704960,11.879999999999995,88.12,22.12290502793295,126.67088,0.9296704000000001
705040,11.870000000000005,88.13,22.10428305400373,126.68412,0.9297296000000002
705120,11.86,88.14,22.085661080074484,126.69736,0.9297888000000001
705200,11.849999999999994,88.15,22.067039106145238,126.7106,0.929848
705280,11.840000000000003,88.16,22.04841713221602,126.72384,0.9299072
705360,11.829999999999998,88.17,22.029795158286774,126.73707999999999,0.9299664000000001
705440,11.819999999999993,88.18,22.011173184357528,126.75031999999999,0.9300256
705520,11.810000000000002,88.19,21.992551210428307,126.76355999999998,0.9300848
705600,11.799999999999997,88.2,21.973929236499064,126.77679999999998,0.9301440000000001
705680,11.789999999999992,88.21000000000001,21.955307262569818,126.79003999999999,0.9302032000000001
705760,11.780000000000001,88.22,21.936685288640597,126.80327999999999,0.9302624000000002
705840,11.769999999999996,88.23,21.91806331471135,126.81652,0.9303216000000001
705920,11.760000000000005,88.24,21.899441340782133,126.82976,0.9303808000000001
706000,11.75,88.25,21.880819366852887,126.84299999999999,0.93044
706080,11.739999999999995,88.26,21.86219739292364,126.85623999999999,0.9304992000000001
706160,11.730000000000004,88.27,21.84357541899442,126.86948,0.9305584
706240,11.719999999999999,88.28,21.824953445065173,126.88271999999999,0.9306176
706320,11.709999999999994,88.29,21.806331471135927,126.89596,0.9306768
706400,11.700000000000003,88.3,21.78770949720671,126.9092,0.9307360000000001
706480,11.689999999999998,88.31,21.769087523277463,126.92244,0.9307952000000002
706560,11.679999999999993,88.32000000000001,21.750465549348217,126.93567999999999,0.9308544000000001
706640,11.670000000000002,88.33,21.731843575418996,126.94892,0.9309136000000001
706720,11.659999999999997,88.34,21.71322160148975,126.96215999999998,0.9309728
706800,11.649999999999991,88.35000000000001,21.694599627560503,126.97539999999998,0.9310320000000001
706880,11.64,88.36,21.675977653631286,126.98863999999999,0.9310912
706960,11.629999999999995,88.37,21.65735567970204,127.00187999999999,0.9311504
707040,11.620000000000005,88.38,21.638733705772818,127.01512,0.9312096000000001
707120,11.61,88.39,21.620111731843572,127.02835999999999,0.9312688
707200,11.599999999999994,88.4,21.601489757914326,127.04159999999999,0.9313280000000002
707280,11.590000000000003,88.41,21.582867783985108,127.05484,0.9313872000000001
707360,11.579999999999998,88.42,21.564245810055862,127.06808,0.9314464000000001
707440,11.569999999999993,88.43,21.545623836126616,127.08131999999999,0.9315056
707520,11.560000000000002,88.44,21.527001862197395,127.09456,0.9315648000000001
707600,11.549999999999997,88.45,21.50837988826815,127.1078,0.931624
707680,11.539999999999992,88.46000000000001,21.489757914338902,127.12104,0.9316832
707760,11.530000000000001,88.47,21.471135940409685,127.13428,0.9317424000000001
707840,11.519999999999996,88.48,21.45251396648044,127.14752,0.9318016
707920,11.510000000000005,88.49,21.433891992551217,127.16075999999998,0.9318608
708000,11.5,88.5,21.41527001862197,127.17399999999999,0.9319200000000001
708080,11.489999999999995,88.51,21.396648044692725,127.18723999999999,0.9319792000000001
708160,11.480000000000004,88.52,21.378026070763507,127.20047999999998,0.9320384000000002
708240,11.469999999999999,88.53,21.35940409683426,127.21372,0.9320976000000001
708320,11.459999999999994,88.54,21.340782122905015,127.22695999999999,0.9321568
708400,11.450000000000003,88.55,21.322160148975794,127.24019999999999,0.932216
708480,11.439999999999998,88.56,21.30353817504655,127.25344,0.9322752000000001
708560,11.429999999999993,88.57000000000001,21.284916201117305,127.26668,0.9323344
708640,11.420000000000002,88.58,21.266294227188084,127.27991999999999,0.9323936
708720,11.409999999999997,88.59,21.247672253258838,127.29316,0.9324528
708800,11.399999999999991,88.60000000000001,21.22905027932959,127.3064,0.9325120000000001
708880,11.39,88.61,21.210428305400374,127.31963999999999,0.9325712000000002
708960,11.379999999999995,88.62,21.191806331471128,127.33288,0.9326304000000001
709040,11.370000000000005,88.63,21.173184357541906,127.34612,0.9326896000000001
709120,11.36,88.64,21.15456238361266,127.35936,0.9327488
709200,11.349999999999994,88.65,21.135940409683414,127.37259999999999,0.9328080000000001
709280,11.340000000000003,88.66,21.117318435754196,127.38583999999999,0.9328672000000001
709360,11.329999999999998,88.67,21.09869646182495,127.39907999999998,0.9329264
709440,11.319999999999993,88.68,21.080074487895704,127.41232,0.9329856
709520,11.310000000000002,88.69,21.061452513966483,127.42555999999999,0.9330448
709600,11.299999999999997,88.7,21.042830540037237,127.43879999999999,0.9331040000000002
709680,11.289999999999992,88.71000000000001,21.02420856610799,127.45204,0.9331632000000001
709760,11.280000000000001,88.72,21.005586592178773,127.46527999999999,0.9332224000000001
709840,11.269999999999996,88.73,20.986964618249527,127.47851999999999,0.9332816
709920,11.260000000000005,88.74,20.968342644320305,127.49176,0.9333408000000001
710000,11.25,88.75,20.94972067039106,127.505,0.9334000000000001
710080,11.239999999999995,88.76,20.931098696461813,127.51823999999999,0.9334592
710160,11.230000000000004,88.77,20.912476722532595,127.53148,0.9335184000000001
710240,11.219999999999999,88.78,20.89385474860335,127.54472,0.9335776
710320,11.209999999999994,88.79,20.875232774674103,127.55796,0.9336368
710400,11.200000000000003,88.8,20.856610800744882,127.57119999999999,0.9336960000000001
710480,11.189999999999998,88.81,20.837988826815636,127.58443999999999,0.9337552000000001
710560,11.179999999999993,88.82000000000001,20.81936685288639,127.59767999999998,0.9338144
710640,11.170000000000002,88.83,20.800744878957172,127.61092,0.9338736000000001
710720,11.159999999999997,88.84,20.782122905027926,127.62415999999999,0.9339328000000001
710800,11.149999999999991,88.85000000000001,20.76350093109868,127.63739999999999,0.933992
710880,11.14,88.86,20.74487895716946,127.65064,0.9340512000000001
710960,11.129999999999995,88.87,20.726256983240212,127.66387999999999,0.9341104
711040,11.120000000000005,88.88,20.707635009310994,127.67711999999999,0.9341696
711120,11.11,88.89,20.68901303538175,127.69036,0.9342288000000001
711200,11.099999999999994,88.9,20.670391061452502,127.7036,0.9342880000000001
711280,11.090000000000003,88.91,20.65176908752328,127.71683999999999,0.9343472000000002
711360,11.079999999999998,88.92,20.63314711359404,127.73008,0.9344064000000001
711440,11.069999999999993,88.93,20.614525139664792,127.74332,0.9344656
711520,11.060000000000002,88.94,20.59590316573557,127.75656,0.9345248
711600,11.049999999999997,88.95,20.577281191806325,127.7698,0.9345840000000001
711680,11.039999999999992,88.96000000000001,20.55865921787708,127.78303999999999,0.9346432
711760,11.030000000000001,88.97,20.54003724394786,127.79627999999998,0.9347024
711840,11.019999999999996,88.98,20.521415270018615,127.80951999999999,0.9347616000000001
711920,11.010000000000005,88.99,20.502793296089393,127.82275999999999,0.9348208
712000,11.0,89.0,20.484171322160147,127.83599999999998,0.9348800000000002
712080,10.989999999999995,89.01,20.4655493482309,127.84924,0.9349392000000001
712160,10.980000000000004,89.02,20.446927374301683,127.86247999999999,0.9349984000000001
712240,10.969999999999999,89.03,20.428305400372437,127.87571999999999,0.9350576
712320,10.959999999999994,89.04,20.40968342644319,127.88896,0.9351168000000001
712400,10.950000000000003,89.05,20.39106145251397,127.9022,0.9351760000000001
712480,10.939999999999998,89.06,20.372439478584724,127.91543999999999,0.9352352
712560,10.929999999999993,89.07000000000001,20.353817504655478,127.92868,0.9352944
712640,10.920000000000002,89.08,20.33519553072626,127.94192,0.9353536
712720,10.909999999999997,89.09,20.316573556797014,127.95515999999999,0.9354128
712800,10.899999999999991,89.10000000000001,20.297951582867768,127.9684,0.9354720000000001
712880,10.89,89.11,20.279329608938546,127.98163999999998,0.9355312000000001
712960,10.879999999999995,89.12,20.2607076350093,127.99487999999998,0.9355904
713040,10.870000000000005,89.13,20.242085661080083,128.00812,0.9356496000000001
713120,10.86,89.14,20.223463687150836,128.02136,0.9357088000000001
713200,10.849999999999994,89.15,20.20484171322159,128.03459999999998,0.935768
713280,10.840000000000003,89.16,20.18621973929237,128.04783999999998,0.9358272000000001
713360,10.829999999999998,89.17,20.167597765363123,128.06108,0.9358864
713440,10.819999999999993,89.18,20.148975791433877,128.07432,0.9359456
713520,10.810000000000002,89.19,20.13035381750466,128.08756,0.9360048000000001
713600,10.799999999999997,89.2,20.111731843575413,128.1008,0.9360640000000001
713680,10.789999999999992,89.21000000000001,20.093109869646167,128.11404,0.9361232
713760,10.780000000000001,89.22,20.074487895716945,128.12727999999998,0.9361824000000001
713840,10.769999999999996,89.23,20.0558659217877,128.14052,0.9362416000000001
713920,10.760000000000005,89.24,20.03724394785848,128.15376,0.9363008000000002
714000,10.75,89.25,20.018621973929235,128.167,0.9363600000000001
714080,10.739999999999995,89.26,19.99999999999999,128.18024,0.9364192
714160,10.730000000000004,89.27,19.981378026070768,128.19348,0.9364784
714240,10.719999999999999,89.28,19.962756052141522,128.20672,0.9365376000000001
714320,10.709999999999994,89.29,19.94413407821228,128.21996,0.9365968
714400,10.700000000000003,89.3,19.925512104283058,128.23319999999998,0.9366560000000002
714480,10.689999999999998,89.31,19.906890130353812,128.24643999999998,0.9367152000000001
714560,10.679999999999993,89.32000000000001,19.888268156424566,128.25968,0.9367744000000001
714640,10.670000000000002,89.33,19.869646182495348,128.27292,0.9368336000000002
714720,10.659999999999997,89.34,19.851024208566102,128.28616,0.9368928000000001
714800,10.649999999999991,89.35000000000001,19.832402234636856,128.2994,0.936952
714880,10.64,89.36,19.813780260707635,128.31264,0.9370112
714960,10.629999999999995,89.37,19.79515828677839,128.32587999999998,0.9370704000000001
715040,10.620000000000005,89.38,19.77653631284917,128.33912,0.9371296
715120,10.61,89.39,19.757914338919925,128.35236,0.9371888
715200,10.599999999999994,89.4,19.73929236499068,128.3656,0.9372480000000001
715280,10.590000000000003,89.41,19.720670391061457,128.37884,0.9373072000000001
715360,10.579999999999998,89.42,19.70204841713221,128.39208,0.9373664000000002
715440,10.569999999999993,89.43,19.683426443202965,128.40532,0.9374256000000001
715520,10.560000000000002,89.44,19.664804469273747,128.41855999999999,0.9374848000000001
715600,10.549999999999997,89.45,19.6461824953445,128.43179999999998,0.937544
715680,10.539999999999992,89.46000000000001,19.627560521415255,128.44503999999998,0.9376032000000001
715760,10.530000000000001,89.47,19.608938547486034,128.45828,0.9376624
715840,10.519999999999996,89.48,19.590316573556787,128.47152,0.9377216
715920,10.510000000000005,89.49,19.57169459962757,128.48476,0.9377808000000001
716000,10.5,89.5,19.553072625698324,128.498,0.93784
716080,10.489999999999995,89.51,19.534450651769077,128.51124,0.9378992000000002
716160,10.480000000000004,89.52,19.515828677839856,128.52447999999998,0.9379584000000001
716240,10.469999999999999,89.53,19.49720670391061,128.53772,0.9380176000000001
716320,10.459999999999994,89.54,19.478584729981364,128.55096,0.9380768
716400,10.450000000000003,89.55,19.459962756052146,128.5642,0.9381360000000001
716480,10.439999999999998,89.56,19.4413407821229,128.57744,0.9381952
716560,10.429999999999993,89.57000000000001,19.422718808193654,128.59068,0.9382544
716640,10.420000000000002,89.58,19.404096834264433,128.60392,0.9383136000000001
716720,10.409999999999997,89.59,19.385474860335187,128.61715999999998,0.9383728
716800,10.399999999999991,89.60000000000001,19.36685288640594,128.63039999999998,0.9384319999999999
716880,10.39,89.61,19.348230912476723,128.64363999999998,0.9384912000000001
716960,10.379999999999995,89.62,19.329608938547477,128.65688,0.9385504000000001
717040,10.370000000000005,89.63,19.310986964618255,128.67012,0.9386096000000002
717120,10.36,89.64,19.29236499068901,128.68336,0.9386688000000001
717200,10.349999999999994,89.65,19.273743016759767,128.6966,0.938728
717280,10.340000000000003,89.66,19.255121042830545,128.70983999999999,0.9387872
717360,10.329999999999998,89.67,19.2364990689013,128.72307999999998,0.9388464000000001
717440,10.319999999999993,89.68,19.217877094972053,128.73632,0.9389056
717520,10.310000000000002,89.69,19.199255121042835,128.74956,0.9389648
717600,10.299999999999997,89.7,19.18063314711359,128.7628,0.939024
717680,10.289999999999992,89.71000000000001,19.162011173184343,128.77604,0.9390832000000001
717760,10.280000000000001,89.72,19.14338919925512,128.78928,0.9391424000000002
717840,10.269999999999996,89.73,19.124767225325876,128.80252,0.9392016000000001
717920,10.260000000000005,89.74,19.106145251396658,128.81575999999998,0.9392608000000001
718000,10.25,89.75,19.08752327746741,128.82899999999998,0.93932
718080,10.239999999999995,89.76,19.068901303538166,128.84223999999998,0.9393792000000001
718160,10.230000000000004,89.77,19.050279329608944,128.85548,0.9394384000000001
718240,10.219999999999999,89.78,19.031657355679698,128.86872,0.9394976
718320,10.209999999999994,89.79,19.013035381750452,128.88196,0.9395568
718400,10.200000000000003,89.8,18.994413407821234,128.8952,0.939616
718480,10.189999999999998,89.81,18.975791433891988,128.90843999999998,0.9396752000000002
718560,10.179999999999993,89.82000000000001,18.957169459962742,128.92167999999998,0.9397344000000001
718640,10.170000000000002,89.83,18.93854748603352,128.93492,0.9397936000000001
718720,10.159999999999997,89.84,18.919925512104275,128.94816,0.9398528
718800,10.149999999999991,89.85000000000001,18.90130353817503,128.9614,0.9399120000000001
718880,10.14,89.86,18.88268156424581,128.97464,0.9399712000000001
718960,10.129999999999995,89.87,18.864059590316565,128.98788,0.9400304
719040,10.120000000000005,89.88,18.845437616387343,129.00112000000001,0.9400896000000001
719120,10.11,89.89,18.826815642458097,129.01435999999998,0.9401488
719200,10.099999999999994,89.9,18.80819366852885,129.02759999999998,0.940208
719280,10.090000000000003,89.91,18.789571694599633,129.04084,0.9402672000000001
719360,10.079999999999998,89.92,18.770949720670387,129.05408,0.9403264000000001
719440,10.069999999999993,89.93,18.75232774674114,129.06732,0.9403856
719520,10.060000000000002,89.94,18.73370577281192,129.08056,0.9404448000000001
719600,10.049999999999997,89.95,18.715083798882674,129.0938,0.9405040000000001
719680,10.039999999999992,89.96000000000001,18.696461824953428,129.10703999999998,0.9405632
719760,10.030000000000001,89.97,18.67783985102421,129.12027999999998,0.9406224000000001
719840,10.019999999999996,89.98,18.659217877094964,129.13352,0.9406816
719920,10.010000000000005,89.99,18.640595903165742,129.14676,0.9407408
720000,10.0,90.0,18.621973929236496,129.16,0.9408000000000001
720080,9.989999999999995,90.01,18.60335195530725,129.17324,0.9408592000000001
720160,9.980000000000004,90.02,18.584729981378032,129.18648,0.9409184000000002
720240,9.969999999999999,90.03,18.566108007448786,129.19972,0.9409776000000001
720320,9.959999999999994,90.04,18.54748603351954,129.21296,0.9410368000000001
720400,9.950000000000003,90.05,18.528864059590322,129.2262,0.941096
720480,9.939999999999998,90.06,18.510242085661076,129.23944,0.9411552000000001
720560,9.929999999999993,90.07000000000001,18.49162011173183,129.25268,0.9412144
720640,9.920000000000002,90.08,18.47299813780261,129.26592,0.9412736
720720,9.909999999999997,90.09,18.454376163873363,129.27916,0.9413328000000001
720800,9.899999999999991,90.10000000000001,18.435754189944117,129.29240000000001,0.941392
720880,9.89,90.11,18.4171322160149,129.30564,0.9414512000000002
720960,9.879999999999995,90.12,18.398510242085653,129.31887999999998,0.9415104000000001
721040,9.870000000000005,90.13,18.37988826815643,129.33211999999997,0.9415696000000001
721120,9.86,90.14,18.361266294227185,129.34535999999997,0.9416288
721200,9.849999999999994,90.15,18.34264432029794,129.35859999999997,0.9416880000000001
721280,9.840000000000003,90.16,18.32402234636872,129.37184,0.9417472000000001
721360,9.829999999999998,90.17,18.305400372439475,129.38508,0.9418064
721440,9.819999999999993,90.18,18.28677839851023,129.39831999999998,0.9418656
721520,9.810000000000002,90.19,18.268156424581008,129.41155999999998,0.9419248
721600,9.799999999999997,90.2,18.249534450651762,129.42479999999998,0.941984
721680,9.789999999999992,90.21000000000001,18.230912476722516,129.43804,0.9420432000000001
721760,9.780000000000001,90.22,18.212290502793298,129.45128,0.9421024000000001
721840,9.769999999999996,90.23,18.193668528864052,129.46452,0.9421616
721920,9.760000000000005,90.24,18.17504655493483,129.47776,0.9422208000000001
722000,9.75,90.25,18.156424581005584,129.49099999999999,0.9422800000000001
722080,9.739999999999995,90.26,18.13780260707634,129.50423999999998,0.9423392
722160,9.730000000000004,90.27,18.11918063314712,129.51748,0.9423984000000001
722240,9.719999999999999,90.28,18.100558659217874,129.53072,0.9424576
722320,9.709999999999994,90.29,18.08193668528863,129.54396,0.9425168
722400,9.700000000000003,90.3,18.063314711359407,129.5572,0.9425760000000001
722480,9.689999999999998,90.31,18.04469273743016,129.57044,0.9426352000000001
722560,9.679999999999993,90.32000000000001,18.026070763500915,129.58368,0.9426944
722640,9.670000000000002,90.33,18.007448789571697,129.59692,0.9427536000000001
722720,9.659999999999997,90.34,17.98882681564245,129.61016,0.9428128000000001
722800,9.649999999999991,90.35000000000001,17.970204841713205,129.6234,0.942872
722880,9.64,90.36,17.951582867783983,129.63664,0.9429312000000001
722960,9.629999999999995,90.37,17.932960893854737,129.64988,0.9429904
723040,9.620000000000005,90.38,17.91433891992552,129.66312,0.9430496
723120,9.61,90.39,17.895716945996273,129.67636000000002,0.9431088000000001
723200,9.599999999999994,90.4,17.877094972067027,129.6896,0.943168
723280,9.590000000000003,90.41,17.85847299813781,129.70284,0.9432272000000002
723360,9.579999999999998,90.42,17.839851024208564,129.71608,0.9432864000000001
723440,9.569999999999993,90.43,17.821229050279317,129.72931999999997,0.9433456000000001
723520,9.560000000000002,90.44,17.802607076350096,129.74255999999997,0.9434048000000002
723600,9.549999999999997,90.45,17.78398510242085,129.7558,0.9434640000000001
723680,9.539999999999992,90.46000000000001,17.765363128491604,129.76904,0.9435232
723760,9.530000000000001,90.47,17.746741154562386,129.78228,0.9435824
723840,9.519999999999996,90.48,17.72811918063314,129.79551999999998,0.9436416000000001
723920,9.510000000000005,90.49,17.70949720670392,129.80875999999998,0.9437008
724000,9.5,90.5,17.690875232774673,129.82199999999997,0.94376
724080,9.489999999999995,90.51,17.672253258845426,129.83524,0.9438192000000001
724160,9.480000000000004,90.52,17.65363128491621,129.84848,0.9438784000000001
724240,9.469999999999999,90.53,17.635009310986963,129.86172,0.9439376000000002
724320,9.459999999999994,90.54,17.616387337057716,129.87496,0.9439968000000001
724400,9.450000000000003,90.55,17.597765363128495,129.88819999999998,0.9440560000000001
724480,9.439999999999998,90.56,17.57914338919925,129.90143999999998,0.9441152
724560,9.429999999999993,90.57000000000001,17.560521415270003,129.91468,0.9441744000000001
724640,9.420000000000002,90.58,17.541899441340785,129.92792,0.9442336
724720,9.409999999999997,90.59,17.52327746741154,129.94116,0.9442928
724800,9.399999999999991,90.60000000000001,17.504655493482293,129.9544,0.944352
724880,9.39,90.61,17.48603351955307,129.96764,0.9444112000000001
724960,9.379999999999995,90.62,17.467411545623825,129.98087999999998,0.9444704000000002
725040,9.370000000000005,90.63,17.448789571694608,129.99412,0.9445296000000001
725120,9.36,90.64,17.43016759776536,130.00736,0.9445888000000001
725200,9.349999999999994,90.65,17.411545623836115,130.0206,0.944648
725280,9.340000000000003,90.66,17.392923649906894,130.03384,0.9447072000000001
725360,9.329999999999998,90.67,17.374301675977648,130.04708,0.9447664
725440,9.319999999999993,90.68,17.355679702048402,130.06032,0.9448256
725520,9.310000000000002,90.69,17.337057728119184,130.07356000000001,0.9448848000000001
725600,9.299999999999997,90.7,17.318435754189938,130.0868,0.944944
725680,9.289999999999992,90.71000000000001,17.299813780260692,130.10004,0.9450032000000002
725760,9.280000000000001,90.72,17.28119180633147,130.11328,0.9450624000000001
725840,9.269999999999996,90.73,17.262569832402225,130.12652,0.9451216000000001
725920,9.260000000000005,90.74,17.243947858473007,130.13975999999997,0.9451808000000002
726000,9.25,90.75,17.22532588454376,130.153,0.9452400000000001
726080,9.239999999999995,90.76,17.206703910614515,130.16624,0.9452992
726160,9.230000000000004,90.77,17.188081936685293,130.17947999999998,0.9453584
726240,9.219999999999999,90.78,17.16945996275605,130.19271999999998,0.9454176000000001
726320,9.209999999999994,90.79,17.150837988826805,130.20595999999998,0.9454768
726400,9.200000000000003,90.8,17.132216014897583,130.21919999999997,0.945536
726480,9.189999999999998,90.81,17.113594040968337,130.23244,0.9455952000000001
726560,9.179999999999993,90.82000000000001,17.09497206703909,130.24568,0.9456544000000001
726640,9.170000000000002,90.83,17.076350093109873,130.25892,0.9457136000000002
726720,9.159999999999997,90.84,17.057728119180627,130.27215999999999,0.9457728000000001
726800,9.149999999999991,90.85000000000001,17.03910614525138,130.28539999999998,0.945832
726880,9.14,90.86,17.02048417132216,130.29863999999998,0.9458912
726960,9.129999999999995,90.87,17.001862197392914,130.31188,0.9459504000000001
727040,9.120000000000005,90.88,16.983240223463696,130.32512,0.9460096000000001
727120,9.11,90.89,16.96461824953445,130.33836,0.9460688
727200,9.099999999999994,90.9,16.945996275605204,130.3516,0.946128
727280,9.090000000000003,90.91,16.927374301675982,130.36484,0.9461872
727360,9.079999999999998,90.92,16.908752327746736,130.37807999999998,0.9462464000000002
727440,9.069999999999993,90.93,16.89013035381749,130.39132,0.9463056000000001
727520,9.060000000000002,90.94,16.871508379888272,130.40456,0.9463648000000001
727600,9.049999999999997,90.95,16.852886405959026,130.4178,0.946424
727680,9.039999999999992,90.96000000000001,16.83426443202978,130.43104,0.9464832000000001
727760,9.030000000000001,90.97,16.81564245810056,130.44428,0.9465424000000001
727840,9.019999999999996,90.98,16.797020484171313,130.45752,0.9466016
727920,9.010000000000005,90.99,16.778398510242095,130.47076,0.9466608000000001
728000,9.0,91.0,16.75977653631285,130.484,0.94672
728080,8.989999999999995,91.01,16.741154562383603,130.49724,0.9467792
728160,8.980000000000004,91.02,16.72253258845438,130.51048,0.9468384000000001
728240,8.969999999999999,91.03,16.703910614525135,130.52372,0.9468976000000001
728320,8.959999999999994,91.04,16.68528864059589,130.53695999999997,0.9469568
728400,8.950000000000003,91.05,16.66666666666667,130.5502,0.9470160000000001
728480,8.939999999999998,91.06,16.648044692737425,130.56343999999999,0.9470752000000001
728560,8.929999999999993,91.07000000000001,16.62942271880818,130.57667999999998,0.9471344
728640,8.920000000000002,91.08,16.610800744878958,130.58991999999998,0.9471936000000001
728720,8.909999999999997,91.09,16.59217877094971,130.60315999999997,0.9472528
728800,8.899999999999991,91.10000000000001,16.573556797020466,130.61639999999997,0.947312
728880,8.89,91.11,16.554934823091248,130.62964,0.9473712000000001
728960,8.879999999999995,91.12,16.536312849162,130.64288,0.9474304000000001
729040,8.870000000000005,91.13,16.51769087523278,130.65612,0.9474896000000002
729120,8.86,91.14,16.499068901303538,130.66935999999998,0.9475488000000001
729200,8.849999999999994,91.15,16.48044692737429,130.68259999999998,0.9476080000000001
729280,8.840000000000003,91.16,16.46182495344507,130.69583999999998,0.9476672
729360,8.829999999999998,91.17,16.443202979515824,130.70908,0.9477264000000001
729440,8.819999999999993,91.18,16.424581005586578,130.72232,0.9477856
729520,8.810000000000002,91.19,16.40595903165736,130.73556,0.9478448
729600,8.799999999999997,91.2,16.387337057728114,130.7488,0.9479040000000001
729680,8.789999999999992,91.21000000000001,16.368715083798868,130.76203999999998,0.9479632
729760,8.780000000000001,91.22,16.350093109869647,130.77528,0.9480224000000002
729840,8.769999999999996,91.23,16.3314711359404,130.78852,0.9480816000000001
729920,8.760000000000005,91.24,16.312849162011183,130.80176,0.9481408000000001
730000,8.75,91.25,16.294227188081937,130.815,0.9482
730080,8.739999999999995,91.26,16.27560521415269,130.82824,0.9482592000000001
730160,8.730000000000004,91.27,16.25698324022347,130.84148,0.9483184000000001
730240,8.719999999999999,91.28,16.238361266294223,130.85472,0.9483776
730320,8.709999999999994,91.29,16.219739292364977,130.86796,0.9484368000000001
730400,8.700000000000003,91.3,16.20111731843576,130.8812,0.948496
730480,8.689999999999998,91.31,16.182495344506513,130.89444,0.9485552
730560,8.679999999999993,91.32000000000001,16.163873370577267,130.90768,0.9486144000000001
730640,8.670000000000002,91.33,16.145251396648046,130.92092,0.9486736000000001
730720,8.659999999999997,91.34,16.1266294227188,130.93416000000002,0.9487328
730800,8.649999999999991,91.35000000000001,16.108007448789554,130.9474,0.9487920000000001
730880,8.64,91.36,16.089385474860336,130.96063999999998,0.9488512000000001
730960,8.629999999999995,91.37,16.07076350093109,130.97387999999998,0.9489104
731040,8.620000000000005,91.38,16.05214152700187,130.98711999999998,0.9489696000000001
731120,8.61,91.39,16.033519553072622,131.00035999999997,0.9490288
731200,8.599999999999994,91.4,16.014897579143376,131.0136,0.949088
731280,8.590000000000003,91.41,15.996275605214159,131.02684,0.9491472000000001
731360,8.579999999999998,91.42,15.977653631284912,131.04008,0.9492064000000001
731440,8.569999999999993,91.43,15.959031657355666,131.05331999999999,0.9492656
731520,8.560000000000002,91.44,15.940409683426447,131.06655999999998,0.9493248000000001
731600,8.549999999999997,91.45,15.9217877094972,131.07979999999998,0.9493840000000001
731680,8.539999999999992,91.46000000000001,15.903165735567955,131.09303999999997,0.9494432
731760,8.530000000000001,91.47,15.884543761638735,131.10628,0.9495024000000001
731840,8.519999999999996,91.48,15.865921787709489,131.11952,0.9495616
731920,8.510000000000005,91.49,15.84729981378027,131.13276,0.9496208
732000,8.5,91.5,15.828677839851023,131.146,0.9496800000000001
732080,8.489999999999995,91.51,15.810055865921777,131.15923999999998,0.9497392
732160,8.480000000000004,91.52,15.791433891992558,131.17248,0.9497984000000002
732240,8.469999999999999,91.53,15.772811918063312,131.18572,0.9498576000000001
732320,8.459999999999994,91.54,15.754189944134065,131.19896,0.9499168000000001
732400,8.450000000000003,91.55,15.735567970204846,131.2122,0.9499760000000002
732480,8.439999999999998,91.56,15.7169459962756,131.22544,0.9500352000000001
732560,8.429999999999993,91.57000000000001,15.698324022346354,131.23868,0.9500944
732640,8.420000000000002,91.58,15.679702048417134,131.25192,0.9501536
732720,8.409999999999997,91.59,15.661080074487888,131.26516,0.9502128000000001
732800,8.399999999999991,91.60000000000001,15.642458100558642,131.2784,0.950272
732880,8.39,91.61,15.623836126629422,131.29164,0.9503312
732960,8.379999999999995,91.62,15.605214152700176,131.30488,0.9503904000000001
733040,8.370000000000005,91.63,15.586592178770957,131.31812,0.9504496000000001
733120,8.36,91.64,15.56797020484171,131.33136000000002,0.9505088000000002
733200,8.349999999999994,91.65,15.549348230912464,131.3446,0.9505680000000001
733280,8.340000000000003,91.66,15.530726256983245,131.35783999999998,0.9506272000000001
733360,8.329999999999998,91.67,15.512104283053999,131.37107999999998,0.9506864
733440,8.319999999999993,91.68,15.493482309124754,131.38431999999997,0.9507456000000001
733520,8.310000000000002,91.69,15.474860335195533,131.39755999999997,0.9508048
733600,8.299999999999997,91.7,15.456238361266289,131.4108,0.950864
733680,8.289999999999992,91.71000000000001,15.437616387337043,131.42404,0.9509232
733760,8.280000000000001,91.72,15.418994413407823,131.43728,0.9509824000000001
733840,8.269999999999996,91.73,15.400372439478577,131.45051999999998,0.9510416000000002
733920,8.260000000000005,91.74,15.381750465549358,131.46375999999998,0.9511008000000001
734000,8.25,91.75,15.363128491620111,131.47699999999998,0.9511600000000001
734080,8.239999999999995,91.76,15.344506517690865,131.49024,0.9512192
734160,8.230000000000004,91.77,15.325884543761646,131.50348,0.9512784000000001
734240,8.219999999999999,91.78,15.3072625698324,131.51672,0.9513376
734320,8.209999999999994,91.79,15.288640595903153,131.52996,0.9513968
734400,8.200000000000003,91.8,15.270018621973934,131.54319999999998,0.9514560000000001
734480,8.189999999999998,91.81,15.251396648044688,131.55643999999998,0.9515152
734560,8.179999999999993,91.82000000000001,15.232774674115442,131.56968,0.9515744000000002
734640,8.170000000000002,91.83,15.214152700186222,131.58292,0.9516336000000001
734720,8.159999999999997,91.84,15.195530726256976,131.59616,0.9516928000000001
734800,8.149999999999991,91.85000000000001,15.17690875232773,131.6094,0.951752
734880,8.14,91.86,15.15828677839851,131.62264,0.9518112000000001
734960,8.129999999999995,91.87,15.139664804469264,131.63588,0.9518704
735040,8.120000000000005,91.88,15.121042830540045,131.64912,0.9519296
735120,8.11,91.89,15.102420856610799,131.66236,0.9519888000000001
735200,8.099999999999994,91.9,15.083798882681553,131.6756,0.952048
735280,8.090000000000003,91.91,15.065176908752333,131.68884,0.9521072
735360,8.079999999999998,91.92,15.046554934823087,131.70208,0.9521664000000001
735440,8.069999999999993,91.93,15.02793296089384,131.71532,0.9522256000000001
735520,8.060000000000002,91.94,15.009310986964621,131.72856000000002,0.9522848000000002
735600,8.049999999999997,91.95,14.990689013035375,131.7418,0.9523440000000001
735680,8.039999999999992,91.96000000000001,14.972067039106129,131.75504,0.9524032
735760,8.030000000000001,91.97,14.95344506517691,131.76827999999998,0.9524624
735840,8.019999999999996,91.98,14.934823091247663,131.78151999999997,0.9525216000000001
735920,8.010000000000005,91.99,14.916201117318444,131.79475999999997,0.9525808000000001
736000,8.0,92.0,14.897579143389198,131.808,0.95264
736080,7.989999999999995,92.01,14.878957169459952,131.82124,0.9526992
736160,7.980000000000004,92.02,14.860335195530732,131.83447999999999,0.9527584000000001
736240,7.969999999999999,92.03,14.841713221601486,131.84771999999998,0.9528176000000002
736320,7.959999999999994,92.04,14.82309124767224,131.86095999999998,0.9528768000000001
736400,7.950000000000003,92.05,14.80446927374302,131.87419999999997,0.9529360000000001
736480,7.939999999999998,92.06,14.785847299813776,131.88744,0.9529952
736560,7.929999999999993,92.07000000000001,14.76722532588453,131.90068,0.9530544000000001
736640,7.920000000000002,92.08,14.74860335195531,131.91392,0.9531136000000001
736720,7.909999999999997,92.09,14.729981378026064,131.92716,0.9531728
736800,7.8999999999999915,92.10000000000001,14.711359404096818,131.94039999999998,0.953232
736880,7.890000000000001,92.11,14.692737430167599,131.95363999999998,0.9532912
736960,7.8799999999999955,92.12,14.674115456238352,131.96688,0.9533504000000002
737040,7.8700000000000045,92.13,14.655493482309133,131.98012,0.9534096000000002
737120,7.859999999999999,92.14,14.636871508379887,131.99336,0.9534688000000001
737200,7.849999999999994,92.15,14.61824953445064,132.0066,0.953528
737280,7.840000000000003,92.16,14.599627560521421,132.01984,0.9535872000000001
737360,7.829999999999998,92.17,14.581005586592175,132.03307999999998,0.9536464000000001
737440,7.819999999999993,92.18,14.562383612662929,132.04632,0.9537056
737520,7.810000000000002,92.19,14.54376163873371,132.05956,0.9537648000000001
737600,7.799999999999997,92.2,14.525139664804463,132.0728,0.953824
737680,7.789999999999992,92.21000000000001,14.506517690875217,132.08604,0.9538832
737760,7.780000000000001,92.22,14.487895716945998,132.09928,0.9539424000000001
737840,7.769999999999996,92.23,14.469273743016752,132.11252,0.9540016000000001
737920,7.760000000000005,92.24,14.450651769087532,132.12576,0.9540608000000002
738000,7.75,92.25,14.432029795158286,132.139,0.9541200000000001
738080,7.739999999999995,92.26,14.41340782122904,132.15224,0.9541792000000001
738160,7.730000000000004,92.27,14.39478584729982,132.16548,0.9542384
738240,7.719999999999999,92.28,14.376163873370574,132.17871999999997,0.9542976000000001
738320,7.709999999999994,92.29,14.357541899441328,132.19195999999997,0.9543568
738400,7.700000000000003,92.3,14.338919925512108,132.2052,0.954416
738480,7.689999999999998,92.31,14.320297951582862,132.21844,0.9544752000000001
738560,7.679999999999993,92.32000000000001,14.301675977653616,132.23167999999998,0.9545344
738640,7.670000000000002,92.33,14.283054003724397,132.24491999999998,0.9545936000000002
738720,7.659999999999997,92.34,14.26443202979515,132.25815999999998,0.9546528000000001
738800,7.6499999999999915,92.35000000000001,14.245810055865904,132.27139999999997,0.9547120000000001
738880,7.640000000000001,92.36,14.227188081936685,132.28464,0.9547712
738960,7.6299999999999955,92.37,14.208566108007439,132.29788,0.9548304000000001
739040,7.6200000000000045,92.38,14.18994413407822,132.31112,0.9548896000000001
739120,7.609999999999999,92.39,14.171322160148973,132.32435999999998,0.9549488
739200,7.599999999999994,92.4,14.152700186219727,132.33759999999998,0.9550080000000001
739280,7.590000000000003,92.41,14.134078212290508,132.35084,0.9550672
739360,7.579999999999998,92.42,14.115456238361261,132.36408,0.9551264
739440,7.569999999999993,92.43,14.096834264432017,132.37732,0.9551856000000001
739520,7.560000000000002,92.44,14.078212290502798,132.39056,0.9552448000000001
739600,7.549999999999997,92.45,14.059590316573551,132.4038,0.955304
739680,7.539999999999992,92.46000000000001,14.040968342644305,132.41704,0.9553632000000001
739760,7.530000000000001,92.47,14.022346368715086,132.43027999999998,0.9554224000000001
739840,7.519999999999996,92.48,14.00372439478584,132.44352,0.9554816
739920,7.510000000000005,92.49,13.98510242085662,132.45676,0.9555408000000001
740000,7.5,92.5,13.966480446927374,132.47,0.9556
740080,7.489999999999995,92.51,13.947858472998128,132.48324,0.9556592
740160,7.480000000000004,92.52,13.929236499068908,132.49648,0.9557184000000001
740240,7.469999999999999,92.53,13.910614525139662,132.50972000000002,0.9557776000000001
740320,7.459999999999994,92.54,13.891992551210416,132.52296,0.9558368
740400,7.450000000000003,92.55,13.873370577281197,132.5362,0.9558960000000001
740480,7.439999999999998,92.56,13.85474860335195,132.54944,0.9559552000000001
740560,7.429999999999993,92.57000000000001,13.836126629422704,132.56268,0.9560144
740640,7.420000000000002,92.58,13.817504655493485,132.57592,0.9560736000000001
740720,7.409999999999997,92.59,13.798882681564239,132.58916,0.9561328
740800,7.3999999999999915,92.60000000000001,13.780260707634993,132.6024,0.956192
740880,7.390000000000001,92.61,13.761638733705773,132.61563999999998,0.9562512000000001
740960,7.3799999999999955,92.62,13.743016759776527,132.62887999999998,0.9563104
741040,7.3700000000000045,92.63,13.724394785847307,132.64211999999998,0.9563696000000002
741120,7.359999999999999,92.64,13.705772811918061,132.65535999999997,0.9564288000000001
741200,7.349999999999994,92.65,13.687150837988815,132.66859999999997,0.9564880000000001
741280,7.340000000000003,92.66,13.668528864059596,132.68184,0.9565472000000002
741360,7.329999999999998,92.67,13.64990689013035,132.69508,0.9566064000000001
741440,7.319999999999993,92.68,13.631284916201103,132.70832,0.9566656
741520,7.310000000000002,92.69,13.612662942271884,132.72155999999998,0.9567248
741600,7.299999999999997,92.7,13.594040968342638,132.73479999999998,0.9567840000000001
741680,7.289999999999992,92.71000000000001,13.575418994413392,132.74804,0.9568432
741760,7.280000000000001,92.72,13.556797020484172,132.76128,0.9569024
741840,7.269999999999996,92.73,13.538175046554926,132.77452,0.9569616000000001
741920,7.260000000000005,92.74,13.519553072625706,132.78776,0.9570208000000001
742000,7.25,92.75,13.50093109869646,132.801,0.9570800000000002
742080,7.239999999999995,92.76,13.482309124767214,132.81423999999998,0.9571392000000001
742160,7.230000000000004,92.77,13.463687150837995,132.82748,0.9571984000000001
742240,7.219999999999999,92.78,13.445065176908749,132.84072,0.9572576
742320,7.209999999999994,92.79,13.426443202979504,132.85396,0.9573168000000001
742400,7.200000000000003,92.8,13.407821229050283,132.8672,0.957376
742480,7.189999999999998,92.81,13.389199255121039,132.88044,0.9574352
742560,7.179999999999993,92.82000000000001,13.370577281191792,132.89368,0.9574944
742640,7.170000000000002,92.83,13.351955307262573,132.90692,0.9575536000000001
742720,7.159999999999997,92.84,13.333333333333327,132.92016,0.9576128000000002
742800,7.1499999999999915,92.85000000000001,13.31471135940408,132.9334,0.9576720000000001
742880,7.140000000000001,92.86,13.296089385474861,132.94664,0.9577312000000001
742960,7.1299999999999955,92.87,13.277467411545615,132.95988,0.9577904
743040,7.1200000000000045,92.88,13.258845437616396,132.97312,0.9578496000000001
743120,7.109999999999999,92.89,13.24022346368715,132.98636000000002,0.9579088
743200,7.099999999999994,92.9,13.221601489757903,132.9996,0.957968
743280,7.090000000000003,92.91,13.202979515828684,133.01283999999998,0.9580272000000001
743360,7.079999999999998,92.92,13.184357541899438,133.02607999999998,0.9580864
743440,7.069999999999993,92.93,13.165735567970192,133.03931999999998,0.9581456000000002
743520,7.060000000000002,92.94,13.147113594040972,133.05255999999997,0.9582048000000001
743600,7.049999999999997,92.95,13.128491620111726,133.0658,0.9582640000000001
743680,7.039999999999992,92.96000000000001,13.10986964618248,133.07904,0.9583232
743760,7.030000000000001,92.97,13.09124767225326,133.09228,0.9583824000000001
743840,7.019999999999996,92.98,13.072625698324014,133.10551999999998,0.9584416
743920,7.010000000000005,92.99,13.054003724394795,133.11875999999998,0.9585008
744000,7.0,93.0,13.035381750465548,133.13199999999998,0.9585600000000001
744080,6.989999999999995,93.01,13.016759776536302,133.14524,0.9586192
744160,6.980000000000004,93.02,12.998137802607083,133.15848,0.9586784
744240,6.969999999999999,93.03,12.979515828677837,133.17172,0.9587376000000001
744320,6.959999999999994,93.04,12.96089385474859,133.18496,0.9587968000000001
744400,6.950000000000003,93.05,12.942271880819371,133.19819999999999,0.9588560000000002
744480,6.939999999999998,93.06,12.923649906890125,133.21143999999998,0.9589152000000001
744560,6.929999999999993,93.07000000000001,12.905027932960879,133.22468,0.9589744
744640,6.920000000000002,93.08,12.88640595903166,133.23792,0.9590336
744720,6.909999999999997,93.09,12.867783985102413,133.25116,0.9590928000000001
744800,6.8999999999999915,93.10000000000001,12.849162011173167,133.2644,0.959152
744880,6.890000000000001,93.11,12.830540037243948,133.27764,0.9592112
744960,6.8799999999999955,93.12,12.811918063314701,133.29088,0.9592704
745040,6.8700000000000045,93.13,12.793296089385482,133.30412,0.9593296000000001
745120,6.859999999999999,93.14,12.774674115456236,133.31736,0.9593888000000002
745200,6.849999999999994,93.15,12.75605214152699,133.3306,0.9594480000000001
745280,6.840000000000003,93.16,12.73743016759777,133.34384,0.9595072000000001
745360,6.829999999999998,93.17,12.718808193668526,133.35708,0.9595664
745440,6.819999999999993,93.18,12.70018621973928,133.37032,0.9596256000000001
745520,6.810000000000002,93.19,12.68156424581006,133.38356000000002,0.9596848000000001
745600,6.799999999999997,93.2,12.662942271880814,133.3968,0.959744
745680,6.789999999999992,93.21000000000001,12.644320297951568,133.41003999999998,0.9598032
745760,6.780000000000001,93.22,12.625698324022348,133.42327999999998,0.9598624
745840,6.769999999999996,93.23,12.607076350093102,133.43651999999997,0.9599216000000002
745920,6.760000000000005,93.24,12.588454376163883,133.44975999999997,0.9599808000000002
746000,6.75,93.25,12.569832402234637,133.463,0.9600400000000001
746080,6.739999999999995,93.26,12.55121042830539,133.47624,0.9600992
746160,6.730000000000004,93.27,12.532588454376171,133.48948,0.9601584000000001
746240,6.719999999999999,93.28,12.513966480446925,133.50271999999998,0.9602176000000001
746320,6.709999999999994,93.29,12.495344506517679,133.51595999999998,0.9602768
746400,6.700000000000003,93.3,12.47672253258846,133.52919999999997,0.9603360000000001
746480,6.689999999999998,93.31,12.458100558659213,133.54244,0.9603952
746560,6.679999999999993,93.32000000000001,12.439478584729967,133.55568,0.9604544
746640,6.670000000000002,93.33,12.420856610800747,133.56892,0.9605136000000002
746720,6.659999999999997,93.34,12.402234636871501,133.58216,0.9605728000000001
746800,6.6499999999999915,93.35000000000001,12.383612662942255,133.59539999999998,0.960632
746880,6.640000000000001,93.36,12.364990689013036,133.60863999999998,0.9606912000000001
746960,6.6299999999999955,93.37,12.34636871508379,133.62188,0.9607504000000001
747040,6.6200000000000045,93.38,12.32774674115457,133.63512,0.9608096
747120,6.609999999999999,93.39,12.309124767225324,133.64836,0.9608688000000001
747200,6.599999999999994,93.4,12.290502793296078,133.6616,0.960928
747280,6.590000000000003,93.41,12.271880819366858,133.67484,0.9609872
747360,6.579999999999998,93.42,12.253258845437612,133.68807999999999,0.9610464000000001
747440,6.569999999999993,93.43,12.234636871508366,133.70132,0.9611056000000001
747520,6.560000000000002,93.44,12.216014897579146,133.71456,0.9611648000000002
747600,6.549999999999997,93.45,12.1973929236499,133.7278,0.9612240000000001
747680,6.539999999999992,93.46000000000001,12.178770949720654,133.74104,0.9612832000000001
747760,6.530000000000001,93.47,12.160148975791435,133.75428,0.9613424
747840,6.519999999999996,93.48,12.141527001862189,133.76752,0.9614016000000001
747920,6.510000000000005,93.49,12.122905027932969,133.78076000000001,0.9614608000000001
748000,6.5,93.5,12.104283054003723,133.794,0.96152
748080,6.489999999999995,93.51,12.085661080074477,133.80724,0.9615792000000001
748160,6.480000000000004,93.52,12.067039106145257,133.82047999999998,0.9616384
748240,6.469999999999999,93.53,12.048417132216011,133.83371999999997,0.9616976000000002
748320,6.459999999999994,93.54,12.029795158286767,133.84695999999997,0.9617568000000001
748400,6.450000000000003,93.55,12.011173184357547,133.8602,0.9618160000000001
748480,6.439999999999998,93.56,11.992551210428301,133.87344,0.9618752
748560,6.429999999999993,93.57000000000001,11.973929236499055,133.88667999999998,0.9619344000000001
748640,6.420000000000002,93.58,11.955307262569836,133.89991999999998,0.9619936000000001
748720,6.409999999999997,93.59,11.93668528864059,133.91315999999998,0.9620528
748800,6.3999999999999915,93.60000000000001,11.918063314711343,133.92639999999997,0.9621120000000001
748880,6.390000000000001,93.61,11.899441340782124,133.93964,0.9621712
748960,6.3799999999999955,93.62,11.880819366852878,133.95288,0.9622304
749040,6.3700000000000045,93.63,11.862197392923658,133.96612,0.9622896000000001
749120,6.359999999999999,93.64,11.843575418994412,133.97935999999999,0.9623488000000001
749200,6.349999999999994,93.65,11.824953445065166,133.99259999999998,0.962408
749280,6.340000000000003,93.66,11.806331471135946,134.00583999999998,0.9624672000000001
749360,6.329999999999998,93.67,11.7877094972067,134.01908,0.9625264000000001
749440,6.319999999999993,93.68,11.769087523277454,134.03232,0.9625856
749520,6.310000000000002,93.69,11.750465549348235,134.04556,0.9626448000000001
749600,6.299999999999997,93.7,11.731843575418988,134.0588,0.962704
749680,6.289999999999992,93.71000000000001,11.713221601489742,134.07204,0.9627632
749760,6.280000000000001,93.72,11.694599627560523,134.08528,0.9628224000000001
749840,6.269999999999996,93.73,11.675977653631277,134.09852,0.9628816
749920,6.260000000000005,93.74,11.657355679702057,134.11176,0.9629408000000002
750000,6.25,93.75,11.638733705772811,134.125,0.9630000000000001
750080,6.239999999999995,93.76,11.620111731843565,134.13824,0.9630592000000001
750160,6.230000000000004,93.77,11.601489757914345,134.15148,0.9631184000000002
750240,6.219999999999999,93.78,11.5828677839851,134.16472,0.9631776000000001
750320,6.209999999999994,93.79,11.564245810055853,134.17796,0.9632368
750400,6.200000000000003,93.8,11.545623836126634,134.1912,0.963296
750480,6.189999999999998,93.81,11.527001862197388,134.20444,0.9633552000000001
750560,6.179999999999993,93.82000000000001,11.508379888268141,134.21768,0.9634144
750640,6.170000000000002,93.83,11.489757914338922,134.23091999999997,0.9634736
750720,6.159999999999997,93.84,11.471135940409676,134.24415999999997,0.9635328000000001
750800,6.1499999999999915,93.85000000000001,11.45251396648043,134.2574,0.9635920000000001
750880,6.140000000000001,93.86,11.43389199255121,134.27064,0.9636512000000002
750960,6.1299999999999955,93.87,11.415270018621964,134.28387999999998,0.9637104000000001
751040,6.1200000000000045,93.88,11.396648044692745,134.29711999999998,0.9637696000000001
751120,6.109999999999999,93.89,11.378026070763498,134.31035999999997,0.9638288
751200,6.099999999999994,93.9,11.359404096834254,134.3236,0.9638880000000001
751280,6.090000000000003,93.91,11.340782122905033,134.33684,0.9639472000000001
751360,6.079999999999998,93.92,11.322160148975788,134.35008,0.9640064
751440,6.069999999999993,93.93,11.303538175046542,134.36332,0.9640656
751520,6.060000000000002,93.94,11.284916201117323,134.37655999999998,0.9641248000000001
751600,6.049999999999997,93.95,11.266294227188077,134.38979999999998,0.9641840000000002
751680,6.039999999999992,93.96000000000001,11.24767225325883,134.40303999999998,0.9642432000000001
751760,6.030000000000001,93.97,11.229050279329611,134.41628,0.9643024000000001
751840,6.019999999999996,93.98,11.210428305400365,134.42952,0.9643616
751920,6.010000000000005,93.99,11.191806331471145,134.44276,0.9644208000000001
752000,6.0,94.0,11.1731843575419,134.456,0.96448
752080,5.989999999999995,94.01,11.154562383612653,134.46923999999999,0.9645392
752160,5.980000000000004,94.02,11.135940409683434,134.48248,0.9645984000000001
752240,5.969999999999999,94.03,11.117318435754187,134.49572,0.9646576
752320,5.959999999999994,94.04,11.098696461824941,134.50896,0.9647168000000002
752400,5.950000000000003,94.05,11.080074487895722,134.5222,0.9647760000000001
752480,5.939999999999998,94.06,11.061452513966476,134.53544,0.9648352000000001
752560,5.929999999999993,94.07000000000001,11.04283054003723,134.54868,0.9648944
752640,5.920000000000002,94.08,11.02420856610801,134.56192000000001,0.9649536000000001
752720,5.909999999999997,94.09,11.005586592178764,134.57516,0.9650128
752800,5.8999999999999915,94.10000000000001,10.986964618249518,134.5884,0.965072
752880,5.890000000000001,94.11,10.968342644320298,134.60164,0.9651312000000001
752960,5.8799999999999955,94.12,10.949720670391052,134.61488,0.9651904
753040,5.8700000000000045,94.13,10.931098696461833,134.62812,0.9652496
753120,5.859999999999999,94.14,10.912476722532586,134.64136,0.9653088000000001
753200,5.849999999999994,94.15,10.89385474860334,134.6546,0.9653680000000001
753280,5.840000000000003,94.16,10.87523277467412,134.66783999999998,0.9654272000000002
753360,5.829999999999998,94.17,10.856610800744875,134.68107999999998,0.9654864000000001
753440,5.819999999999993,94.18,10.837988826815629,134.69431999999998,0.9655456
753520,5.810000000000002,94.19,10.819366852886409,134.70755999999997,0.9656048
753600,5.799999999999997,94.2,10.800744878957163,134.7208,0.9656640000000001
753680,5.789999999999992,94.21000000000001,10.782122905027917,134.73404,0.9657232
753760,5.780000000000001,94.22,10.763500931098697,134.74728,0.9657824
753840,5.769999999999996,94.23,10.744878957169451,134.76051999999999,0.9658416
753920,5.760000000000005,94.24,10.726256983240232,134.77375999999998,0.9659008000000001
754000,5.75,94.25,10.707635009310986,134.78699999999998,0.9659600000000002
754080,5.739999999999995,94.26,10.68901303538174,134.80024,0.9660192000000001
754160,5.730000000000004,94.27,10.67039106145252,134.81348,0.9660784000000001
754240,5.719999999999999,94.28,10.651769087523276,134.82672,0.9661376
754320,5.709999999999994,94.29,10.63314711359403,134.83996,0.9661968000000001
754400,5.700000000000003,94.3,10.61452513966481,134.8532,0.9662560000000001
754480,5.689999999999998,94.31,10.595903165735564,134.86643999999998,0.9663152
754560,5.679999999999993,94.32000000000001,10.577281191806318,134.87968,0.9663744
754640,5.670000000000002,94.33,10.558659217877098,134.89292,0.9664336
754720,5.659999999999997,94.34,10.540037243947852,134.90616,0.9664928000000002
754800,5.6499999999999915,94.35000000000001,10.521415270018606,134.9194,0.9665520000000001
754880,5.640000000000001,94.36,10.502793296089386,134.93264,0.9666112000000001
754960,5.6299999999999955,94.37,10.48417132216014,134.94588,0.9666704
755040,5.6200000000000045,94.38,10.46554934823092,134.95912,0.9667296000000001
755120,5.609999999999999,94.39,10.446927374301675,134.97236,0.9667888000000001
755200,5.599999999999994,94.4,10.428305400372428,134.9856,0.966848
755280,5.590000000000003,94.41,10.409683426443209,134.99884,0.9669072000000001
755360,5.579999999999998,94.42,10.391061452513963,135.01208,0.9669664
755440,5.569999999999993,94.43,10.372439478584717,135.02532,0.9670256
755520,5.560000000000002,94.44,10.353817504655497,135.03856,0.9670848000000002
755600,5.549999999999997,94.45,10.335195530726251,135.0518,0.9671440000000001
755680,5.539999999999992,94.46000000000001,10.316573556797005,135.06503999999998,0.9672032
755760,5.530000000000001,94.47,10.297951582867785,135.07827999999998,0.9672624000000001
755840,5.519999999999996,94.48,10.27932960893854,135.09151999999997,0.9673216000000001
755920,5.510000000000005,94.49,10.26070763500932,135.10475999999997,0.9673808000000002
756000,5.5,94.5,10.242085661080074,135.118,0.9674400000000001
756080,5.489999999999995,94.51,10.223463687150828,135.13124,0.9674992
756160,5.480000000000004,94.52,10.204841713221608,135.14448,0.9675584
756240,5.469999999999999,94.53,10.186219739292362,135.15771999999998,0.9676176000000001
756320,5.459999999999994,94.54,10.167597765363116,135.17095999999998,0.9676768000000001
756400,5.450000000000003,94.55,10.148975791433896,135.18419999999998,0.9677360000000002
756480,5.439999999999998,94.56,10.13035381750465,135.19744,0.9677952000000001
756560,5.429999999999993,94.57000000000001,10.111731843575404,135.21068,0.9678544000000001
756640,5.420000000000002,94.58,10.093109869646185,135.22392,0.9679136
756720,5.409999999999997,94.59,10.074487895716938,135.23716,0.9679728000000001
756800,5.3999999999999915,94.60000000000001,10.055865921787692,135.25039999999998,0.968032
756880,5.390000000000001,94.61,10.037243947858473,135.26363999999998,0.9680912
756960,5.3799999999999955,94.62,10.018621973929227,135.27688,0.9681504000000001
757040,5.3700000000000045,94.63,10.000000000000007,135.29012,0.9682096
757120,5.359999999999999,94.64,9.981378026070761,135.30336,0.9682688000000002
757200,5.349999999999994,94.65,9.962756052141517,135.3166,0.9683280000000001
757280,5.340000000000003,94.66,9.944134078212297,135.32984,0.9683872000000001
757360,5.329999999999998,94.67,9.925512104283051,135.34308,0.9684464
757440,5.319999999999993,94.68,9.906890130353805,135.35632,0.9685056000000001
757520,5.310000000000002,94.69,9.888268156424585,135.36956,0.9685648000000001
757600,5.299999999999997,94.7,9.86964618249534,135.3828,0.968624
757680,5.289999999999992,94.71000000000001,9.851024208566093,135.39604,0.9686832000000001
757760,5.280000000000001,94.72,9.832402234636874,135.40928,0.9687424
757840,5.269999999999996,94.73,9.813780260707627,135.42252,0.9688016
757920,5.260000000000005,94.74,9.795158286778408,135.43576000000002,0.9688608000000002
758000,5.25,94.75,9.776536312849162,135.44899999999998,0.9689200000000001
758080,5.239999999999995,94.76,9.757914338919916,135.46223999999998,0.9689792
758160,5.230000000000004,94.77,9.739292364990696,135.47547999999998,0.9690384000000001
758240,5.219999999999999,94.78,9.72067039106145,135.48871999999997,0.9690976000000001
758320,5.209999999999994,94.79,9.702048417132204,135.50195999999997,0.9691568
758400,5.200000000000003,94.8,9.683426443202984,135.5152,0.9692160000000001
758480,5.189999999999998,94.81,9.664804469273738,135.52844,0.9692752
758560,5.179999999999993,94.82000000000001,9.646182495344492,135.54167999999999,0.9693344
758640,5.170000000000002,94.83,9.627560521415273,135.55491999999998,0.9693936000000001
758720,5.159999999999997,94.84,9.608938547486026,135.56815999999998,0.9694528000000001
758800,5.1499999999999915,94.85000000000001,9.59031657355678,135.58139999999997,0.969512
758880,5.140000000000001,94.86,9.57169459962756,135.59464,0.9695712000000001
758960,5.1299999999999955,94.87,9.553072625698315,135.60788,0.9696304000000001
759040,5.1200000000000045,94.88,9.534450651769095,135.62112,0.9696896000000002
759120,5.109999999999999,94.89,9.515828677839849,135.63436,0.9697488000000001
759200,5.099999999999994,94.9,9.497206703910603,135.64759999999998,0.969808
759280,5.090000000000003,94.91,9.478584729981383,135.66084,0.9698672
759360,5.079999999999998,94.92,9.459962756052137,135.67408,0.9699264000000001
759440,5.069999999999993,94.93,9.441340782122891,135.68732,0.9699856
759520,5.060000000000002,94.94,9.422718808193672,135.70056,0.9700448000000002
759600,5.049999999999997,94.95,9.404096834264426,135.7138,0.9701040000000001
759680,5.039999999999992,94.96000000000001,9.38547486033518,135.72704,0.9701632000000001
759760,5.030000000000001,94.97,9.36685288640596,135.74027999999998,0.9702224000000002
759840,5.019999999999996,94.98,9.348230912476714,135.75352,0.9702816000000001
759920,5.010000000000005,94.99,9.329608938547494,135.76676,0.9703408000000001
760000,5.0,95.0,9.310986964618248,135.78,0.9704
760080,4.989999999999995,95.01,9.292364990689004,135.79324,0.9704592000000001
760160,4.980000000000004,95.02,9.273743016759783,135.80648,0.9705184000000001
760240,4.969999999999999,95.03,9.255121042830538,135.81972000000002,0.9705776
760320,4.959999999999994,95.04,9.236499068901292,135.83296,0.9706368
760400,4.950000000000003,95.05,9.217877094972073,135.8462,0.9706960000000001
760480,4.939999999999998,95.06,9.199255121042826,135.85943999999998,0.9707552000000002
760560,4.929999999999993,95.07000000000001,9.18063314711358,135.87267999999997,0.9708144000000001
760640,4.920000000000002,95.08,9.16201117318436,135.88591999999997,0.9708736000000001
760720,4.909999999999997,95.09,9.143389199255115,135.89916,0.9709328
760800,4.8999999999999915,95.10000000000001,9.124767225325868,135.9124,0.9709920000000001
760880,4.890000000000001,95.11,9.106145251396649,135.92564,0.9710512
760960,4.8799999999999955,95.12,9.087523277467403,135.93887999999998,0.9711104
761040,4.8700000000000045,95.13,9.068901303538183,135.95211999999998,0.9711696000000001
761120,4.859999999999999,95.14,9.050279329608937,135.96535999999998,0.9712288
761200,4.849999999999994,95.15,9.031657355679691,135.97859999999997,0.9712880000000002
761280,4.840000000000003,95.16,9.013035381750472,135.99184,0.9713472000000001
761360,4.829999999999998,95.17,8.994413407821225,136.00508,0.9714064000000001
761440,4.819999999999993,95.18,8.97579143389198,136.01832,0.9714656
761520,4.810000000000002,95.19,8.95716945996276,136.03155999999998,0.9715248000000001
761600,4.799999999999997,95.2,8.938547486033514,136.04479999999998,0.971584
761680,4.789999999999992,95.21000000000001,8.919925512104268,136.05804,0.9716432
761760,4.780000000000001,95.22,8.901303538175048,136.07128,0.9717024000000001
761840,4.769999999999996,95.23,8.882681564245802,136.08452,0.9717616
761920,4.760000000000005,95.24,8.864059590316582,136.09776,0.9718208
762000,4.75,95.25,8.845437616387336,136.111,0.9718800000000001
762080,4.739999999999995,95.26,8.82681564245809,136.12424,0.9719392000000001
762160,4.730000000000004,95.27,8.80819366852887,136.13748,0.9719984000000002
762240,4.719999999999999,95.28,8.789571694599625,136.15072,0.9720576000000001
762320,4.709999999999994,95.29,8.770949720670378,136.16396,0.9721168
762400,4.700000000000003,95.3,8.752327746741159,136.1772,0.972176
762480,4.689999999999998,95.31,8.733705772811913,136.19044,0.9722352000000001
762560,4.679999999999993,95.32000000000001,8.715083798882667,136.20368,0.9722944
762640,4.670000000000002,95.33,8.696461824953447,136.21692000000002,0.9723536
762720,4.659999999999997,95.34,8.677839851024201,136.23016,0.9724128
762800,4.6499999999999915,95.35000000000001,8.659217877094955,136.2434,0.9724720000000001
762880,4.640000000000001,95.36,8.640595903165735,136.25664,0.9725312000000002
762960,4.6299999999999955,95.37,8.62197392923649,136.26987999999997,0.9725904000000001
763040,4.6200000000000045,95.38,8.60335195530727,136.28311999999997,0.9726496000000001
763120,4.609999999999999,95.39,8.584729981378025,136.29636,0.9727088
763200,4.599999999999994,95.4,8.56610800744878,136.3096,0.9727680000000001
763280,4.590000000000003,95.41,8.54748603351956,136.32283999999999,0.9728272000000001
763360,4.579999999999998,95.42,8.528864059590314,136.33607999999998,0.9728864
763440,4.569999999999993,95.43,8.510242085661067,136.34931999999998,0.9729456
763520,4.560000000000002,95.44,8.491620111731848,136.36255999999997,0.9730048
763600,4.549999999999997,95.45,8.472998137802602,136.3758,0.9730640000000002
763680,4.539999999999992,95.46000000000001,8.454376163873356,136.38904,0.9731232000000001
763760,4.530000000000001,95.47,8.435754189944136,136.40228,0.9731824000000001
763840,4.519999999999996,95.48,8.41713221601489,136.41552,0.9732416
763920,4.510000000000005,95.49,8.39851024208567,136.42875999999998,0.9733008000000001
764000,4.5,95.5,8.379888268156424,136.44199999999998,0.9733600000000001
764080,4.489999999999995,95.51,8.361266294227178,136.45524,0.9734192
764160,4.480000000000004,95.52,8.342644320297959,136.46848,0.9734784000000001
764240,4.469999999999999,95.53,8.324022346368713,136.48172,0.9735376
764320,4.459999999999994,95.54,8.305400372439466,136.49496,0.9735968
764400,4.450000000000003,95.55,8.286778398510247,136.5082,0.9736560000000002
764480,4.439999999999998,95.56,8.268156424581,136.52143999999998,0.9737152000000001
764560,4.429999999999993,95.57000000000001,8.249534450651755,136.53468,0.9737744
764640,4.420000000000002,95.58,8.230912476722535,136.54792,0.9738336000000001
764720,4.409999999999997,95.59,8.212290502793289,136.56116,0.9738928000000001
764800,4.3999999999999915,95.60000000000001,8.193668528864043,136.5744,0.973952
764880,4.390000000000001,95.61,8.175046554934823,136.58764,0.9740112000000001
764960,4.3799999999999955,95.62,8.156424581005577,136.60088,0.9740704
765040,4.3700000000000045,95.63,8.137802607076358,136.61412,0.9741296
765120,4.359999999999999,95.64,8.119180633147112,136.62736,0.9741888000000001
765200,4.349999999999994,95.65,8.100558659217866,136.6406,0.9742480000000001
765280,4.340000000000003,95.66,8.081936685288646,136.65384,0.9743072000000002
765360,4.329999999999998,95.67,8.0633147113594,136.66708,0.9743664000000001
765440,4.319999999999993,95.68,8.044692737430154,136.68031999999997,0.9744256000000001
765520,4.310000000000002,95.69,8.026070763500934,136.69356,0.9744848000000002
765600,4.299999999999997,95.7,8.007448789571688,136.7068,0.9745440000000001
765680,4.289999999999992,95.71000000000001,7.988826815642443,136.72003999999998,0.9746032
765760,4.280000000000001,95.72,7.970204841713223,136.73327999999998,0.9746624
765840,4.269999999999996,95.73,7.951582867783977,136.74651999999998,0.9747216000000001
765920,4.259999999999991,95.74000000000001,7.932960893854731,136.75975999999997,0.9747808
766000,4.25,95.75,7.914338919925512,136.773,0.9748400000000002
766080,4.239999999999995,95.76,7.8957169459962655,136.78624,0.9748992000000001
766160,4.230000000000004,95.77,7.877094972067046,136.79948,0.9749584000000001
766240,4.219999999999999,95.78,7.8584729981378,136.81271999999998,0.9750176
766320,4.209999999999994,95.79,7.839851024208554,136.82595999999998,0.9750768000000001
766400,4.200000000000003,95.8,7.821229050279334,136.83919999999998,0.9751360000000001
766480,4.189999999999998,95.81,7.802607076350088,136.85244,0.9751952
766560,4.179999999999993,95.82000000000001,7.783985102420842,136.86568,0.9752544000000001
766640,4.170000000000002,95.83,7.7653631284916225,136.87892,0.9753136
766720,4.159999999999997,95.84,7.746741154562377,136.89216,0.9753728
766800,4.1499999999999915,95.85000000000001,7.728119180633131,136.9054,0.9754320000000001
766880,4.140000000000001,95.86,7.709497206703912,136.91863999999998,0.9754912000000001
766960,4.1299999999999955,95.87,7.6908752327746654,136.93188,0.9755504
767040,4.1200000000000045,95.88,7.672253258845446,136.94512,0.9756096000000001
767120,4.109999999999999,95.89,7.6536312849162,136.95836,0.9756688000000001
767200,4.099999999999994,95.9,7.635009310986954,136.9716,0.975728
767280,4.090000000000003,95.91,7.616387337057734,136.98484,0.9757872000000001
767360,4.079999999999998,95.92,7.597765363128488,136.99808,0.9758464
767440,4.069999999999993,95.93,7.579143389199242,137.01132,0.9759056
767520,4.060000000000002,95.94,7.560521415270022,137.02456,0.9759648000000001
767600,4.049999999999997,95.95,7.541899441340776,137.0378,0.9760240000000001
767680,4.039999999999992,95.96000000000001,7.52327746741153,137.05104,0.9760832
767760,4.030000000000001,95.97,7.504655493482311,137.06428,0.9761424000000001
767840,4.019999999999996,95.98,7.4860335195530645,137.07752,0.9762016000000001
767920,4.009999999999991,95.99000000000001,7.467411545623818,137.09076,0.9762608
768000,4.0,96.0,7.448789571694599,137.10399999999998,0.9763200000000001
768080,3.989999999999995,96.01,7.430167597765353,137.11723999999998,0.9763792
768160,3.980000000000004,96.02,7.411545623836133,137.13047999999998,0.9764384
768240,3.969999999999999,96.03,7.392923649906888,137.14371999999997,0.9764976000000001
768320,3.9599999999999937,96.04,7.374301675977642,137.15695999999997,0.9765568
768400,3.950000000000003,96.05,7.355679702048422,137.1702,0.9766160000000002
768480,3.9399999999999977,96.06,7.337057728119176,137.18344,0.9766752000000001
768560,3.9299999999999926,96.07000000000001,7.31843575418993,137.19668,0.9767344000000001
768640,3.9200000000000017,96.08,7.299813780260711,137.20991999999998,0.9767936000000002
768720,3.9099999999999966,96.09,7.2811918063314645,137.22315999999998,0.9768528000000001
768800,3.8999999999999915,96.10000000000001,7.262569832402218,137.23639999999997,0.976912
768880,3.8900000000000006,96.11,7.243947858472999,137.24964,0.9769712
768960,3.8799999999999955,96.12,7.225325884543753,137.26288,0.9770304000000001
769040,3.8700000000000045,96.13,7.206703910614533,137.27612,0.9770896000000001
769120,3.8599999999999994,96.14,7.188081936685287,137.28936,0.9771488
769200,3.8499999999999943,96.15,7.169459962756041,137.30259999999998,0.9772080000000001
769280,3.8400000000000034,96.16,7.150837988826821,137.31583999999998,0.9772672000000001
769360,3.8299999999999983,96.17,7.132216014897575,137.32908,0.9773264000000002
769440,3.819999999999993,96.18,7.113594040968329,137.34232,0.9773856000000001
769520,3.8100000000000023,96.19,7.09497206703911,137.35556,0.9774448000000001
769600,3.799999999999997,96.2,7.0763500931098635,137.3688,0.977504
769680,3.789999999999992,96.21000000000001,7.057728119180618,137.38204,0.9775632000000001
769760,3.780000000000001,96.22,7.039106145251399,137.39528,0.9776224000000001
769840,3.769999999999996,96.23,7.020484171322153,137.40852,0.9776816
769920,3.759999999999991,96.24000000000001,7.0018621973929065,137.42176,0.9777408
770000,3.75,96.25,6.983240223463687,137.435,0.9778000000000001
770080,3.739999999999995,96.26,6.964618249534441,137.44824,0.9778592000000002
770160,3.730000000000004,96.27,6.945996275605221,137.46148,0.9779184000000001
770240,3.719999999999999,96.28,6.927374301675975,137.47472,0.9779776000000001
770320,3.7099999999999937,96.29,6.908752327746729,137.48796000000002,0.9780368
770400,3.700000000000003,96.3,6.89013035381751,137.50119999999998,0.9780960000000001
770480,3.6899999999999977,96.31,6.8715083798882635,137.51443999999998,0.9781552000000001
770560,3.6799999999999926,96.32000000000001,6.852886405959017,137.52767999999998,0.9782144
770640,3.6700000000000017,96.33,6.834264432029798,137.54091999999997,0.9782736000000001
770720,3.6599999999999966,96.34,6.815642458100552,137.55415999999997,0.9783328
770800,3.6499999999999915,96.35000000000001,6.7970204841713056,137.5674,0.9783920000000002
770880,3.6400000000000006,96.36,6.778398510242086,137.58064,0.9784512000000001
770960,3.6299999999999955,96.37,6.75977653631284,137.59387999999998,0.9785104000000001
771040,3.6200000000000045,96.38,6.74115456238362,137.60711999999998,0.9785696000000002
771120,3.6099999999999994,96.39,6.722532588454374,137.62035999999998,0.9786288000000001
771200,3.5999999999999943,96.4,6.703910614525129,137.6336,0.978688
771280,3.5900000000000034,96.41,6.6852886405959095,137.64684,0.9787472
771360,3.5799999999999983,96.42,6.666666666666663,137.66008,0.9788064000000001
771440,3.569999999999993,96.43,6.648044692737417,137.67332,0.9788656
771520,3.5600000000000023,96.44,6.629422718808198,137.68656,0.9789248
771600,3.549999999999997,96.45,6.610800744878952,137.69979999999998,0.978984
771680,3.539999999999992,96.46000000000001,6.5921787709497055,137.71303999999998,0.9790432000000001
771760,3.530000000000001,96.47,6.573556797020486,137.72628,0.9791024000000002
771840,3.519999999999996,96.48,6.55493482309124,137.73952,0.9791616000000001
771920,3.509999999999991,96.49000000000001,6.536312849161994,137.75276,0.9792208
772000,3.5,96.5,6.517690875232774,137.766,0.97928
772080,3.489999999999995,96.51,6.499068901303528,137.77924,0.9793392000000001
772160,3.480000000000004,96.52,6.480446927374309,137.79248,0.9793984000000001
772240,3.469999999999999,96.53,6.4618249534450625,137.80572,0.9794576
772320,3.4599999999999937,96.54,6.443202979515816,137.81896,0.9795168
772400,3.450000000000003,96.55,6.424581005586597,137.8322,0.979576
772480,3.4399999999999977,96.56,6.405959031657351,137.84544,0.9796352000000002
772560,3.4299999999999926,96.57000000000001,6.3873370577281054,137.85868,0.9796944000000001
772640,3.4200000000000017,96.58,6.368715083798885,137.87192000000002,0.9797536000000001
772720,3.4099999999999966,96.59,6.35009310986964,137.88516,0.9798128
772800,3.3999999999999915,96.60000000000001,6.331471135940394,137.8984,0.9798720000000001
772880,3.3900000000000006,96.61,6.312849162011174,137.91163999999998,0.9799312000000001
772960,3.3799999999999955,96.62,6.294227188081928,137.92487999999997,0.9799904
773040,3.3700000000000045,96.63,6.2756052141527086,137.93811999999997,0.9800496000000001
773120,3.3599999999999994,96.64,6.256983240223462,137.95136,0.9801088
773200,3.3499999999999943,96.65,6.238361266294216,137.9646,0.980168
773280,3.3400000000000034,96.66,6.219739292364997,137.97784,0.9802272000000002
773360,3.3299999999999983,96.67,6.201117318435751,137.99107999999998,0.9802864000000001
773440,3.319999999999993,96.68,6.1824953445065045,138.00431999999998,0.9803456
773520,3.3100000000000023,96.69,6.163873370577285,138.01755999999997,0.9804048000000001
773600,3.299999999999997,96.7,6.145251396648039,138.0308,0.9804640000000001
773680,3.289999999999992,96.71000000000001,6.126629422718793,138.04404,0.9805232
773760,3.280000000000001,96.72,6.108007448789573,138.05728,0.9805824000000001
773840,3.269999999999996,96.73,6.089385474860327,138.07052,0.9806416
773920,3.259999999999991,96.74000000000001,6.070763500931081,138.08375999999998,0.9807008
774000,3.25,96.75,6.0521415270018615,138.09699999999998,0.9807600000000001
774080,3.239999999999995,96.76,6.033519553072616,138.11024,0.9808192000000001
774160,3.230000000000004,96.77,6.014897579143396,138.12348,0.9808784000000002
774240,3.219999999999999,96.78,5.996275605214151,138.13672,0.9809376000000001
774320,3.2099999999999937,96.79,5.9776536312849045,138.14996,0.9809968000000001
774400,3.200000000000003,96.8,5.959031657355685,138.1632,0.9810560000000002
774480,3.1899999999999977,96.81,5.940409683426439,138.17643999999999,0.9811152000000001
774560,3.1799999999999926,96.82000000000001,5.921787709497193,138.18968,0.9811744
774640,3.1700000000000017,96.83,5.903165735567973,138.20292,0.9812336
774720,3.1599999999999966,96.84,5.884543761638727,138.21616,0.9812928000000001
774800,3.1499999999999915,96.85000000000001,5.865921787709481,138.2294,0.981352
774880,3.1400000000000006,96.86,5.847299813780261,138.24264,0.9814112000000002
774960,3.1299999999999955,96.87,5.828677839851015,138.25588,0.9814704000000001
775040,3.1200000000000045,96.88,5.810055865921796,138.26912000000002,0.9815296000000001
775120,3.1099999999999994,96.89,5.79143389199255,138.28236,0.9815888
775200,3.0999999999999943,96.9,5.7728119180633035,138.2956,0.9816480000000001
775280,3.0900000000000034,96.91,5.754189944134084,138.30884,0.9817072000000001
775360,3.0799999999999983,96.92,5.735567970204838,138.32207999999997,0.9817664
775440,3.069999999999993,96.93,5.716945996275592,138.33531999999997,0.9818256000000001
775520,3.0600000000000023,96.94,5.698324022346372,138.34856,0.9818848
775600,3.049999999999997,96.95,5.679702048417127,138.3618,0.981944
775680,3.039999999999992,96.96000000000001,5.661080074487881,138.37503999999998,0.9820032000000001
775760,3.030000000000001,96.97,5.642458100558661,138.38827999999998,0.9820624000000001
775840,3.019999999999996,96.98,5.623836126629415,138.40151999999998,0.9821216
775920,3.009999999999991,96.99000000000001,5.605214152700169,138.41475999999997,0.9821808000000001
776000,3.0,97.0,5.58659217877095,138.428,0.9822400000000001
776080,2.989999999999995,97.01,5.5679702048417035,138.44124,0.9822992
776160,2.980000000000004,97.02,5.549348230912484,138.45448,0.9823584000000001
776240,2.969999999999999,97.03,5.530726256983238,138.46771999999999,0.9824176
776320,2.9599999999999937,97.04,5.512104283053992,138.48095999999998,0.9824768
776400,2.950000000000003,97.05,5.493482309124772,138.49419999999998,0.9825360000000001
776480,2.9399999999999977,97.06,5.474860335195526,138.50744,0.9825952000000001
776560,2.9299999999999926,97.07000000000001,5.45623836126628,138.52068,0.9826544
776640,2.9200000000000017,97.08,5.43761638733706,138.53392,0.9827136000000001
776720,2.9099999999999966,97.09,5.418994413407814,138.54716,0.9827728000000001
776800,2.8999999999999915,97.10000000000001,5.400372439478568,138.5604,0.982832
776880,2.8900000000000006,97.11,5.381750465549349,138.57363999999998,0.9828912000000001
776960,2.8799999999999955,97.12,5.3631284916201025,138.58688,0.9829504
777040,2.8700000000000045,97.13,5.344506517690883,138.60012,0.9830096
777120,2.8599999999999994,97.14,5.325884543761638,138.61336,0.9830688000000001
777200,2.8499999999999943,97.15,5.307262569832392,138.6266,0.983128
777280,2.8400000000000034,97.16,5.288640595903172,138.63984,0.9831872000000001
777360,2.8299999999999983,97.17,5.270018621973926,138.65308,0.9832464000000001
777440,2.819999999999993,97.18,5.25139664804468,138.66632,0.9833056000000001
777520,2.8100000000000023,97.19,5.23277467411546,138.67956,0.9833648000000001
777600,2.799999999999997,97.2,5.214152700186214,138.6928,0.9834240000000001
777680,2.789999999999992,97.21000000000001,5.195530726256968,138.70604,0.9834832
777760,2.780000000000001,97.22,5.176908752327749,138.71928,0.9835424
777840,2.769999999999996,97.23,5.1582867783985025,138.73251999999997,0.9836016000000001
777920,2.759999999999991,97.24000000000001,5.139664804469256,138.74576,0.9836608
778000,2.75,97.25,5.121042830540037,138.759,0.98372
778080,2.739999999999995,97.26,5.102420856610791,138.77223999999998,0.9837792000000001
778160,2.730000000000004,97.27,5.083798882681571,138.78547999999998,0.9838384000000001
778240,2.719999999999999,97.28,5.065176908752325,138.79871999999997,0.9838976000000001
778320,2.7099999999999937,97.29,5.046554934823079,138.81195999999997,0.9839568000000001
778400,2.700000000000003,97.3,5.027932960893859,138.8252,0.9840160000000001
778480,2.6899999999999977,97.31,5.009310986964613,138.83844,0.9840752
778560,2.6799999999999926,97.32000000000001,4.990689013035368,138.85168,0.9841344000000001
778640,2.6700000000000017,97.33,4.972067039106149,138.86491999999998,0.9841936000000001
778720,2.6599999999999966,97.34,4.953445065176902,138.87815999999998,0.9842528
778800,2.6499999999999915,97.35000000000001,4.934823091247656,138.89139999999998,0.984312
778880,2.6400000000000006,97.36,4.916201117318437,138.90464,0.9843712000000001
778960,2.6299999999999955,97.37,4.897579143389191,138.91788,0.9844304000000001
779040,2.6200000000000045,97.38,4.878957169459971,138.93112,0.9844896000000001
779120,2.6099999999999994,97.39,4.860335195530725,138.94436,0.9845488000000001
779200,2.5999999999999943,97.4,4.841713221601479,138.95759999999999,0.984608
779280,2.5900000000000034,97.41,4.823091247672259,138.97084,0.9846672000000001
779360,2.5799999999999983,97.42,4.804469273743013,138.98408,0.9847264000000001
779440,2.569999999999993,97.43,4.785847299813767,138.99732,0.9847856
779520,2.5600000000000023,97.44,4.767225325884548,139.01056,0.9848448000000001
779600,2.549999999999997,97.45,4.7486033519553015,139.0238,0.984904
779680,2.539999999999992,97.46000000000001,4.729981378026055,139.03704,0.9849632000000001
779760,2.530000000000001,97.47,4.711359404096836,139.05028,0.9850224000000001
779840,2.519999999999996,97.48,4.69273743016759,139.06352,0.9850816000000001
779920,2.509999999999991,97.49000000000001,4.6741154562383445,139.07676,0.9851408
780000,2.5,97.5,4.655493482309124,139.09,0.9852000000000001
780080,2.489999999999995,97.51,4.636871508379879,139.10324,0.9852592
780160,2.480000000000004,97.52,4.618249534450659,139.11648,0.9853184
780240,2.469999999999999,97.53,4.599627560521413,139.12972000000002,0.9853776000000001
780320,2.4599999999999937,97.54,4.581005586592167,139.14296,0.9854368
780400,2.450000000000003,97.55,4.562383612662948,139.15619999999998,0.985496
780480,2.4399999999999977,97.56,4.543761638733701,139.16943999999998,0.9855552000000001
780560,2.4299999999999926,97.57000000000001,4.525139664804455,139.18267999999998,0.9856144000000001
780640,2.4200000000000017,97.58,4.506517690875236,139.19591999999997,0.9856736000000001
780720,2.4099999999999966,97.59,4.48789571694599,139.20916,0.9857328000000001
780800,2.3999999999999915,97.60000000000001,4.4692737430167435,139.2224,0.985792
780880,2.3900000000000006,97.61,4.450651769087524,139.23564,0.9858512
780960,2.3799999999999955,97.62,4.432029795158278,139.24887999999999,0.9859104000000001
781040,2.3700000000000045,97.63,4.413407821229058,139.26211999999998,0.9859696000000001
781120,2.3599999999999994,97.64,4.394785847299812,139.27535999999998,0.9860288
781200,2.3499999999999943,97.65,4.376163873370566,139.28859999999997,0.986088
781280,2.3400000000000034,97.66,4.357541899441347,139.30184,0.9861472000000001
781360,2.3299999999999983,97.67,4.3389199255121005,139.31508,0.9862064000000001
781440,2.319999999999993,97.68,4.320297951582855,139.32832,0.9862656000000001
781520,2.3100000000000023,97.69,4.301675977653635,139.34156,0.9863248000000001
781600,2.299999999999997,97.7,4.28305400372439,139.35479999999998,0.986384
781680,2.289999999999992,97.71000000000001,4.2644320297951435,139.36804,0.9864432000000001
781760,2.280000000000001,97.72,4.245810055865924,139.38128,0.9865024000000001
781840,2.269999999999996,97.73,4.227188081936678,139.39452,0.9865616
781920,2.259999999999991,97.74000000000001,4.208566108007432,139.40776,0.9866208
782000,2.25,97.75,4.189944134078212,139.421,0.98668
782080,2.239999999999995,97.76,4.171322160148966,139.43424,0.9867392
782160,2.230000000000004,97.77,4.152700186219747,139.44748,0.9867984000000002
782240,2.219999999999999,97.78,4.1340782122905,139.46072,0.9868576000000001
782320,2.2099999999999937,97.79,4.115456238361254,139.47396,0.9869168
782400,2.200000000000003,97.8,4.096834264432035,139.4872,0.9869760000000001
782480,2.1899999999999977,97.81,4.078212290502789,139.50044,0.9870352000000001
782560,2.1799999999999926,97.82000000000001,4.0595903165735425,139.51368,0.9870944
782640,2.1700000000000017,97.83,4.040968342644323,139.52692000000002,0.9871536000000001
782720,2.1599999999999966,97.84,4.022346368715077,139.54016000000001,0.9872128
782800,2.1499999999999915,97.85000000000001,4.003724394785831,139.55339999999998,0.987272
782880,2.1400000000000006,97.86,3.9851024208566117,139.56663999999998,0.9873312000000001
782960,2.1299999999999955,97.87,3.9664804469273656,139.57987999999997,0.9873904000000001
783040,2.1200000000000045,97.88,3.947858472998146,139.59311999999997,0.9874496000000001
783120,2.1099999999999994,97.89,3.9292364990689,139.60636,0.9875088000000001
783200,2.0999999999999943,97.9,3.910614525139654,139.6196,0.9875680000000001
783280,2.0900000000000034,97.91,3.8919925512104343,139.63284,0.9876272000000001
783360,2.0799999999999983,97.92,3.8733705772811886,139.64607999999998,0.9876864000000001
783440,2.069999999999993,97.93,3.8547486033519425,139.65931999999998,0.9877456
783520,2.0600000000000023,97.94,3.836126629422723,139.67255999999998,0.9878048
783600,2.049999999999997,97.95,3.817504655493477,139.6858,0.9878640000000001
783680,2.039999999999992,97.96000000000001,3.7988826815642307,139.69904,0.9879232
783760,2.030000000000001,97.97,3.780260707635011,139.71228,0.9879824000000001
783840,2.019999999999996,97.98,3.761638733705765,139.72552,0.9880416000000001
783920,2.009999999999991,97.99000000000001,3.743016759776519,139.73875999999998,0.9881008000000001
784000,2.0,98.0,3.7243947858472994,139.75199999999998,0.9881600000000001
784080,1.9899999999999949,98.01,3.7057728119180537,139.76524,0.9882192000000001
784160,1.980000000000004,98.02,3.687150837988834,139.77848,0.9882784000000001
784240,1.9699999999999989,98.03,3.668528864059588,139.79172,0.9883376
784320,1.9599999999999937,98.04,3.649906890130342,139.80496,0.9883968000000001
784400,1.9500000000000028,98.05,3.6312849162011225,139.8182,0.988456
784480,1.9399999999999977,98.06,3.6126629422718763,139.83144,0.9885152
784560,1.9299999999999926,98.07000000000001,3.59404096834263,139.84468,0.9885744000000001
784640,1.9200000000000017,98.08,3.5754189944134107,139.85792,0.9886336000000001
784720,1.9099999999999966,98.09,3.5567970204841646,139.87116,0.9886928
784800,1.8999999999999915,98.10000000000001,3.538175046554919,139.8844,0.9887520000000001
784880,1.8900000000000006,98.11,3.5195530726256994,139.89764,0.9888112000000001
784960,1.8799999999999955,98.12,3.5009310986964532,139.91088,0.9888704
785040,1.8700000000000045,98.13,3.4823091247672338,139.92412000000002,0.9889296000000001
785120,1.8599999999999994,98.14,3.4636871508379876,139.93736,0.9889888
785200,1.8499999999999943,98.15,3.4450651769087415,139.95059999999998,0.989048
785280,1.8400000000000034,98.16,3.426443202979522,139.96383999999998,0.9891072000000001
785360,1.8299999999999983,98.17,3.407821229050276,139.97707999999997,0.9891664000000001
785440,1.8199999999999932,98.18,3.3891992551210297,139.99031999999997,0.9892256
785520,1.8100000000000023,98.19,3.37057728119181,140.00356,0.9892848000000001
785600,1.7999999999999972,98.2,3.3519553072625645,140.0168,0.9893440000000001
785680,1.789999999999992,98.21000000000001,3.3333333333333184,140.03003999999999,0.9894032
785760,1.7800000000000011,98.22,3.314711359404099,140.04327999999998,0.9894624000000001
785840,1.769999999999996,98.23,3.2960893854748528,140.05651999999998,0.9895216
785920,1.759999999999991,98.24000000000001,3.2774674115456066,140.06975999999997,0.9895808
786000,1.75,98.25,3.258845437616387,140.083,0.9896400000000001
786080,1.7399999999999949,98.26,3.240223463687141,140.09624,0.9896992
786160,1.730000000000004,98.27,3.2216014897579215,140.10948,0.9897584000000001
786240,1.7199999999999989,98.28,3.2029795158286753,140.12272,0.9898176000000001
786320,1.7099999999999937,98.29,3.1843575418994297,140.13595999999998,0.9898768000000001
786400,1.7000000000000028,98.3,3.16573556797021,140.14919999999998,0.9899360000000001
786480,1.6899999999999977,98.31,3.147113594040964,140.16244,0.9899952000000001
786560,1.6799999999999926,98.32000000000001,3.128491620111718,140.17568,0.9900544
786640,1.6700000000000017,98.33,3.1098696461824984,140.18892,0.9901136
786720,1.6599999999999966,98.34,3.0912476722532523,140.20216,0.9901728000000001
786800,1.6499999999999915,98.35000000000001,3.072625698324006,140.2154,0.990232
786880,1.6400000000000006,98.36,3.0540037243947866,140.22863999999998,0.9902912
786960,1.6299999999999955,98.37,3.0353817504655405,140.24188,0.9903504000000001
787040,1.6200000000000045,98.38,3.016759776536321,140.25512,0.9904096000000001
787120,1.6099999999999994,98.39,2.9981378026070753,140.26836,0.9904688000000001
787200,1.5999999999999943,98.4,2.979515828677829,140.2816,0.9905280000000001
787280,1.5900000000000034,98.41,2.9608938547486097,140.29484,0.9905872000000001
787360,1.5799999999999983,98.42,2.9422718808193635,140.30808,0.9906464
787440,1.5699999999999932,98.43,2.9236499068901174,140.32132000000001,0.9907056000000001
787520,1.5600000000000023,98.44,2.905027932960898,140.33456,0.9907648000000001
787600,1.5499999999999972,98.45,2.8864059590316518,140.3478,0.990824
787680,1.539999999999992,98.46000000000001,2.867783985102406,140.36103999999997,0.9908832
787760,1.5300000000000011,98.47,2.849162011173186,140.37427999999997,0.9909424000000001
787840,1.519999999999996,98.48,2.8305400372439404,140.38751999999997,0.9910016000000001
787920,1.509999999999991,98.49000000000001,2.8119180633146943,140.40076,0.9910608000000001
788000,1.5,98.5,2.793296089385475,140.414,0.9911200000000001
788080,1.4899999999999949,98.51,2.7746741154562287,140.42723999999998,0.9911792
788160,1.480000000000004,98.52,2.756052141527009,140.44047999999998,0.9912384000000001
788240,1.4699999999999989,98.53,2.737430167597763,140.45371999999998,0.9912976000000001
788320,1.4599999999999937,98.54,2.718808193668517,140.46695999999997,0.9913568
788400,1.4500000000000028,98.55,2.7001862197392974,140.4802,0.9914160000000001
788480,1.4399999999999977,98.56,2.6815642458100513,140.49344,0.9914752
788560,1.4299999999999926,98.57000000000001,2.6629422718808056,140.50668,0.9915344000000001
788640,1.4200000000000017,98.58,2.644320297951586,140.51991999999998,0.9915936000000001
788720,1.4099999999999966,98.59,2.62569832402234,140.53315999999998,0.9916528000000001
788800,1.3999999999999915,98.60000000000001,2.607076350093094,140.54639999999998,0.991712
788880,1.3900000000000006,98.61,2.5884543761638743,140.55964,0.9917712000000001
788960,1.3799999999999955,98.62,2.569832402234628,140.57288,0.9918304000000001
789040,1.3700000000000045,98.63,2.5512104283054087,140.58612,0.9918896
789120,1.3599999999999994,98.64,2.5325884543761625,140.59936,0.9919488000000001
789200,1.3499999999999943,98.65,2.513966480446917,140.6126,0.992008
789280,1.3400000000000034,98.66,2.495344506517697,140.62583999999998,0.9920672
789360,1.3299999999999983,98.67,2.476722532588451,140.63908,0.9921264000000001
789440,1.3199999999999932,98.68,2.458100558659205,140.65232,0.9921856000000001
789520,1.3100000000000023,98.69,2.4394785847299856,140.66556,0.9922448000000001
789600,1.2999999999999972,98.7,2.4208566108007394,140.6788,0.9923040000000001
789680,1.289999999999992,98.71000000000001,2.4022346368714933,140.69204,0.9923632
789760,1.2800000000000011,98.72,2.383612662942274,140.70528000000002,0.9924224
789840,1.269999999999996,98.73,2.3649906890130277,140.71852,0.9924816000000001
789920,1.259999999999991,98.74000000000001,2.346368715083782,140.73176,0.9925408
790000,1.25,98.75,2.327746741154562,140.745,0.9926
790080,1.2399999999999949,98.76,2.3091247672253163,140.75824,0.9926592
790160,1.230000000000004,98.77,2.290502793296097,140.77147999999997,0.9927184000000001
790240,1.2199999999999989,98.78,2.2718808193668507,140.78472,0.9927776000000001
790320,1.2099999999999937,98.79,2.2532588454376046,140.79796,0.9928368000000001
790400,1.2000000000000028,98.8,2.234636871508385,140.81119999999999,0.9928960000000001
790480,1.1899999999999977,98.81,2.216014897579139,140.82443999999998,0.9929552
790560,1.1799999999999926,98.82000000000001,2.197392923649893,140.83767999999998,0.9930144000000001
790640,1.1700000000000017,98.83,2.1787709497206733,140.85091999999997,0.9930736000000001
790720,1.1599999999999966,98.84,2.1601489757914276,140.86415999999997,0.9931328
790800,1.1499999999999915,98.85000000000001,2.1415270018621815,140.8774,0.993192
790880,1.1400000000000006,98.86,2.122905027932962,140.89064,0.9932512
790960,1.1299999999999955,98.87,2.104283054003716,140.90388,0.9933104000000001
791040,1.1200000000000045,98.88,2.0856610800744964,140.91711999999998,0.9933696000000002
791120,1.1099999999999994,98.89,2.06703910614525,140.93035999999998,0.9934288000000001
791200,1.0999999999999943,98.9,2.048417132216004,140.9436,0.993488
791280,1.0900000000000034,98.91,2.0297951582867846,140.95684,0.9935472000000001
791360,1.0799999999999983,98.92,2.0111731843575384,140.97008,0.9936064000000001
791440,1.0699999999999932,98.93,1.9925512104282925,140.98332,0.9936656
791520,1.0600000000000023,98.94,1.973929236499073,140.99656,0.9937248000000001
791600,1.0499999999999972,98.95,1.955307262569827,141.00979999999998,0.993784
791680,1.039999999999992,98.96000000000001,1.936685288640581,141.02303999999998,0.9938432
791760,1.0300000000000011,98.97,1.9180633147113615,141.03628,0.9939024000000002
791840,1.019999999999996,98.98,1.8994413407821154,141.04952,0.9939616000000001
791920,1.009999999999991,98.99000000000001,1.8808193668528694,141.06276,0.9940208
792000,1.0,99.0,1.8621973929236497,141.076,0.9940800000000001
792080,0.9899999999999949,99.01,1.8435754189944038,141.08924,0.9941392000000001
792160,0.980000000000004,99.02,1.8249534450651843,141.10248,0.9941984000000001
792240,0.9699999999999989,99.03,1.8063314711359382,141.11572,0.9942576000000001
792320,0.9599999999999937,99.04,1.7877094972066923,141.12896,0.9943168
792400,0.9500000000000028,99.05,1.7690875232774725,141.1422,0.994376
792480,0.9399999999999977,99.06,1.7504655493482266,141.15544,0.9944352000000001
792560,0.9299999999999926,99.07000000000001,1.7318435754189805,141.16868,0.9944944000000001
792640,0.9200000000000017,99.08,1.713221601489761,141.18192,0.9945536000000001
792720,0.9099999999999966,99.09,1.6945996275605149,141.19516,0.9946128000000001
792800,0.8999999999999915,99.10000000000001,1.675977653631269,141.20839999999998,0.9946720000000001
792880,0.8900000000000006,99.11,1.6573556797020494,141.22163999999998,0.9947312000000001
792960,0.8799999999999955,99.12,1.6387337057728033,141.23487999999998,0.9947904000000001
793040,0.8700000000000045,99.13,1.6201117318435838,141.24811999999997,0.9948496000000001
793120,0.8599999999999994,99.14,1.6014897579143377,141.26136,0.9949088
793200,0.8499999999999943,99.15,1.5828677839850918,141.2746,0.9949680000000001
793280,0.8400000000000034,99.16,1.5642458100558723,141.28784,0.9950272
793360,0.8299999999999983,99.17,1.5456238361266261,141.30107999999998,0.9950864
793440,0.8199999999999932,99.18,1.5270018621973802,141.31431999999998,0.9951456000000001
793520,0.8100000000000023,99.19,1.5083798882681605,141.32755999999998,0.9952048000000001
793600,0.7999999999999972,99.2,1.4897579143389146,141.3408,0.995264
793680,0.789999999999992,99.21000000000001,1.4711359404096684,141.35404,0.9953232000000001
793760,0.7800000000000011,99.22,1.452513966480449,141.36728,0.9953824000000001
793840,0.769999999999996,99.23,1.433891992551203,141.38052,0.9954416
793920,0.7599999999999909,99.24000000000001,1.415270018621957,141.39376,0.9955008000000001
794000,0.75,99.25,1.3966480446927374,141.40699999999998,0.99556
794080,0.7399999999999949,99.26,1.3780260707634913,141.42024,0.9956192
794160,0.730000000000004,99.27,1.3594040968342718,141.43348,0.9956784000000001
794240,0.7199999999999989,99.28,1.3407821229050256,141.44672,0.9957376000000001
794320,0.7099999999999937,99.29,1.3221601489757797,141.45996,0.9957968
794400,0.7000000000000028,99.3,1.3035381750465602,141.4732,0.9958560000000001
794480,0.6899999999999977,99.31,1.284916201117314,141.48644,0.9959152000000001
794560,0.6799999999999926,99.32000000000001,1.2662942271880682,141.49968,0.9959744
794640,0.6700000000000017,99.33,1.2476722532588485,141.51292,0.9960336000000001
794720,0.6599999999999966,99.34,1.2290502793296025,141.52616,0.9960928
794800,0.6499999999999915,99.35000000000001,1.2104283054003564,141.5394,0.996152
794880,0.6400000000000006,99.36,1.191806331471137,141.55264,0.9962112000000001
794960,0.6299999999999955,99.37,1.173184357541891,141.56588,0.9962704
795040,0.6200000000000045,99.38,1.1545623836126713,141.57912000000002,0.9963296000000001
795120,0.6099999999999994,99.39,1.1359404096834254,141.59235999999999,0.9963888000000001
795200,0.5999999999999943,99.4,1.1173184357541792,141.60559999999998,0.9964480000000001
795280,0.5900000000000034,99.41,1.0986964618249597,141.61883999999998,0.9965072000000001
795360,0.5799999999999983,99.42,1.0800744878957138,141.63207999999997,0.9965664000000001
795440,0.5699999999999932,99.43,1.0614525139664677,141.64531999999997,0.9966256
795520,0.5600000000000023,99.44,1.0428305400372482,141.65856,0.9966848
795600,0.5499999999999972,99.45,1.024208566108002,141.6718,0.9967440000000001
795680,0.539999999999992,99.46000000000001,1.0055865921787561,141.68504,0.9968032
795760,0.5300000000000011,99.47,0.9869646182495365,141.69827999999998,0.9968624
795840,0.519999999999996,99.48,0.9683426443202905,141.71151999999998,0.9969216000000001
795920,0.5099999999999909,99.49000000000001,0.9497206703910445,141.72475999999997,0.9969808000000001
796000,0.5,99.5,0.9310986964618249,141.738,0.9970400000000001
796080,0.4899999999999949,99.51,0.9124767225325788,141.75124,0.9970992000000001
796160,0.480000000000004,99.52,0.8938547486033593,141.76448,0.9971584000000001
796240,0.46999999999999886,99.53,0.8752327746741133,141.77772,0.9972176
796320,0.45999999999999375,99.54,0.8566108007448673,141.79095999999998,0.9972768000000001
796400,0.45000000000000284,99.55,0.8379888268156477,141.80419999999998,0.9973360000000001
796480,0.4399999999999977,99.56,0.8193668528864017,141.81744,0.9973952
796560,0.4299999999999926,99.57000000000001,0.8007448789571556,141.83068,0.9974544
796640,0.4200000000000017,99.58,0.7821229050279361,141.84392,0.9975136000000001
796720,0.4099999999999966,99.59,0.7635009310986901,141.85716,0.9975728000000001
796800,0.3999999999999915,99.60000000000001,0.7448789571694441,141.8704,0.9976320000000001
796880,0.39000000000000057,99.61,0.7262569832402245,141.88363999999999,0.9976912000000001
796960,0.37999999999999545,99.62,0.7076350093109784,141.89688,0.9977504
797040,0.37000000000000455,99.63,0.6890130353817588,141.91012,0.9978096000000001
797120,0.35999999999999943,99.64,0.6703910614525128,141.92336,0.9978688000000001
797200,0.3499999999999943,99.65,0.6517690875232668,141.9366,0.997928
797280,0.3400000000000034,99.66,0.6331471135940473,141.94984,0.9979872000000001
797360,0.3299999999999983,99.67,0.6145251396648013,141.96308,0.9980464
797440,0.3199999999999932,99.68,0.5959031657355552,141.97632000000002,0.9981056000000001
797520,0.3100000000000023,99.69,0.5772811918063356,141.98956,0.9981648000000001
797600,0.29999999999999716,99.7,0.5586592178770896,142.00279999999998,0.9982240000000001
797680,0.28999999999999204,99.71000000000001,0.5400372439478436,142.01603999999998,0.9982832
797760,0.28000000000000114,99.72,0.5214152700186241,142.02927999999997,0.9983424000000001
797840,0.269999999999996,99.73,0.5027932960893781,142.04251999999997,0.9984016000000001
797920,0.2599999999999909,99.74000000000001,0.48417132216013203,142.05576,0.9984608
798000,0.25,99.75,0.46554934823091243,142.069,0.9985200000000001
798080,0.23999999999999488,99.76,0.4469273743016664,142.08223999999998,0.9985792
798160,0.23000000000000398,99.77,0.42830540037244685,142.09547999999998,0.9986384
798240,0.21999999999999886,99.78,0.4096834264432008,142.10871999999998,0.9986976000000001
798320,0.20999999999999375,99.79,0.3910614525139548,142.12195999999997,0.9987568000000001
798400,0.20000000000000284,99.8,0.37243947858473525,142.1352,0.9988160000000001
798480,0.18999999999999773,99.81,0.3538175046554892,142.14844,0.9988752000000001
798560,0.1799999999999926,99.82000000000001,0.3351955307262432,142.16168,0.9989344000000001
798640,0.1700000000000017,99.83,0.31657355679702365,142.17492,0.9989936
798720,0.1599999999999966,99.84,0.2979515828677776,142.18815999999998,0.9990528000000001
798800,0.14999999999999147,99.85000000000001,0.2793296089385316,142.20139999999998,0.999112
798880,0.14000000000000057,99.86,0.26070763500931204,142.21464,0.9991712
798960,0.12999999999999545,99.87,0.24208566108006602,142.22788,0.9992304
799040,0.12000000000000455,99.88,0.22346368715084644,142.24112,0.9992896000000001
799120,0.10999999999999943,99.89,0.2048417132216004,142.25436,0.9993488000000001
799200,0.09999999999999432,99.9,0.18621973929235439,142.2676,0.9994080000000001
799280,0.09000000000000341,99.91,0.16759776536313484,142.28084,0.9994672000000001
799360,0.0799999999999983,99.92,0.1489757914338888,142.29408,0.9995264
799440,0.06999999999999318,99.93,0.13035381750464278,142.30732,0.9995856000000001
799520,0.060000000000002274,99.94,0.11173184357542322,142.32056,0.9996448000000001
799600,0.04999999999999716,99.95,0.09310986964617719,142.3338,0.999704
799680,0.03999999999999204,99.96000000000001,0.07448789571693117,142.34704,0.9997632
799760,0.030000000000001137,99.97,0.05586592178771161,142.36028,0.9998224
799840,0.01999999999999602,99.98,0.03724394785846558,142.37352,0.9998816000000001
799920,0.009999999999990905,99.99000000000001,0.018621973929219562,142.38676,0.9999408000000001
800000,0.0,100.0,0.0,142.4,1.0
